TRAMO_ID;INTERVALO_ID;N_ACCIDENTES;HUBO_ACCIDENTE;TIPO_VIA_DETALLE
IMD_39183;Madrid|A-1|12|14;14;1;Autovía
IMD_39184;Madrid|A-1|14|16.8;12;1;Autovía
IMD_39185;Madrid|A-1|16.8|19.2;11;1;Autovía
IMD_39186;Madrid|A-1|19.2|20.4;1;1;Autovía
IMD_39187;Madrid|A-1|20.4|22.7;3;1;Autovía
IMD_39188;Madrid|A-1|22.7|33.7;13;1;Autovía
IMD_39189;Madrid|A-1|33.7|40.2;18;1;Autovía
IMD_39190;Madrid|A-1|40.2|44.1;4;1;Autovía
IMD_39191;Madrid|A-1|44.1|46.3;1;1;Autovía
IMD_39192;Madrid|A-1|46.3|49.9;5;1;Autovía
IMD_39193;Madrid|A-1|49.9|57.1;7;1;Autovía
IMD_39194;Madrid|A-1|57.1|60.1;0;0;Autovía
IMD_39195;Madrid|A-1|60.1|66;0;0;Autovía
IMD_39196;Madrid|A-1|66|67.1;1;1;Autovía
IMD_39197;Madrid|A-1|67.1|68.7;1;1;Autovía
IMD_39198;Madrid|A-1|68.7|71.8;1;1;Autovía
IMD_39199;Madrid|A-1|71.8|73.5;1;1;Autovía
IMD_39200;Madrid|A-1|73.5|76.2;0;0;Autovía
IMD_39201;Madrid|A-1|76.2|79.1;3;1;Autovía
IMD_39202;Madrid|A-1|79.1|83.2;1;1;Autovía
IMD_39203;Madrid|A-1|83.2|85.4;0;0;Autovía
IMD_39204;Madrid|A-1|85.4|87.5;2;1;Autovía
IMD_39205;Madrid|A-1|87.5|90.5;3;1;Autovía
IMD_39206;Madrid|A-1|90.5|95.6;3;1;Autovía
IMD_39207;Segovia|A-1|95.6|98.4;0;0;Autovía
IMD_39208;Segovia|A-1|98.4|100.4;1;1;Autovía
IMD_39209;Segovia|A-1|100.4|103.7;2;1;Autovía
IMD_39210;Segovia|A-1|103.7|109.1;2;1;Autovía
IMD_39211;Segovia|A-1|109.1|115.4;2;1;Autovía
IMD_39212;Segovia|A-1|115.4|116.8;1;1;Autovía
IMD_39213;Segovia|A-1|116.8|120.6;1;1;Autovía
IMD_39214;Segovia|A-1|120.6|123.3;1;1;Autovía
IMD_39215;Segovia|A-1|123.3|130;1;1;Autovía
IMD_39216;Segovia|A-1|130|133.5;3;1;Autovía
IMD_39217;Segovia|A-1|133.5|136.8;1;1;Autovía
IMD_39218;Segovia|A-1|136.8|140;0;0;Autovía
IMD_39219;Segovia|A-1|140|140.82;0;0;Autovía
IMD_39220;Burgos|A-1|140.82|143.4;0;0;Autovía
IMD_39221;Burgos|A-1|143.4|146.3;0;0;Autovía
IMD_39222;Burgos|A-1|146.3|152;1;1;Autovía
IMD_39223;Burgos|A-1|152|153.5;0;0;Autovía
IMD_39224;Burgos|A-1|153.5|157.2;0;0;Autovía
IMD_39225;Burgos|A-1|157.2|158.5;0;0;Autovía
IMD_39226;Burgos|A-1|158.5|163.1;1;1;Autovía
IMD_39227;Burgos|A-1|163.1|167.7;2;1;Autovía
IMD_39228;Burgos|A-1|167.7|171;1;1;Autovía
IMD_39229;Burgos|A-1|171|176.1;3;1;Autovía
IMD_39230;Burgos|A-1|176.1|179.6;1;1;Autovía
IMD_39231;Burgos|A-1|179.6|185;0;0;Autovía
IMD_39232;Burgos|A-1|185|189.5;0;0;Autovía
IMD_39233;Burgos|A-1|189.5|196.2;1;1;Autovía
IMD_39234;Burgos|A-1|196.2|197.6;0;0;Autovía
IMD_39235;Burgos|A-1|197.6|199.2;0;0;Autovía
IMD_39236;Burgos|A-1|199.2|201;1;1;Autovía
IMD_39237;Burgos|A-1|201|202.3;0;0;Autovía
IMD_39238;Burgos|A-1|202.3|209.3;2;1;Autovía
IMD_39239;Burgos|A-1|209.3|213;2;1;Autovía
IMD_39240;Burgos|A-1|213|216.4;1;1;Autovía
IMD_39241;Burgos|A-1|216.4|220.9;0;0;Autovía
IMD_39242;Burgos|A-1|220.9|229.3;1;1;Autovía
IMD_39243;Burgos|A-1|229.3|232.4;1;1;Autovía
IMD_39244;Burgos|A-1|232.4|235;2;1;Autovía
IMD_39245;Burgos|A-1|235|238.2;4;1;Autovía
IMD_39246;Burgos|A-1|238.2|242.5;1;1;Autovía
IMD_39247;Burgos|A-1|242.5|244.5;0;0;Autovía
IMD_39248;Burgos|A-1|244.5|246.5;1;1;Autovía
IMD_39249;Burgos|A-1|246.5|247.3;1;1;Autovía
IMD_39250;Burgos|A-1|247.3|251.7;0;0;Autovía
IMD_39251;Burgos|A-1|251.7|252.8;1;1;Autovía
IMD_39252;Burgos|A-1|329.4|333.5;1;1;Autovía
IMD_39253;Burgos|A-1|333.5|336.7;0;0;Autovía
IMD_39254;Soria|A-11|21.218|26.278;0;0;Autovía
IMD_39255;Soria|A-11|26.278|36.6;0;0;Autovía
IMD_39256;Soria|A-11|36.6|45.3;0;0;Autovía
IMD_39257;Soria|A-11|45.3|53;0;0;Autovía
IMD_39258;Soria|A-11|53|60.6;1;1;Autovía
IMD_39259;Soria|A-11|60.6|64.8;0;0;Autovía
IMD_39260;Soria|A-11|64.8|71.6;1;1;Autovía
IMD_39261;Soria|A-11|71.6|79.3;0;0;Autovía
IMD_39262;Soria|A-11|79.3|83.85;0;0;Autovía
IMD_39263;Burgos|A-11|105.3|111.5;1;1;Autovía
IMD_39264;Burgos|A-11|111.5|112.4;0;0;Autovía
IMD_39265;Burgos|A-11|112.4|112.9;0;0;Autovía
IMD_39266;Burgos|A-11|112.9|119.3;0;0;Autovía
IMD_39267;Valladolid|A-11|343.45|344.2;0;0;Autovía
IMD_39268;Valladolid|A-11|344.2|347;0;0;Autovía
IMD_39269;Valladolid|A-11|347|354;2;1;Autovía
IMD_39270;Valladolid|A-11|354|358.38;0;0;Autovía
IMD_39271;Valladolid|A-11|393.9|395.6;0;0;Autovía
IMD_39272;Valladolid|A-11|395.6|410.2;2;1;Autovía
IMD_39273;Valladolid|A-11|410.2|412.1;0;0;Autovía
IMD_39274;Zamora|A-11|412.1|417.1;0;0;Autovía
IMD_39275;Zamora|A-11|417.1|424.4;0;0;Autovía
IMD_39276;Zamora|A-11|424.4|438;2;1;Autovía
IMD_39277;Zamora|A-11|438|447.7;1;1;Autovía
IMD_39278;Zamora|A-11|447.7|455.82;1;1;Autovía
IMD_39279;Zamora|A-11|461.91|462.7;0;0;Autovía
IMD_39280;Zamora|A-11|462.7|466.5;1;1;Autovía
IMD_39281;Zamora|A-11|466.5|467.3;0;0;Autovía
IMD_39282;Burgos|A-11R|0|1.49;0;0;Convencional
IMD_39283;La Rioja|A-12|78.167|78.9;0;0;Autovía
IMD_39284;La Rioja|A-12|93.535|96;0;0;Autovía
IMD_39285;La Rioja|A-12|96|98.6;0;0;Autovía
IMD_39286;La Rioja|A-12|98.6|101.8;0;0;Autovía
IMD_39287;La Rioja|A-12|101.8|107.9;2;1;Autovía
IMD_39288;La Rioja|A-12|107.9|110.3;2;1;Autovía
IMD_39289;La Rioja|A-12|110.3|113.8;1;1;Autovía
IMD_39290;La Rioja|A-12|113.8|117.5;2;1;Autovía
IMD_39291;La Rioja|A-12|117.5|119.9;0;0;Autovía
IMD_39292;La Rioja|A-12|119.9|124.8;0;0;Autovía
IMD_39293;La Rioja|A-12|124.8|126.8;0;0;Autovía
IMD_39294;La Rioja|A-12|126.8|130;0;0;Autovía
IMD_39295;La Rioja|A-12|130|131.888;1;1;Autovía
IMD_39296;La Rioja|A-13|0|2.5;8;1;Autovía
IMD_39297;La Rioja|A-13|2.5|4.4;2;1;Autovía
IMD_39298;La Rioja|A-13|4.4|5.21;0;0;Autovía
IMD_39299;Lleida|A-14|0|8;0;0;Autovía
IMD_39300;Lleida|A-14|8|16.3;0;0;Autovía
IMD_39301;Lleida|A-14R2|0|2.3;0;0;Convencional
IMD_39302;Soria|A-15|0|1.4;0;0;Autovía
IMD_39303;Soria|A-15|1.4|8.5;0;0;Autovía
IMD_39304;Soria|A-15|8.5|13.4;0;0;Autovía
IMD_39305;Soria|A-15|13.4|23.2;3;1;Autovía
IMD_39306;Soria|A-15|23.2|27.5;0;0;Autovía
IMD_39307;Soria|A-15|27.5|31.8;0;0;Autovía
IMD_39308;Soria|A-15|31.8|35.2;0;0;Autovía
IMD_39309;Soria|A-15|35.2|38.2;0;0;Autovía
IMD_39310;Soria|A-15|38.2|39.2;0;0;Autovía
IMD_39311;Soria|A-15|39.2|41.1;0;0;Autovía
IMD_39312;Soria|A-15|41.1|43.6;0;0;Autovía
IMD_39313;Soria|A-15|43.6|55.4;0;0;Autovía
IMD_39314;Soria|A-15|55.4|61.7;0;0;Autovía
IMD_39315;Soria|A-15|61.7|63.79;0;0;Autovía
IMD_39316;Soria|A-15|98.125|100.3;0;0;Autovía
IMD_39317;Soria|A-15|100.3|105.7;0;0;Autovía
IMD_39318;Soria|A-15|105.7|107.44;0;0;Autovía
IMD_39319;Madrid|A-1A|40|43.9;1;1;Multicarril
IMD_39320;Madrid|A-1A|43.9|47.2;1;1;Multicarril
IMD_39321;Madrid|A-2|5.9|10.1;7;1;Autovía
IMD_39322;Madrid|A-2|10.1|14.8;17;1;Autovía
IMD_39323;Madrid|A-2|14.8|16.8;8;1;Autovía
IMD_39324;Madrid|A-2|16.8|17.732;2;1;Autovía
IMD_39325;Madrid|A-2|17.732|20.1;11;1;Autovía
IMD_39326;Madrid|A-2|20.1|21.3;3;1;Autovía
IMD_39327;Madrid|A-2|21.3|23.4;7;1;Autovía
IMD_39328;Madrid|A-2|23.4|27.8;19;1;Autovía
IMD_39329;Madrid|A-2|27.8|31.3;10;1;Autovía
IMD_39330;Madrid|A-2|31.3|38.1;18;1;Autovía
IMD_39331;Madrid|A-2|38.1|38.76;3;1;Autovía
IMD_39332;Guadalajara|A-2|38.76|41.6;7;1;Autovía
IMD_39333;Guadalajara|A-2|41.6|44;9;1;Autovía
IMD_39334;Guadalajara|A-2|44|47.3;6;1;Autovía
IMD_39335;Guadalajara|A-2|47.3|50.5;15;1;Autovía
IMD_39336;Guadalajara|A-2|50.5|54.705;13;1;Autovía
IMD_39337;Guadalajara|A-2|54.705|58.1;3;1;Autovía
IMD_39338;Guadalajara|A-2|58.1|60.3;1;1;Autovía
IMD_39339;Guadalajara|A-2|60.3|73.2;13;1;Autovía
IMD_39340;Guadalajara|A-2|73.2|82.7;3;1;Autovía
IMD_39341;Guadalajara|A-2|82.7|94.4;2;1;Autovía
IMD_39342;Guadalajara|A-2|94.4|101.2;2;1;Autovía
IMD_39343;Guadalajara|A-2|101.2|103.2;0;0;Autovía
IMD_39344;Guadalajara|A-2|103.2|116.8;5;1;Autovía
IMD_39345;Guadalajara|A-2|116.8|118.5;0;0;Autovía
IMD_39346;Guadalajara|A-2|118.5|126;1;1;Autovía
IMD_39347;Guadalajara|A-2|126|131.6;0;0;Autovía
IMD_39348;Guadalajara|A-2|131.6|134.3;1;1;Autovía
IMD_39349;Guadalajara|A-2|134.3|139.4;1;1;Autovía
IMD_39350;Soria|A-2|139.4|141.1;0;0;Autovía
IMD_39351;Soria|A-2|141.1|145.2;0;0;Autovía
IMD_39352;Soria|A-2|145.2|149.9;0;0;Autovía
IMD_39353;Soria|A-2|149.9|153.9;0;0;Autovía
IMD_39354;Soria|A-2|153.9|169.5;1;1;Autovía
IMD_39355;Soria|A-2|169.5|173.3;0;0;Autovía
IMD_39356;Soria|A-2|173.3|176.1;0;0;Autovía
IMD_39357;Soria|A-2|176.1|178.4;0;0;Autovía
IMD_39358;Soria|A-2|178.4|180.97;0;0;Autovía
IMD_39359;Zaragoza|A-2|180.97|185.7;0;0;Autovía
IMD_39360;Zaragoza|A-2|185.7|192.3;0;0;Autovía
IMD_39361;Zaragoza|A-2|192.3|200;1;1;Autovía
IMD_39362;Zaragoza|A-2|200|203;1;1;Autovía
IMD_39363;Zaragoza|A-2|203|203.9;0;0;Autovía
IMD_39364;Zaragoza|A-2|203.9|210.6;1;1;Autovía
IMD_39365;Zaragoza|A-2|210.6|217.5;1;1;Autovía
IMD_39366;Zaragoza|A-2|217.5|226.3;2;1;Autovía
IMD_39367;Zaragoza|A-2|226.3|230.2;1;1;Autovía
IMD_39368;Zaragoza|A-2|230.2|232.6;0;0;Autovía
IMD_39369;Zaragoza|A-2|232.6|236.6;0;0;Autovía
IMD_39370;Zaragoza|A-2|236.6|242.378;2;1;Autovía
IMD_39371;Zaragoza|A-2|242.378|243.6;0;0;Autovía
IMD_39372;Zaragoza|A-2|243.6|254;2;1;Autovía
IMD_39373;Zaragoza|A-2|254|260;1;1;Autovía
IMD_39374;Zaragoza|A-2|260|261;0;0;Autovía
IMD_39375;Zaragoza|A-2|261|268.8;3;1;Autovía
IMD_39376;Zaragoza|A-2|268.8|270.5;1;1;Autovía
IMD_39377;Zaragoza|A-2|270.5|276.5;2;1;Autovía
IMD_39378;Zaragoza|A-2|276.5|287.7;4;1;Autovía
IMD_39379;Zaragoza|A-2|287.7|297.411;5;1;Autovía
IMD_39380;Zaragoza|A-2|297.411|299.314;1;1;Autovía
IMD_39381;Zaragoza|A-2|299.314|308.165;7;1;Autovía
IMD_39382;Zaragoza|A-2|308.165|310.1;2;1;Autovía
IMD_39383;Zaragoza|A-2|310.1|311.4;4;1;Autovía
IMD_39384;Zaragoza|A-2|311.4|312;1;1;Autovía
IMD_39385;Zaragoza|A-2|312|314.9;9;1;Autovía
IMD_39386;Zaragoza|A-2|314.9|316.675;0;0;Autovía
IMD_39387;Zaragoza|A-2|316.675|317.8;2;1;Autovía
IMD_39388;Zaragoza|A-2|317.8|321.8;17;1;Autovía
IMD_39389;Zaragoza|A-2|321.8|322.5;2;1;Autovía
IMD_39390;Zaragoza|A-2|322.5|325;8;1;Autovía
IMD_39391;Zaragoza|A-2|325|327;6;1;Autovía
IMD_39392;Zaragoza|A-2|327|330.4;2;1;Autovía
IMD_39393;Zaragoza|A-2|330.4|339.3;7;1;Autovía
IMD_39394;Zaragoza|A-2|339.3|340;0;0;Autovía
IMD_39395;Huesca|A-2|431.01|432.7;0;0;Autovía
IMD_39396;Huesca|A-2|432.7|436.2;0;0;Autovía
IMD_39397;Huesca|A-2|436.2|439.9;0;0;Autovía
IMD_39398;Huesca|A-2|439.9|441.1;1;1;Autovía
IMD_39399;Huesca|A-2|441.1|443.758;2;1;Autovía
IMD_39400;Lleida|A-2|443.758|445.7;1;1;Autovía
IMD_39401;Lleida|A-2|445.7|450.9;4;1;Autovía
IMD_39402;Lleida|A-2|450.9|458.7;5;1;Autovía
IMD_39403;Lleida|A-2|458.7|461.6;5;1;Autovía
IMD_39404;Lleida|A-2|461.6|463.4;3;1;Autovía
IMD_39405;Lleida|A-2|463.4|465.6;0;0;Autovía
IMD_39406;Lleida|A-2|465.6|467.5;1;1;Autovía
IMD_39407;Lleida|A-2|467.5|470.6;3;1;Autovía
IMD_39408;Lleida|A-2|470.6|477.2;5;1;Autovía
IMD_39409;Lleida|A-2|477.2|484.2;10;1;Autovía
IMD_39410;Lleida|A-2|484.2|492.4;12;1;Autovía
IMD_39411;Lleida|A-2|492.4|494.8;2;1;Autovía
IMD_39412;Lleida|A-2|494.8|501.6;7;1;Autovía
IMD_39413;Lleida|A-2|501.6|503.5;4;1;Autovía
IMD_39414;Lleida|A-2|503.5|506.9;6;1;Autovía
IMD_39415;Lleida|A-2|506.9|509.5;3;1;Autovía
IMD_39416;Lleida|A-2|509.5|513.6;3;1;Autovía
IMD_39417;Lleida|A-2|513.6|516.7;3;1;Autovía
IMD_39418;Lleida|A-2|516.7|518.6;3;1;Autovía
IMD_39419;Lleida|A-2|518.6|519.5;0;0;Autovía
IMD_39420;Lleida|A-2|519.5|524.5;5;1;Autovía
IMD_39421;Lleida|A-2|524.5|526.5;1;1;Autovía
IMD_39422;Lleida|A-2|526.5|530.722;3;1;Autovía
IMD_39423;Barcelona|A-2|530.722|531.6;0;0;Autovía
IMD_39424;Barcelona|A-2|531.6|532.5;0;0;Autovía
IMD_39425;Barcelona|A-2|532.5|537.6;2;1;Autovía
IMD_39426;Barcelona|A-2|537.6|545.7;1;1;Autovía
IMD_39427;Barcelona|A-2|545.7|549.5;5;1;Autovía
IMD_39428;Barcelona|A-2|549.5|553.7;3;1;Autovía
IMD_39429;Barcelona|A-2|553.7|555.2;2;1;Autovía
IMD_39430;Barcelona|A-2|555.2|556.6;0;0;Autovía
IMD_39431;Barcelona|A-2|556.6|563.8;10;1;Autovía
IMD_39432;Barcelona|A-2|563.8|568.3;7;1;Autovía
IMD_39433;Barcelona|A-2|568.3|571.4;10;1;Autovía
IMD_39434;Barcelona|A-2|571.4|575.5;12;1;Autovía
IMD_39435;Barcelona|A-2|575.5|576.2;2;1;Autovía
IMD_39436;Barcelona|A-2|576.2|579.7;3;1;Autovía
IMD_39437;Barcelona|A-2|579.7|581.2;6;1;Autovía
IMD_39438;Barcelona|A-2|581.2|582.2;9;1;Autovía
IMD_39439;Barcelona|A-2|582.2|584.4;16;1;Autovía
IMD_39440;Barcelona|A-2|584.4|587;14;1;Autovía
IMD_39441;Barcelona|A-2|587|592.2;22;1;Autovía
IMD_39442;Barcelona|A-2|592.2|593.8;5;1;Autovía
IMD_39443;Barcelona|A-2|593.8|595.7;15;1;Autovía
IMD_39444;Barcelona|A-2|595.7|598.7;8;1;Autovía
IMD_39445;Barcelona|A-2|598.7|601.8;15;1;Autovía
IMD_39446;Barcelona|A-2|601.8|604;25;1;Autovía
IMD_39447;Barcelona|A-2|604|607.2;73;1;Autovía
IMD_39448;Barcelona|A-2|607.2|609.1;50;1;Autovía
IMD_39449;Barcelona|A-2|609.1|610.69;30;1;Autovía
IMD_39450;Girona|A-2|692.208|694.4;1;1;Autovía
IMD_39451;Girona|A-2|694.4|697.8;0;0;Autovía
IMD_39452;Girona|A-2|697.8|700.2;2;1;Autovía
IMD_39453;Girona|A-2|700.2|702.6;1;1;Autovía
IMD_39454;Girona|A-2|702.6|704.4;2;1;Autovía
IMD_39455;Girona|A-2|704.4|707.269;6;1;Autovía
IMD_39456;Girona|A-2|707.269|709.23;3;1;Autovía
IMD_39457;Girona|A-2|729.2|731.9;0;0;Multicarril
IMD_39458;Girona|A-2|731.9|734;0;0;Multicarril
IMD_39459;Zaragoza|A-21|51.809|55.6;0;0;Autovía
IMD_39460;Zaragoza|A-21|62.68|65.7;0;0;Autovía
IMD_39461;Zaragoza|A-21|65.7|72.679;1;1;Autovía
IMD_39462;Huesca|A-21|85.8|92.3;1;1;Autovía
IMD_39463;Huesca|A-21|92.3|96.335;0;0;Autovía
IMD_39464;Huesca|A-21|96.335|101;0;0;Autovía
IMD_39465;Lleida|A-22|0|2.8;4;1;Autovía
IMD_39466;Lleida|A-22|2.8|12.1;1;1;Autovía
IMD_39467;Lleida|A-22|12.1|16.4;0;0;Autovía
IMD_39468;Lleida|A-22|16.4|19.173;0;0;Autovía
IMD_39469;Huesca|A-22|19.173|21.3;0;0;Autovía
IMD_39470;Huesca|A-22|21.3|26.8;1;1;Autovía
IMD_39471;Huesca|A-22|26.8|32.9;2;1;Autovía
IMD_39472;Huesca|A-22|32.9|39.5;1;1;Autovía
IMD_39473;Huesca|A-22|39.5|43.7;1;1;Autovía
IMD_39474;Huesca|A-22|43.7|47.8;0;0;Autovía
IMD_39475;Huesca|A-22|47.8|51.2;1;1;Autovía
IMD_39476;Huesca|A-22|51.2|57;2;1;Autovía
IMD_39477;Huesca|A-22|57|62.2;0;0;Autovía
IMD_39478;Huesca|A-22|62.2|73;1;1;Autovía
IMD_39479;Huesca|A-22|73|77;0;0;Autovía
IMD_39480;Huesca|A-22|77|81.4;0;0;Autovía
IMD_39481;Huesca|A-22|81.4|88.8;2;1;Autovía
IMD_39482;Huesca|A-22|88.8|93.6;1;1;Autovía
IMD_39483;Huesca|A-22|93.6|94.267;0;0;Autovía
IMD_39484;Lleida|A-22R1|0|0.73;0;0;Convencional
IMD_39485;Lleida|A-22R2|0|0.825;0;0;Convencional
IMD_39486;Valencia|A-23|0.2|1.6;1;1;Autovía
IMD_39487;Valencia|A-23|1.6|2.6;0;0;Autovía
IMD_39488;Valencia|A-23|2.6|7.3;1;1;Autovía
IMD_39489;Valencia|A-23|7.3|13.9;5;1;Autovía
IMD_39490;Valencia|A-23|13.9|16.95;0;0;Autovía
IMD_39491;Castellón|A-23|16.95|18.2;1;1;Autovía
IMD_39492;Castellón|A-23|18.2|21.4;0;0;Autovía
IMD_39493;Castellón|A-23|21.4|27.2;2;1;Autovía
IMD_39494;Castellón|A-23|27.2|30.6;0;0;Autovía
IMD_39495;Castellón|A-23|30.6|32.8;0;0;Autovía
IMD_39496;Castellón|A-23|32.8|36.8;2;1;Autovía
IMD_39497;Castellón|A-23|36.8|41.2;0;0;Autovía
IMD_39498;Castellón|A-23|41.2|46.6;1;1;Autovía
IMD_39499;Castellón|A-23|46.6|57.3;2;1;Autovía
IMD_39500;Castellón|A-23|57.3|62.48;0;0;Autovía
IMD_39501;Teruel|A-23|62.48|62.7;0;0;Autovía
IMD_39502;Teruel|A-23|62.7|70.1;0;0;Autovía
IMD_39503;Teruel|A-23|70.1|71.5;1;1;Autovía
IMD_39504;Teruel|A-23|71.5|75.1;0;0;Autovía
IMD_39505;Teruel|A-23|75.1|77.4;0;0;Autovía
IMD_39506;Teruel|A-23|77.4|89.3;0;0;Autovía
IMD_39507;Teruel|A-23|89.3|92.2;0;0;Autovía
IMD_39508;Teruel|A-23|92.2|100;1;1;Autovía
IMD_39509;Teruel|A-23|100|104.8;1;1;Autovía
IMD_39510;Teruel|A-23|104.8|115.2;3;1;Autovía
IMD_39511;Teruel|A-23|115.2|116.8;0;0;Autovía
IMD_39512;Teruel|A-23|116.8|131.2;1;1;Autovía
IMD_39513;Teruel|A-23|131.2|136.7;1;1;Autovía
IMD_39514;Teruel|A-23|136.7|144;1;1;Autovía
IMD_39515;Teruel|A-23|144|150.5;2;1;Autovía
IMD_39516;Teruel|A-23|150.5|159.8;2;1;Autovía
IMD_39517;Teruel|A-23|159.8|165.2;0;0;Autovía
IMD_39518;Teruel|A-23|165.2|175.8;3;1;Autovía
IMD_39519;Teruel|A-23|175.8|185.2;2;1;Autovía
IMD_39520;Teruel|A-23|185.2|201.6;3;1;Autovía
IMD_39521;Teruel|A-23|201.6|202.6;1;1;Autovía
IMD_39522;Zaragoza|A-23|202.6|206;0;0;Autovía
IMD_39523;Zaragoza|A-23|206|209.2;0;0;Autovía
IMD_39524;Zaragoza|A-23|209.2|215;1;1;Autovía
IMD_39525;Zaragoza|A-23|215|231.7;8;1;Autovía
IMD_39526;Zaragoza|A-23|231.7|240.4;0;0;Autovía
IMD_39527;Zaragoza|A-23|240.4|245.2;1;1;Autovía
IMD_39528;Zaragoza|A-23|245.2|254.6;5;1;Autovía
IMD_39529;Zaragoza|A-23|254.6|262.2;5;1;Autovía
IMD_39530;Zaragoza|A-23|262.2|268.5;2;1;Autovía
IMD_39531;Zaragoza|A-23|268.5|274;1;1;Autovía
IMD_39532;Zaragoza|A-23|274|276.3;3;1;Autovía
IMD_39533;Zaragoza|A-23|276.3|277.6;0;0;Autovía
IMD_39534;Zaragoza|A-23|291.3|295.794;1;1;Autovía
IMD_39535;Zaragoza|A-23|295.794|303.5;3;1;Autovía
IMD_39536;Zaragoza|A-23|303.5|313.3;7;1;Autovía
IMD_39537;Zaragoza|A-23|313.3|316.2;0;0;Autovía
IMD_39538;Zaragoza|A-23|316.2|317.2;0;0;Autovía
IMD_39539;Zaragoza|A-23|317.2|320.4;0;0;Autovía
IMD_39540;Zaragoza|A-23|320.4|326.92;1;1;Autovía
IMD_39541;Huesca|A-23|326.92|327.8;0;0;Autovía
IMD_39542;Huesca|A-23|327.8|332.2;0;0;Autovía
IMD_39543;Huesca|A-23|332.2|341.2;0;0;Autovía
IMD_39544;Huesca|A-23|341.2|351.5;2;1;Autovía
IMD_39545;Huesca|A-23|351.5|355.6;2;1;Autovía
IMD_39546;Huesca|A-23|355.6|356.9;0;0;Autovía
IMD_39547;Huesca|A-23|356.9|360.3;0;0;Autovía
IMD_39548;Huesca|A-23|360.3|361.7;1;1;Autovía
IMD_39549;Huesca|A-23|361.7|363.7;0;0;Autovía
IMD_39550;Huesca|A-23|363.7|368.1;0;0;Autovía
IMD_39551;Huesca|A-23|368.1|372;1;1;Autovía
IMD_39552;Huesca|A-23|372|374.4;0;0;Autovía
IMD_39553;Huesca|A-23|374.4|380.7;3;1;Autovía
IMD_39554;Huesca|A-23|380.7|384;0;0;Autovía
IMD_39555;Huesca|A-23|384|387.35;2;1;Autovía
IMD_39556;Huesca|A-23|387.35|389.2;0;0;Autovía
IMD_39557;Huesca|A-23|389.2|394.7;2;1;Autovía
IMD_39558;Huesca|A-23|403.293|405.9;0;0;Autovía
IMD_39559;Huesca|A-23|405.9|406.45;0;0;Autovía
IMD_39560;Huesca|A-23|413.4|416;1;1;Autovía
IMD_39561;Huesca|A-23|416|423.5;1;1;Autovía
IMD_39562;Huesca|A-23|423.5|424.108;0;0;Autovía
IMD_39563;Girona|A-26|63.24|64;0;0;Convencional
IMD_39564;Girona|A-26|64|67.2;1;1;Autovía
IMD_39565;Girona|A-26|67.2|68.85;0;0;Autovía
IMD_39566;Girona|A-26|68.85|75.1;2;1;Autovía
IMD_39567;Girona|A-26|75.1|79.25;3;1;Autovía
IMD_39568;Girona|A-26|79.25|81.4;0;0;Autovía
IMD_39569;Girona|A-26|81.4|83.93;0;0;Autovía
IMD_39570;Tarragona|A-27|0|0.7;1;1;Autovía
IMD_39571;Tarragona|A-27|0.7|1.6;3;1;Autovía
IMD_39572;Tarragona|A-27|1.6|2.6;5;1;Autovía
IMD_39573;Tarragona|A-27|2.6|3.587;2;1;Autovía
IMD_39574;Tarragona|A-27|3.587|6.2;5;1;Autovía
IMD_39575;Tarragona|A-27|6.2|8.8;4;1;Autovía
IMD_39576;Tarragona|A-27|8.8|12.65;0;0;Autovía
IMD_39577;Tarragona|A-27|12.65|14.9;1;1;Autovía
IMD_39578;Tarragona|A-27|14.9|18.45;1;1;Autovía
IMD_39579;Tarragona|A-27|18.45|20.5;3;1;Autovía
IMD_39580;Tarragona|A-27|20.5|23.191;2;1;Autovía
IMD_39581;Tarragona|A-27|23.191|30.1;3;1;Autovía
IMD_39582;Madrid|A-3|3.8|5.8;0;0;Autovía
IMD_39583;Madrid|A-3|5.8|7.182;3;1;Autovía
IMD_39584;Madrid|A-3|7.182|9.7;12;1;Autovía
IMD_39585;Madrid|A-3|9.7|13.3;16;1;Autovía
IMD_39586;Madrid|A-3|13.3|17.137;22;1;Autovía
IMD_39587;Madrid|A-3|17.137|20.4;16;1;Autovía
IMD_39588;Madrid|A-3|20.4|22.3;12;1;Autovía
IMD_39589;Madrid|A-3|22.3|28.5;17;1;Autovía
IMD_39590;Madrid|A-3|28.5|32.9;5;1;Autovía
IMD_39591;Madrid|A-3|32.9|33.3;0;0;Autovía
IMD_39592;Madrid|A-3|33.3|35.3;1;1;Autovía
IMD_39593;Madrid|A-3|35.3|40.7;3;1;Autovía
IMD_39594;Madrid|A-3|40.7|48.2;17;1;Autovía
IMD_39595;Madrid|A-3|48.2|59.5;6;1;Autovía
IMD_39596;Madrid|A-3|59.5|62;5;1;Autovía
IMD_39597;Madrid|A-3|62|67.8;9;1;Autovía
IMD_39598;Madrid|A-3|67.8|70.7;1;1;Autovía
IMD_39599;Cuenca|A-3|70.7|78.9;2;1;Autovía
IMD_39600;Cuenca|A-3|78.9|80.3;1;1;Autovía
IMD_39601;Cuenca|A-3|80.3|84.5;2;1;Autovía
IMD_39602;Cuenca|A-3|84.5|90.6;0;0;Autovía
IMD_39603;Cuenca|A-3|90.6|103.7;2;1;Autovía
IMD_39604;Cuenca|A-3|103.7|114.6;3;1;Autovía
IMD_39605;Cuenca|A-3|114.6|124;3;1;Autovía
IMD_39606;Cuenca|A-3|124|130.4;0;0;Autovía
IMD_39607;Cuenca|A-3|130.4|140.8;0;0;Autovía
IMD_39608;Cuenca|A-3|140.8|153.7;2;1;Autovía
IMD_39609;Cuenca|A-3|153.7|156.3;0;0;Autovía
IMD_39610;Cuenca|A-3|156.3|165.4;4;1;Autovía
IMD_39611;Cuenca|A-3|165.4|167.4;0;0;Autovía
IMD_39612;Cuenca|A-3|167.4|175.3;1;1;Autovía
IMD_39613;Cuenca|A-3|175.3|177.2;0;0;Autovía
IMD_39614;Cuenca|A-3|177.2|185.8;1;1;Autovía
IMD_39615;Cuenca|A-3|185.8|205.8;5;1;Autovía
IMD_39616;Cuenca|A-3|205.8|211.2;1;1;Autovía
IMD_39617;Cuenca|A-3|211.2|224.3;2;1;Autovía
IMD_39618;Cuenca|A-3|224.3|231.2;0;0;Autovía
IMD_39619;Cuenca|A-3|231.2|237.1;4;1;Autovía
IMD_39620;Cuenca|A-3|237.1|242.2;4;1;Autovía
IMD_39621;Cuenca|A-3|242.2|247.195;3;1;Autovía
IMD_39622;Valencia|A-3|247.195|261.1;8;1;Autovía
IMD_39623;Valencia|A-3|261.1|265.8;1;1;Autovía
IMD_39624;Valencia|A-3|265.8|269.3;0;0;Autovía
IMD_39625;Valencia|A-3|269.3|274.1;3;1;Autovía
IMD_39626;Valencia|A-3|274.1|277.2;2;1;Autovía
IMD_39627;Valencia|A-3|277.2|280.4;2;1;Autovía
IMD_39628;Valencia|A-3|280.4|284.7;4;1;Autovía
IMD_39629;Valencia|A-3|284.7|288.2;3;1;Autovía
IMD_39630;Valencia|A-3|288.2|296;3;1;Autovía
IMD_39631;Valencia|A-3|296|301.2;8;1;Autovía
IMD_39632;Valencia|A-3|301.2|305.8;1;1;Autovía
IMD_39633;Valencia|A-3|305.8|311.6;7;1;Autovía
IMD_39634;Valencia|A-3|311.6|318.5;1;1;Autovía
IMD_39635;Valencia|A-3|318.5|322.7;3;1;Autovía
IMD_39636;Valencia|A-3|322.7|327.1;6;1;Autovía
IMD_39637;Valencia|A-3|327.1|331.6;5;1;Autovía
IMD_39638;Valencia|A-3|331.6|333.618;2;1;Autovía
IMD_39639;Valencia|A-3|333.618|336.1;6;1;Autovía
IMD_39640;Valencia|A-3|336.1|338.2;9;1;Autovía
IMD_39641;Valencia|A-3|338.2|339.6;1;1;Autovía
IMD_39642;Valencia|A-3|339.6|345.5;16;1;Autovía
IMD_39643;Valencia|A-3|345.5|348.1;6;1;Autovía
IMD_39644;Valencia|A-3|348.1|352.05;11;1;Autovía
IMD_39645;Albacete|A-30|0.28|4;2;1;Autovía
IMD_39646;Albacete|A-30|4|12;1;1;Autovía
IMD_39647;Albacete|A-30|12|16.3;1;1;Autovía
IMD_39648;Albacete|A-30|16.3|21.3;1;1;Autovía
IMD_39649;Albacete|A-30|21.3|23.2;0;0;Autovía
IMD_39650;Albacete|A-30|23.2|28.2;2;1;Autovía
IMD_39651;Albacete|A-30|28.2|32.1;1;1;Autovía
IMD_39652;Albacete|A-30|32.1|36.9;0;0;Autovía
IMD_39653;Albacete|A-30|36.9|44;3;1;Autovía
IMD_39654;Albacete|A-30|44|47.8;0;0;Autovía
IMD_39655;Albacete|A-30|47.8|51.5;0;0;Autovía
IMD_39656;Albacete|A-30|51.5|56.1;3;1;Autovía
IMD_39657;Albacete|A-30|56.1|62.6;2;1;Autovía
IMD_39658;Albacete|A-30|62.6|69;1;1;Autovía
IMD_39659;Albacete|A-30|69|74.8;0;0;Autovía
IMD_39660;Albacete|A-30|74.8|81.8;1;1;Autovía
IMD_39661;Albacete|A-30|81.8|84.13;0;0;Autovía
IMD_39662;Murcia|A-30|84.13|89;1;1;Autovía
IMD_39663;Murcia|A-30|89|99.4;3;1;Autovía
IMD_39664;Murcia|A-30|99.4|104.3;4;1;Autovía
IMD_39665;Murcia|A-30|104.3|106.8;0;0;Autovía
IMD_39666;Murcia|A-30|106.8|110;1;1;Autovía
IMD_39667;Murcia|A-30|110|115;3;1;Autovía
IMD_39668;Murcia|A-30|115|120.6;4;1;Autovía
IMD_39669;Murcia|A-30|120.6|124;2;1;Autovía
IMD_39670;Murcia|A-30|124|128.2;10;1;Autovía
IMD_39671;Murcia|A-30|128.2|134.6;20;1;Autovía
IMD_39672;Murcia|A-30|134.6|135.8;4;1;Autovía
IMD_39673;Murcia|A-30|135.8|137.5;8;1;Autovía
IMD_39674;Murcia|A-30|137.5|139.548;7;1;Autovía
IMD_39675;Murcia|A-30|139.548|142.39;10;1;Autovía
IMD_39676;Murcia|A-30|142.39|143;1;1;Autovía
IMD_39677;Murcia|A-30|143|143.5;3;1;Autovía
IMD_39678;Murcia|A-30|143.5|146;4;1;Autovía
IMD_39679;Murcia|A-30|146|149.6;8;1;Autovía
IMD_39680;Murcia|A-30|149.6|155;6;1;Autovía
IMD_39681;Murcia|A-30|155|157.1;0;0;Autovía
IMD_39682;Murcia|A-30|157.1|160.6;0;0;Autovía
IMD_39683;Murcia|A-30|160.6|163.2;3;1;Autovía
IMD_39684;Murcia|A-30|163.2|169.1;3;1;Autovía
IMD_39685;Murcia|A-30|169.1|171.6;3;1;Autovía
IMD_39686;Murcia|A-30|171.6|176;0;0;Autovía
IMD_39687;Murcia|A-30|176|179.6;0;0;Autovía
IMD_39688;Murcia|A-30|179.6|181.1;0;0;Autovía
IMD_39689;Murcia|A-30|181.1|184.5;0;0;Autovía
IMD_39690;Murcia|A-30|184.5|189.2;1;1;Autovía
IMD_39691;Murcia|A-30|189.2|190.8;2;1;Autovía
IMD_39692;Murcia|A-30|190.8|191.7;0;0;Autovía
IMD_39693;Murcia|A-30|191.7|193.26;0;0;Autovía
IMD_39694;Cuenca|A-31|0|0.75;0;0;Autovía
IMD_39695;Cuenca|A-31|0.75|12.7;1;1;Autovía
IMD_39696;Cuenca|A-31|12.7|18.8;0;0;Autovía
IMD_39697;Cuenca|A-31|18.8|29.8;2;1;Autovía
IMD_39698;Albacete|A-31|29.8|34.3;3;1;Autovía
IMD_39699;Albacete|A-31|34.3|37.7;2;1;Autovía
IMD_39700;Albacete|A-31|37.7|39.1;2;1;Autovía
IMD_39701;Albacete|A-31|39.1|39.9;0;0;Autovía
IMD_39702;Albacete|A-31|39.9|50.5;3;1;Autovía
IMD_39703;Albacete|A-31|50.5|55.1;1;1;Autovía
IMD_39704;Albacete|A-31|55.1|68.9;6;1;Autovía
IMD_39705;Albacete|A-31|68.9|73;6;1;Autovía
IMD_39706;Albacete|A-31|73|75.7;7;1;Autovía
IMD_39707;Albacete|A-31|75.7|79.9;4;1;Autovía
IMD_39708;Albacete|A-31|79.9|87.9;2;1;Autovía
IMD_39709;Albacete|A-31|87.9|91.2;1;1;Autovía
IMD_39710;Albacete|A-31|91.2|93;1;1;Autovía
IMD_39711;Albacete|A-31|93|110.9;5;1;Autovía
IMD_39712;Albacete|A-31|110.9|123.4;0;0;Autovía
IMD_39713;Albacete|A-31|123.4|125.89;1;1;Autovía
IMD_39714;Albacete|A-31|125.89|136.1;2;1;Autovía
IMD_39715;Albacete|A-31|136.1|145.1;2;1;Autovía
IMD_39716;Albacete|A-31|145.1|147.3;2;1;Autovía
IMD_39717;Albacete|A-31|147.3|155.3;1;1;Autovía
IMD_39718;Albacete|A-31|155.3|165.54;1;1;Autovía
IMD_39719;Albacete|A-31|165.54|167.3;0;0;Autovía
IMD_39720;Albacete|A-31|167.3|170.3;0;0;Autovía
IMD_39721;Alicante|A-31|170.3|172.8;0;0;Autovía
IMD_39722;Alicante|A-31|172.8|181.5;4;1;Autovía
IMD_39723;Alicante|A-31|181.5|184.977;3;1;Autovía
IMD_39724;Alicante|A-31|184.977|193.2;5;1;Autovía
IMD_39725;Alicante|A-31|193.2|194.3;1;1;Autovía
IMD_39726;Alicante|A-31|194.3|195.9;4;1;Autovía
IMD_39727;Alicante|A-31|195.9|200.4;3;1;Autovía
IMD_39728;Alicante|A-31|200.4|202.1;0;0;Autovía
IMD_39729;Alicante|A-31|202.1|206.9;10;1;Autovía
IMD_39730;Alicante|A-31|206.9|211.9;6;1;Autovía
IMD_39731;Alicante|A-31|211.9|215.3;2;1;Autovía
IMD_39732;Alicante|A-31|215.3|216.5;3;1;Autovía
IMD_39733;Alicante|A-31|216.5|217.9;5;1;Autovía
IMD_39734;Alicante|A-31|217.9|220.6;7;1;Autovía
IMD_39735;Alicante|A-31|220.6|223.3;5;1;Autovía
IMD_39736;Alicante|A-31|223.3|224.7;4;1;Autovía
IMD_39737;Alicante|A-31|224.7|225.2;1;1;Autovía
IMD_39738;Alicante|A-31|225.2|233.287;11;1;Autovía
IMD_39739;Alicante|A-31|233.287|235;1;1;Autovía
IMD_39740;Alicante|A-31|235|235.2;4;1;Autovía
IMD_39741;Alicante|A-31|235.2|237;7;1;Autovía
IMD_39742;Alicante|A-31|237|239.75;4;1;Autovía
IMD_39743;Jaén|A-32|0|5;0;0;Autovía
IMD_39744;Jaén|A-32|5|8.6;2;1;Autovía
IMD_39745;Jaén|A-32|8.6|12.7;0;0;Autovía
IMD_39746;Jaén|A-32|12.7|15.3;0;0;Autovía
IMD_39747;Jaén|A-32|15.3|21.8;0;0;Autovía
IMD_39748;Jaén|A-32|21.8|34;2;1;Autovía
IMD_39749;Jaén|A-32|34|35.7;2;1;Autovía
IMD_39750;Jaén|A-32|35.7|39;1;1;Autovía
IMD_39751;Jaén|A-32|39|42.5;0;0;Autovía
IMD_39752;Jaén|A-32|42.5|62.75;1;1;Autovía
IMD_39753;Jaén|A-32|62.75|66.75;0;0;Autovía
IMD_39754;Jaén|A-32|66.75|72;0;0;Autovía
IMD_39755;Jaén|A-32|72|75.85;0;0;Autovía
IMD_39756;Jaén|A-32|75.85|79.7;0;0;Autovía
IMD_39757;Albacete|A-32|217.426|223;3;1;Autovía
IMD_39758;Albacete|A-32|223|228.148;0;0;Autovía
IMD_39759;Murcia|A-33|0|5.4;3;1;Autovía
IMD_39760;Murcia|A-33|5.4|13.4;1;1;Autovía
IMD_39761;Murcia|A-33|13.4|18.6;1;1;Autovía
IMD_39762;Murcia|A-33|18.6|25.1;1;1;Autovía
IMD_39763;Murcia|A-33|25.1|30.9;1;1;Autovía
IMD_39764;Murcia|A-33|30.9|41.3;3;1;Autovía
IMD_39765;Murcia|A-33|41.3|54.83;2;1;Autovía
IMD_39766;Murcia|A-33|54.83|65.4;1;1;Autovía
IMD_39767;Albacete|A-33|65.4|70.5;1;1;Autovía
IMD_39768;Albacete|A-33|70.5|75;1;1;Autovía
IMD_39769;Albacete|A-33|75|77.5;0;0;Autovía
IMD_39770;Alicante|A-33|77.5|84.28;2;1;Autovía
IMD_39771;Valencia|A-33|84.28|85.3;0;0;Autovía
IMD_39772;Valencia|A-33|85.3|89.2;1;1;Autovía
IMD_39773;Valencia|A-33|89.2|92;0;0;Autovía
IMD_39774;Albacete|A-35|0|8.5;0;0;Autovía
IMD_39775;Valencia|A-35|8.5|11;3;1;Autovía
IMD_39776;Valencia|A-35|11|22.8;7;1;Autovía
IMD_39777;Valencia|A-35|22.8|32;5;1;Autovía
IMD_39778;Valencia|A-35|32|38.6;5;1;Autovía
IMD_39779;Valencia|A-35|38.6|40.009;1;1;Autovía
IMD_39780;Valencia|A-35|40.009|42.5;0;0;Autovía
IMD_39781;Valencia|A-35|42.5|44;0;0;Autovía
IMD_39782;Valencia|A-35|44|44.9;0;0;Autovía
IMD_39783;Valencia|A-38|0|9.7;2;1;Autovía
IMD_39784;Valencia|A-38|9.7|12.4;1;1;Autovía
IMD_39785;Valencia|A-38|12.4|15.1;0;0;Autovía
IMD_39786;Valencia|A-38|15.1|19.67;0;0;Autovía
IMD_39787;Valencia|A-38|19.67|23.485;0;0;Autovía
IMD_39788;Valencia|A-38|23.485|24;0;0;Autovía
IMD_39789;Valencia|A-38|35.4|38.4;0;0;Autovía
IMD_39790;Madrid|A-4|3.69|6.1;0;0;Autovía
IMD_39791;Madrid|A-4|6.1|8.8;10;1;Autovía
IMD_39792;Madrid|A-4|8.8|13.4;34;1;Autovía
IMD_39793;Madrid|A-4|13.4|16.3;11;1;Autovía
IMD_39794;Madrid|A-4|16.3|21.5;37;1;Autovía
IMD_39795;Madrid|A-4|21.5|29.2;47;1;Autovía
IMD_39796;Madrid|A-4|29.2|34;8;1;Autovía
IMD_39797;Toledo|A-4|34|36.2;6;1;Autovía
IMD_39798;Toledo|A-4|36.2|36.9;1;1;Autovía
IMD_39799;Toledo|A-4|36.9|44.5;8;1;Autovía
IMD_39800;Toledo|A-4|44.5|45.2;0;0;Autovía
IMD_39801;Madrid|A-4|45.2|47.1;1;1;Autovía
IMD_39802;Madrid|A-4|47.1|52;3;1;Autovía
IMD_39803;Toledo|A-4|52|52.2;1;1;Autovía
IMD_39804;Toledo|A-4|52.2|52.9;1;1;Autovía
IMD_39805;Toledo|A-4|52.9|61;11;1;Autovía
IMD_39806;Toledo|A-4|61|63.4;4;1;Autovía
IMD_39807;Toledo|A-4|63.4|65.7;1;1;Autovía
IMD_39808;Toledo|A-4|65.7|69.4;2;1;Autovía
IMD_39809;Toledo|A-4|69.4|81.5;2;1;Autovía
IMD_39810;Toledo|A-4|81.5|93.2;3;1;Autovía
IMD_39811;Toledo|A-4|93.2|97.6;2;1;Autovía
IMD_39812;Toledo|A-4|97.6|101.669;1;1;Autovía
IMD_39813;Toledo|A-4|101.669|115.1;6;1;Autovía
IMD_39814;Toledo|A-4|115.1|117.3;0;0;Autovía
IMD_39815;Toledo|A-4|117.3|119;0;0;Autovía
IMD_39816;Toledo|A-4|119|120.5;0;0;Autovía
IMD_39817;Toledo|A-4|120.5|127.488;3;1;Autovía
IMD_39818;Toledo|A-4|127.488|133.7;1;1;Autovía
IMD_39819;Ciudad Real|A-4|133.7|134.8;0;0;Autovía
IMD_39820;Ciudad Real|A-4|134.8|136.5;0;0;Autovía
IMD_39821;Ciudad Real|A-4|136.5|144.4;2;1;Autovía
IMD_39822;Ciudad Real|A-4|144.4|146.9;1;1;Autovía
IMD_39823;Ciudad Real|A-4|146.9|149.3;1;1;Autovía
IMD_39824;Ciudad Real|A-4|149.3|169.7;2;1;Autovía
IMD_39825;Ciudad Real|A-4|169.7|175.8;3;1;Autovía
IMD_39826;Ciudad Real|A-4|175.8|180.7;1;1;Autovía
IMD_39827;Ciudad Real|A-4|180.7|186.6;1;1;Autovía
IMD_39828;Ciudad Real|A-4|186.6|199.9;5;1;Autovía
IMD_39829;Ciudad Real|A-4|199.9|207.8;2;1;Autovía
IMD_39830;Ciudad Real|A-4|207.8|213.3;5;1;Autovía
IMD_39831;Ciudad Real|A-4|213.3|220.1;4;1;Autovía
IMD_39832;Ciudad Real|A-4|220.1|230.4;3;1;Autovía
IMD_39833;Ciudad Real|A-4|230.4|245.5;2;1;Autovía
IMD_39834;Jaén|A-4|245.5|250.7;0;0;Autovía
IMD_39835;Jaén|A-4|250.7|257.2;4;1;Autovía
IMD_39836;Jaén|A-4|257.2|257.6;0;0;Autovía
IMD_39837;Jaén|A-4|257.6|263.8;2;1;Autovía
IMD_39838;Jaén|A-4|263.8|266.4;0;0;Autovía
IMD_39839;Jaén|A-4|266.4|268.6;0;0;Autovía
IMD_39840;Jaén|A-4|268.6|270.1;2;1;Autovía
IMD_39841;Jaén|A-4|270.1|279.6;8;1;Autovía
IMD_39842;Jaén|A-4|279.6|282.7;1;1;Autovía
IMD_39843;Jaén|A-4|282.7|288.1;2;1;Autovía
IMD_39844;Jaén|A-4|288.1|291.5;2;1;Autovía
IMD_39845;Jaén|A-4|291.5|298.067;0;0;Autovía
IMD_39846;Jaén|A-4|298.067|309.2;5;1;Autovía
IMD_39847;Jaén|A-4|309.2|315.2;1;1;Autovía
IMD_39848;Jaén|A-4|315.2|320.7;2;1;Autovía
IMD_39849;Jaén|A-4|320.7|323.2;3;1;Autovía
IMD_39850;Jaén|A-4|323.2|328.8;4;1;Autovía
IMD_39851;Jaén|A-4|328.8|334.7;2;1;Autovía
IMD_39852;Jaén|A-4|334.7|345.6;4;1;Autovía
IMD_39853;Jaén|A-4|345.6|347.5;1;1;Autovía
IMD_39854;Córdoba|A-4|347.5|348.2;0;0;Autovía
IMD_39855;Córdoba|A-4|348.2|350.029;0;0;Autovía
IMD_39856;Córdoba|A-4|350.029|357.3;4;1;Autovía
IMD_39857;Córdoba|A-4|357.3|359.2;3;1;Autovía
IMD_39858;Córdoba|A-4|359.2|363.9;3;1;Autovía
IMD_39859;Córdoba|A-4|363.9|367.5;2;1;Autovía
IMD_39860;Córdoba|A-4|367.5|374.372;2;1;Autovía
IMD_39861;Córdoba|A-4|374.372|377.3;3;1;Autovía
IMD_39862;Córdoba|A-4|377.3|382.5;4;1;Autovía
IMD_39863;Córdoba|A-4|382.5|384.4;2;1;Autovía
IMD_39864;Córdoba|A-4|384.4|390.8;2;1;Autovía
IMD_39865;Córdoba|A-4|390.8|395.72;1;1;Autovía
IMD_39866;Córdoba|A-4|395.72|397.8;1;1;Autovía
IMD_39867;Córdoba|A-4|397.8|403.2;22;1;Autovía
IMD_39868;Córdoba|A-4|403.2|404.9;8;1;Autovía
IMD_39869;Córdoba|A-4|404.9|407.9;4;1;Autovía
IMD_39870;Córdoba|A-4|407.9|410.4;2;1;Autovía
IMD_39871;Córdoba|A-4|410.4|416.9;7;1;Autovía
IMD_39872;Córdoba|A-4|416.9|419.6;1;1;Autovía
IMD_39873;Córdoba|A-4|419.6|424.2;1;1;Autovía
IMD_39874;Córdoba|A-4|424.2|429.4;1;1;Autovía
IMD_39875;Córdoba|A-4|429.4|431.6;0;0;Autovía
IMD_39876;Córdoba|A-4|431.6|435.625;0;0;Autovía
IMD_39877;Sevilla|A-4|435.625|437.1;1;1;Autovía
IMD_39878;Sevilla|A-4|437.1|440.7;0;0;Autovía
IMD_39879;Sevilla|A-4|440.7|454.554;3;1;Autovía
IMD_39880;Sevilla|A-4|454.554|456.4;0;0;Autovía
IMD_39881;Sevilla|A-4|456.4|470.2;6;1;Autovía
IMD_39882;Sevilla|A-4|470.2|481.5;3;1;Autovía
IMD_39883;Sevilla|A-4|481.5|485.8;0;0;Autovía
IMD_39884;Sevilla|A-4|485.8|497.6;4;1;Autovía
IMD_39885;Sevilla|A-4|497.6|499.3;0;0;Autovía
IMD_39886;Sevilla|A-4|499.3|503.6;1;1;Autovía
IMD_39887;Sevilla|A-4|503.6|506.1;0;0;Autovía
IMD_39888;Sevilla|A-4|506.1|507.8;2;1;Autovía
IMD_39889;Sevilla|A-4|507.8|511.3;1;1;Autovía
IMD_39890;Sevilla|A-4|511.3|513.8;2;1;Autovía
IMD_39891;Sevilla|A-4|513.8|520.5;8;1;Autovía
IMD_39892;Sevilla|A-4|520.5|526;11;1;Autovía
IMD_39893;Sevilla|A-4|526|528.4;3;1;Autovía
IMD_39894;Sevilla|A-4|528.4|532.3;6;1;Autovía
IMD_39895;Sevilla|A-4|532.3|533.8;2;1;Autovía
IMD_39896;Sevilla|A-4|533.8|534.9;1;1;Autovía
IMD_39897;Sevilla|A-4|534.9|536.7;6;1;Autovía
IMD_39898;Sevilla|A-4|544.68|549.2;8;1;Autovía
IMD_39899;Sevilla|A-4|549.2|552.7;3;1;Autovía
IMD_39900;Sevilla|A-4|552.7|558.5;5;1;Autovía
IMD_39901;Sevilla|A-4|558.5|560.62;0;0;Autovía
IMD_39902;Sevilla|A-4|560.62|562.749;0;0;Autovía
IMD_39903;Sevilla|A-4|562.749|566.341;1;1;Autovía
IMD_39904;Sevilla|A-4|566.341|566.5;0;0;Autovía
IMD_39905;Cádiz|A-4|627.87|628.5;0;0;Autovía
IMD_39906;Cádiz|A-4|628.5|631.2;0;0;Autovía
IMD_39907;Cádiz|A-4|631.2|632.3;0;0;Autovía
IMD_39908;Cádiz|A-4|632.3|634.9;1;1;Autovía
IMD_39909;Cádiz|A-4|634.9|637.4;1;1;Autovía
IMD_39910;Cádiz|A-4|637.4|639.3;2;1;Autovía
IMD_39911;Cádiz|A-4|639.3|641.6;1;1;Autovía
IMD_39912;Cádiz|A-4|641.6|645;2;1;Autovía
IMD_39913;Cádiz|A-4|645|645.8;0;0;Autovía
IMD_39914;Cádiz|A-4|645.8|649.3;0;0;Autovía
IMD_39915;Cádiz|A-4|649.3|654.9;5;1;Autovía
IMD_39916;Cádiz|A-4|654.9|657.9;1;1;Autovía
IMD_39917;Cádiz|A-4|657.9|660.4;2;1;Autovía
IMD_39918;Cádiz|A-4|660.4|663.6;3;1;Autovía
IMD_39919;Cádiz|A-4|663.6|669.19;12;1;Autovía
IMD_39920;Toledo|A-40|89.24|93.9;2;1;Autovía
IMD_39921;Toledo|A-40|93.9|99.3;1;1;Autovía
IMD_39922;Toledo|A-40|99.3|101.2;0;0;Autovía
IMD_39923;Toledo|A-40|101.2|103.7;0;0;Autovía
IMD_39924;Toledo|A-40|103.7|108.2;0;0;Autovía
IMD_39925;Toledo|A-40|108.2|117.6;0;0;Autovía
IMD_39926;Toledo|A-40|117.6|119;0;0;Autovía
IMD_39927;Toledo|A-40|119|127.1;2;1;Autovía
IMD_39928;Toledo|A-40|127.1|130.2;1;1;Autovía
IMD_39929;Toledo|A-40|130.2|132.8;0;0;Autovía
IMD_39930;Toledo|A-40|132.8|137.99;0;0;Autopista libre de peaje para movimientos internos
IMD_39931;Toledo|A-40|137.99|141.07;0;0;Autopista libre de peaje para movimientos internos
IMD_39932;Toledo|A-40|180.055|182;0;0;Autovía
IMD_39933;Toledo|A-40|182|184;0;0;Autovía
IMD_39934;Toledo|A-40|184|186.2;0;0;Autovía
IMD_39935;Toledo|A-40|186.2|189.9;0;0;Autovía
IMD_39936;Toledo|A-40|189.9|194;0;0;Autovía
IMD_39937;Toledo|A-40|194|196;0;0;Autovía
IMD_39938;Toledo|A-40|196|201.6;0;0;Autovía
IMD_39939;Toledo|A-40|201.6|210.3;0;0;Autovía
IMD_39940;Toledo|A-40|210.3|213.2;0;0;Autovía
IMD_39941;Toledo|A-40|213.2|218.7;0;0;Autovía
IMD_39942;Toledo|A-40|218.7|220.7;0;0;Autovía
IMD_39943;Cuenca|A-40|220.7|223.3;0;0;Autovía
IMD_39944;Cuenca|A-40|223.3|228;1;1;Autovía
IMD_39945;Cuenca|A-40|230.2|234.9;0;0;Autovía
IMD_39946;Cuenca|A-40|234.9|240.9;1;1;Autovía
IMD_39947;Cuenca|A-40|240.9|244.2;0;0;Autovía
IMD_39948;Cuenca|A-40|244.2|254;0;0;Autovía
IMD_39949;Cuenca|A-40|254|256.5;0;0;Autovía
IMD_39950;Cuenca|A-40|256.5|259.7;0;0;Autovía
IMD_39951;Cuenca|A-40|259.7|262.7;0;0;Autovía
IMD_39952;Cuenca|A-40|262.7|270;1;1;Autovía
IMD_39953;Cuenca|A-40|270|276.3;1;1;Autovía
IMD_39954;Cuenca|A-40|276.3|280.8;1;1;Autovía
IMD_39955;Cuenca|A-40|280.8|286;0;0;Autovía
IMD_39956;Cuenca|A-40|286|293.2;2;1;Autovía
IMD_39957;Cuenca|A-40|293.2|300;2;1;Autovía
IMD_39958;Cuenca|A-40|300|305;0;0;Autovía
IMD_39959;Cuenca|A-40|305|308.7;1;1;Autovía
IMD_39960;Cuenca|A-40|308.7|309.86;0;0;Autovía
IMD_39961;Ciudad Real|A-41|159.7|163.4;0;0;Autovía
IMD_39962;Ciudad Real|A-41|163.4|166.7;1;1;Autovía
IMD_39963;Ciudad Real|A-41|166.7|171.9;0;0;Autovía
IMD_39964;Ciudad Real|A-41|171.9|177.3;2;1;Autovía
IMD_39965;Ciudad Real|A-41|177.3|180;1;1;Autovía
IMD_39966;Ciudad Real|A-41|180|189.1;2;1;Autovía
IMD_39967;Ciudad Real|A-41|189.1|194.4;1;1;Autovía
IMD_39968;Ciudad Real|A-41|194.4|196.8;0;0;Autovía
IMD_39969;Ciudad Real|A-41|196.8|196.86;0;0;Autovía
IMD_39970;Madrid|A-42|3.71|6;0;0;Autovía
IMD_39971;Madrid|A-42|6|6.4;1;1;Autovía
IMD_39972;Madrid|A-42|6.4|8.9;13;1;Autovía
IMD_39973;Madrid|A-42|8.9|9.8;3;1;Autovía
IMD_39974;Madrid|A-42|9.8|12.3;15;1;Autovía
IMD_39975;Madrid|A-42|12.3|14.4;8;1;Autovía
IMD_39976;Madrid|A-42|14.4|15.9;8;1;Autovía
IMD_39977;Madrid|A-42|15.9|17.1;9;1;Autovía
IMD_39978;Madrid|A-42|17.1|19.3;24;1;Autovía
IMD_39979;Madrid|A-42|19.3|23.2;11;1;Autovía
IMD_39980;Madrid|A-42|23.2|26.5;7;1;Autovía
IMD_39981;Madrid|A-42|26.5|30.53;12;1;Autovía
IMD_39982;Toledo|A-42|30.53|33.5;;;Autovía
IMD_39983;Toledo|A-42|33.5|35.1;;;Autovía
IMD_39984;Toledo|A-42|35.1|38.1;;;Autovía
IMD_39985;Toledo|A-42|38.1|40.6;;;Autovía
IMD_39986;Toledo|A-42|40.6|47.2;;;Autovía
IMD_39987;Toledo|A-42|47.2|48.3;;;Autovía
IMD_39988;Toledo|A-42|48.3|48.9;;;Autovía
IMD_39989;Toledo|A-42|48.9|50.8;;;Autovía
IMD_39990;Toledo|A-42|50.8|55.1;;;Autovía
IMD_39991;Toledo|A-42|55.1|57.6;;;Autovía
IMD_39992;Toledo|A-42|57.6|59.3;;;Autovía
IMD_39993;Toledo|A-42|59.3|64.6;;;Autovía
IMD_39994;Toledo|A-42|64.6|67.4;;;Autovía
IMD_39995;Toledo|A-42|67.4|68.9;;;Autovía
IMD_39996;Toledo|A-42|68.9|69.6;;;Autovía
IMD_39997;Toledo|A-42|69.6|72.4;;;Autovía
IMD_39998;Toledo|A-42|72.4|75.7;;;Autovía
IMD_39999;Toledo|A-42|75.7|77.47;;;Autovía
IMD_40000;Ciudad Real|A-43|0|4;0;0;Autopista libre
IMD_40001;Ciudad Real|A-43|4|9.1;1;1;Autopista libre
IMD_40002;Ciudad Real|A-43|9.1|14.6;0;0;Autopista libre
IMD_40003;Ciudad Real|A-43|14.6|15.7;0;0;Autopista libre
IMD_40004;Ciudad Real|A-43|15.7|25.7;5;1;Autopista libre
IMD_40005;Ciudad Real|A-43|25.7|29.5;3;1;Autopista libre
IMD_40006;Ciudad Real|A-43|29.5|32.1;0;0;Autopista libre
IMD_40007;Ciudad Real|A-43|32.1|47.6;1;1;Autopista libre
IMD_40008;Ciudad Real|A-43|47.6|50.3;0;0;Autopista libre
IMD_40009;Ciudad Real|A-43|50.3|54.3;0;0;Autopista libre
IMD_40010;Ciudad Real|A-43|54.3|64;1;1;Autopista libre
IMD_40011;Ciudad Real|A-43|64|80.9;2;1;Autopista libre
IMD_40012;Ciudad Real|A-43|80.9|85.6;3;1;Autopista libre
IMD_40013;Ciudad Real|A-43|85.6|90.9;0;0;Autopista libre
IMD_40014;Ciudad Real|A-43|90.9|94.7;0;0;Autopista libre
IMD_40015;Ciudad Real|A-43|94.7|106.905;1;1;Autopista libre
IMD_40016;Albacete|A-43|106.905|116.7;3;1;Autopista libre
IMD_40017;Albacete|A-43|116.7|125.3;1;1;Autopista libre
IMD_40018;Albacete|A-43|125.3|129.2;0;0;Autopista libre
IMD_40019;Albacete|A-43|129.2|132.8;0;0;Autopista libre
IMD_40020;Albacete|A-43|132.8|141.073;2;1;Autopista libre
IMD_40021;Cuenca|A-43|141.073|143.3;0;0;Autopista libre
IMD_40022;Cuenca|A-43|143.3|145.7;0;0;Autopista libre
IMD_40023;Cuenca|A-43|145.7|147;0;0;Autopista libre
IMD_40024;Cuenca|A-43|147|148.7;0;0;Autopista libre
IMD_40025;Cuenca|A-43|148.7|154.5;0;0;Autopista libre
IMD_40026;Cuenca|A-43|154.5|161.5;1;1;Autopista libre
IMD_40027;Cuenca|A-43|161.5|171.7;1;1;Autopista libre
IMD_40028;Cuenca|A-43|171.7|175.11;0;0;Autopista libre
IMD_40029;Jaén|A-44|0|2.4;2;1;Autovía
IMD_40030;Jaén|A-44|2.4|12.1;4;1;Autovía
IMD_40031;Jaén|A-44|12.1|16.4;3;1;Autovía
IMD_40032;Jaén|A-44|16.4|18.1;0;0;Autovía
IMD_40033;Jaén|A-44|18.1|26;1;1;Autovía
IMD_40034;Jaén|A-44|26|36.2;3;1;Autovía
IMD_40035;Jaén|A-44|36.2|39.8;1;1;Autovía
IMD_40036;Jaén|A-44|39.8|46.5;5;1;Autovía
IMD_40037;Jaén|A-44|46.5|50.5;0;0;Autovía
IMD_40038;Jaén|A-44|50.5|58.7;2;1;Autovía
IMD_40039;Jaén|A-44|58.7|77;8;1;Autovía
IMD_40040;Jaén|A-44|77|77.88;1;1;Autovía
IMD_40041;Granada|A-44|77.88|81.6;0;0;Autovía
IMD_40042;Granada|A-44|81.6|83.6;0;0;Autovía
IMD_40043;Granada|A-44|83.6|88.5;0;0;Autovía
IMD_40044;Granada|A-44|88.5|96.6;4;1;Autovía
IMD_40045;Granada|A-44|96.6|107.8;6;1;Autovía
IMD_40046;Granada|A-44|107.8|111.4;2;1;Autovía
IMD_40047;Granada|A-44|111.4|114.9;1;1;Autovía
IMD_40048;Granada|A-44|114.9|119.8;0;0;Autovía
IMD_40049;Granada|A-44|119.8|121.9;1;1;Autovía
IMD_40050;Granada|A-44|121.9|122.7;0;0;Autovía
IMD_40051;Granada|A-44|122.7|125.4;0;0;Autovía
IMD_40052;Granada|A-44|125.4|128.152;1;1;Autovía
IMD_40053;Granada|A-44|128.152|133.75;0;0;Autovía
IMD_40054;Granada|A-44|133.75|136.643;0;0;Autovía
IMD_40055;Granada|A-44|136.643|142.2;1;1;Autovía
IMD_40056;Granada|A-44|142.2|143.3;0;0;Autovía
IMD_40057;Granada|A-44|143.3|152.4;6;1;Autovía
IMD_40058;Granada|A-44|152.4|156.5;1;1;Autovía
IMD_40059;Granada|A-44|156.5|159.646;0;0;Autovía
IMD_40060;Granada|A-44|159.646|163.5;5;1;Autovía
IMD_40061;Granada|A-44|163.5|166.3;4;1;Autovía
IMD_40062;Granada|A-44|166.3|175.1;1;1;Autovía
IMD_40063;Granada|A-44|175.1|181.2;2;1;Autovía
IMD_40064;Granada|A-44|181.2|183.98;1;1;Autovía
IMD_40065;Córdoba|A-45|0|15.4;4;1;Autovía
IMD_40066;Córdoba|A-45|15.4|26.6;2;1;Autovía
IMD_40067;Córdoba|A-45|26.6|36.9;4;1;Autovía
IMD_40068;Córdoba|A-45|36.9|40;4;1;Autovía
IMD_40069;Córdoba|A-45|40|43.5;1;1;Autovía
IMD_40070;Córdoba|A-45|43.5|48.2;1;1;Autovía
IMD_40071;Córdoba|A-45|48.2|55.5;1;1;Autovía
IMD_40072;Córdoba|A-45|55.5|61.9;1;1;Autovía
IMD_40073;Córdoba|A-45|61.9|71.4;2;1;Autovía
IMD_40074;Córdoba|A-45|71.4|74.7;0;0;Autovía
IMD_40075;Córdoba|A-45|74.7|78.4;1;1;Autovía
IMD_40076;Córdoba|A-45|78.4|81.28;1;1;Autovía
IMD_40077;Málaga|A-45|81.28|86.2;0;0;Autovía
IMD_40078;Málaga|A-45|86.2|92.5;6;1;Autovía
IMD_40079;Málaga|A-45|92.5|98;1;1;Autovía
IMD_40080;Málaga|A-45|98|98.6;0;0;Autovía
IMD_40081;Málaga|A-45|98.6|101.6;0;0;Autovía
IMD_40082;Málaga|A-45|101.6|107;3;1;Autovía
IMD_40083;Málaga|A-45|107|114.2;3;1;Autovía
IMD_40084;Málaga|A-45|114.2|116.8;4;1;Autovía
IMD_40085;Málaga|A-45|116.8|122.2;2;1;Autovía
IMD_40086;Málaga|A-45|122.2|140.3;12;1;Autovía
IMD_40087;Málaga|A-45|140.3|142.13;3;1;Autovía
IMD_40088;Málaga|A-45|142.13|142.58;0;0;Autovía
IMD_40089;Cádiz|A-48|0|2.991;8;1;Autovía
IMD_40090;Cádiz|A-48|2.991|7.5;6;1;Autovía
IMD_40091;Cádiz|A-48|7.5|9.7;0;0;Autovía
IMD_40092;Cádiz|A-48|9.7|15.2;3;1;Autovía
IMD_40093;Cádiz|A-48|15.2|19.2;1;1;Autovía
IMD_40094;Cádiz|A-48|19.2|29.7;4;1;Autovía
IMD_40095;Cádiz|A-48|29.7|35.8;0;0;Autovía
IMD_40096;Cádiz|A-48|35.8|36.36;0;0;Autovía
IMD_40097;Sevilla|A-49|0|2.2;23;1;Autovía
IMD_40098;Sevilla|A-49|2.2|3.2;10;1;Autovía
IMD_40099;Sevilla|A-49|3.2|5.2;5;1;Autovía
IMD_40100;Sevilla|A-49|5.2|6.7;1;1;Autovía
IMD_40101;Sevilla|A-49|6.7|10.8;10;1;Autovía
IMD_40102;Sevilla|A-49|10.8|13.4;1;1;Autovía
IMD_40103;Sevilla|A-49|13.4|16.2;7;1;Autovía
IMD_40104;Sevilla|A-49|16.2|22.9;6;1;Autovía
IMD_40105;Sevilla|A-49|22.9|27.7;5;1;Autovía
IMD_40106;Sevilla|A-49|27.7|31.55;2;1;Autovía
IMD_40107;Huelva|A-49|31.55|33.5;2;1;Autovía
IMD_40108;Huelva|A-49|33.5|47.5;7;1;Autovía
IMD_40109;Huelva|A-49|47.5|49;1;1;Autovía
IMD_40110;Huelva|A-49|49|52.5;0;0;Autovía
IMD_40111;Huelva|A-49|52.5|59.8;3;1;Autovía
IMD_40112;Huelva|A-49|59.8|74.7;11;1;Autovía
IMD_40113;Huelva|A-49|74.7|77.7;4;1;Autovía
IMD_40114;Huelva|A-49|77.7|81;1;1;Autovía
IMD_40115;Huelva|A-49|81|87.1;1;1;Autovía
IMD_40116;Huelva|A-49|87.1|98.8;4;1;Autovía
IMD_40117;Huelva|A-49|98.8|105.7;2;1;Autovía
IMD_40118;Huelva|A-49|105.7|113;3;1;Autovía
IMD_40119;Huelva|A-49|113|116.8;1;1;Autovía
IMD_40120;Huelva|A-49|116.8|122;0;0;Autovía
IMD_40121;Huelva|A-49|122|125.2;0;0;Autovía
IMD_40122;Huelva|A-49|125.2|129.1;2;1;Autovía
IMD_40123;Huelva|A-49|129.1|131.2;0;0;Autovía
IMD_40124;Huelva|A-49|131.2|133;1;1;Autovía
IMD_40125;Ciudad Real|A-4A|213.6|214.6;1;1;Autovía
IMD_40126;Ciudad Real|A-4A|214.6|215.4;1;1;Autovía
IMD_40127;Córdoba|A-4R|0|1.475;0;0;Multicarril
IMD_40128;Cádiz|A-4R1|0|1.3;2;1;Convencional
IMD_40129;Cádiz|A-4R1|1.3|2.8;0;0;Convencional
IMD_40130;Córdoba|A-4R2|0|2.64;0;0;Autovía
IMD_40131;Madrid|A-5|10|11.5;4;1;Autovía
IMD_40132;Madrid|A-5|11.5|13.3;20;1;Autovía
IMD_40133;Madrid|A-5|13.3|14.1;6;1;Autovía
IMD_40134;Madrid|A-5|14.1|15.4;8;1;Autovía
IMD_40135;Madrid|A-5|15.4|18.5;24;1;Autovía
IMD_40136;Madrid|A-5|18.5|21.274;19;1;Autovía
IMD_40137;Madrid|A-5|21.274|24.4;20;1;Autovía
IMD_40138;Madrid|A-5|24.4|31.2;37;1;Autovía
IMD_40139;Madrid|A-5|31.2|32.5;8;1;Autovía
IMD_40140;Madrid|A-5|32.5|36.281;5;1;Autovía
IMD_40141;Madrid|A-5|36.281|36.672;0;0;Autovía
IMD_40142;Toledo|A-5|36.672|40;6;1;Autovía
IMD_40143;Toledo|A-5|40|43;3;1;Autovía
IMD_40144;Toledo|A-5|43|45.2;1;1;Autovía
IMD_40145;Toledo|A-5|45.2|47.4;2;1;Autovía
IMD_40146;Toledo|A-5|47.4|51.6;1;1;Autovía
IMD_40147;Toledo|A-5|51.6|57.5;7;1;Autovía
IMD_40148;Toledo|A-5|57.5|65.6;4;1;Autovía
IMD_40149;Toledo|A-5|65.6|73.6;0;0;Autovía
IMD_40150;Toledo|A-5|73.6|75.4;0;0;Autovía
IMD_40151;Toledo|A-5|75.4|78.3;0;0;Autovía
IMD_40152;Toledo|A-5|78.3|86.3;3;1;Autovía
IMD_40153;Toledo|A-5|86.3|87.5;2;1;Autovía
IMD_40154;Toledo|A-5|87.5|95.9;8;1;Autovía
IMD_40155;Toledo|A-5|95.9|101.2;2;1;Autovía
IMD_40156;Toledo|A-5|101.2|106;4;1;Autovía
IMD_40157;Toledo|A-5|106|111.6;2;1;Autovía
IMD_40158;Toledo|A-5|111.6|115.3;0;0;Autovía
IMD_40159;Toledo|A-5|115.3|118.1;2;1;Autovía
IMD_40160;Toledo|A-5|118.1|122.8;1;1;Autovía
IMD_40161;Toledo|A-5|122.8|123.7;0;0;Autovía
IMD_40162;Toledo|A-5|123.7|130;5;1;Autovía
IMD_40163;Toledo|A-5|130|142.1;4;1;Autovía
IMD_40164;Toledo|A-5|142.1|144.5;0;0;Autovía
IMD_40165;Toledo|A-5|144.5|147.7;3;1;Autovía
IMD_40166;Toledo|A-5|147.7|151.6;2;1;Autovía
IMD_40167;Toledo|A-5|151.6|154.1;0;0;Autovía
IMD_40168;Toledo|A-5|154.1|156.7;0;0;Autovía
IMD_40169;Toledo|A-5|156.7|162.7;5;1;Autovía
IMD_40170;Toledo|A-5|162.7|168.105;1;1;Autovía
IMD_40171;Cáceres|A-5|168.105|170.4;1;1;Autovía
IMD_40172;Cáceres|A-5|170.4|177.4;0;0;Autovía
IMD_40173;Cáceres|A-5|177.4|181.4;1;1;Autovía
IMD_40174;Cáceres|A-5|181.4|183.6;0;0;Autovía
IMD_40175;Cáceres|A-5|183.6|184.7;0;0;Autovía
IMD_40176;Cáceres|A-5|184.7|193.5;1;1;Autovía
IMD_40177;Cáceres|A-5|193.5|196.1;1;1;Autovía
IMD_40178;Cáceres|A-5|196.1|199.8;2;1;Autovía
IMD_40179;Cáceres|A-5|199.8|210.3;1;1;Autovía
IMD_40180;Cáceres|A-5|210.3|218.1;2;1;Autovía
IMD_40181;Cáceres|A-5|218.1|231.9;5;1;Autovía
IMD_40182;Cáceres|A-5|231.9|239.7;0;0;Autovía
IMD_40183;Cáceres|A-5|239.7|247.6;1;1;Autovía
IMD_40184;Cáceres|A-5|247.6|249.2;0;0;Autovía
IMD_40185;Cáceres|A-5|249.2|252.4;0;0;Autovía
IMD_40186;Cáceres|A-5|252.4|258.3;0;0;Autovía
IMD_40187;Cáceres|A-5|258.3|267.5;2;1;Autovía
IMD_40188;Cáceres|A-5|267.5|269.2;0;0;Autovía
IMD_40189;Cáceres|A-5|269.2|274.8;0;0;Autovía
IMD_40190;Cáceres|A-5|274.8|277.2;1;1;Autovía
IMD_40191;Cáceres|A-5|277.2|281.213;0;0;Autovía
IMD_40192;Cáceres|A-5|281.213|287.5;0;0;Autovía
IMD_40193;Cáceres|A-5|287.5|294.3;0;0;Autovía
IMD_40194;Cáceres|A-5|294.3|301.815;2;1;Autovía
IMD_40195;Badajoz|A-5|301.815|309.7;0;0;Autovía
IMD_40196;Badajoz|A-5|309.7|316.1;1;1;Autovía
IMD_40197;Badajoz|A-5|316.1|324.4;1;1;Autovía
IMD_40198;Badajoz|A-5|324.4|330.4;3;1;Autovía
IMD_40199;Badajoz|A-5|330.4|333.4;0;0;Autovía
IMD_40200;Badajoz|A-5|333.4|338.2;3;1;Autovía
IMD_40201;Badajoz|A-5|338.2|341;1;1;Autovía
IMD_40202;Badajoz|A-5|341|343.8;3;1;Autovía
IMD_40203;Badajoz|A-5|343.8|352.1;7;1;Autovía
IMD_40204;Badajoz|A-5|352.1|365.3;1;1;Autovía
IMD_40205;Badajoz|A-5|365.3|372.8;1;1;Autovía
IMD_40206;Badajoz|A-5|372.8|375.5;0;0;Autovía
IMD_40207;Badajoz|A-5|375.5|379.6;0;0;Autovía
IMD_40208;Badajoz|A-5|379.6|381;2;1;Autovía
IMD_40209;Badajoz|A-5|381|394.2;3;1;Autovía
IMD_40210;Badajoz|A-5|394.2|399.7;0;0;Autovía
IMD_40211;Badajoz|A-5|399.7|402.7;2;1;Autovía
IMD_40212;Badajoz|A-5|402.7|405.4;0;0;Autovía
IMD_40213;Badajoz|A-5|405.4|406.932;0;0;Autovía
IMD_40214;Badajoz|A-5|406.932|407.821;0;0;Autovía
IMD_40215;Ávila|A-50|0.84|4.2;1;1;Autovía
IMD_40216;Ávila|A-50|4.2|14.4;3;1;Autovía
IMD_40217;Ávila|A-50|14.4|23.9;1;1;Autovía
IMD_40218;Ávila|A-50|23.9|35.3;2;1;Autovía
IMD_40219;Ávila|A-50|35.3|46;1;1;Autovía
IMD_40220;Ávila|A-50|46|54.45;1;1;Autovía
IMD_40221;Salamanca|A-50|54.45|59.3;0;0;Autovía
IMD_40222;Salamanca|A-50|59.3|68.9;2;1;Autovía
IMD_40223;Salamanca|A-50|68.9|75.7;0;0;Autovía
IMD_40224;Salamanca|A-50|75.7|82.8;0;0;Autovía
IMD_40225;Salamanca|A-50|82.8|86.3;0;0;Autovía
IMD_40226;Salamanca|A-50|86.3|95.8;0;0;Autovía
IMD_40227;Salamanca|A-50|95.8|99;0;0;Autovía
IMD_40228;Salamanca|A-50|99|100.14;0;0;Autovía
IMD_40229;Zamora|A-52|0|4.095;0;0;Autovía
IMD_40230;Zamora|A-52|4.095|15.198;0;0;Autovía
IMD_40231;Zamora|A-52|15.198|29;3;1;Autovía
IMD_40232;Zamora|A-52|29|49;1;1;Autovía
IMD_40233;Zamora|A-52|49|74.4;7;1;Autovía
IMD_40234;Zamora|A-52|74.4|78.9;1;1;Autovía
IMD_40235;Zamora|A-52|78.9|91.4;2;1;Autovía
IMD_40236;Zamora|A-52|91.4|99;2;1;Autovía
IMD_40237;Zamora|A-52|99|101.492;1;1;Autovía
IMD_40238;Zamora|A-52|101.492|106.4;0;0;Autovía
IMD_40239;Zamora|A-52|106.4|108.3;1;1;Autovía
IMD_40240;Zamora|A-52|108.3|111.7;0;0;Autovía
IMD_40241;Ourense|A-52|111.7|113.8;0;0;Autovía
IMD_40242;Ourense|A-52|113.8|124.7;4;1;Autovía
IMD_40243;Ourense|A-52|124.7|142.8;3;1;Autovía
IMD_40244;Ourense|A-52|142.8|150.1;0;0;Autovía
IMD_40245;Ourense|A-52|150.1|155.4;2;1;Autovía
IMD_40246;Ourense|A-52|155.4|160.3;0;0;Autovía
IMD_40247;Ourense|A-52|160.3|173.2;2;1;Autovía
IMD_40248;Ourense|A-52|173.2|180.5;3;1;Autovía
IMD_40249;Ourense|A-52|180.5|187.6;0;0;Autovía
IMD_40250;Ourense|A-52|187.6|192.5;1;1;Autovía
IMD_40251;Ourense|A-52|192.5|201.5;2;1;Autovía
IMD_40252;Ourense|A-52|201.5|210.3;4;1;Autovía
IMD_40253;Ourense|A-52|210.3|217.1;1;1;Autovía
IMD_40254;Ourense|A-52|217.1|223.9;1;1;Autovía
IMD_40255;Ourense|A-52|223.9|228.3;3;1;Autovía
IMD_40256;Ourense|A-52|228.3|231.4;0;0;Autovía
IMD_40257;Ourense|A-52|231.4|238.4;4;1;Autovía
IMD_40258;Ourense|A-52|238.4|240.3;2;1;Autovía
IMD_40259;Ourense|A-52|240.3|251.6;4;1;Autovía
IMD_40260;Ourense|A-52|251.6|262.3;1;1;Autovía
IMD_40261;Ourense|A-52|262.3|267.11;0;0;Autovía
IMD_40262;Pontevedra|A-52|267.11|271;0;0;Autovía
IMD_40263;Pontevedra|A-52|271|286.8;4;1;Autovía
IMD_40264;Pontevedra|A-52|286.8|289.6;5;1;Autovía
IMD_40265;Pontevedra|A-52|289.6|293.6;5;1;Autovía
IMD_40266;Pontevedra|A-52|293.6|302;2;1;Autovía
IMD_40267;Pontevedra|A-52|302|303.3;1;1;Autovía
IMD_40268;Pontevedra|A-52|303.3|305.6;3;1;Autovía
IMD_40269;Pontevedra|A-52|305.6|306.152;2;1;Autovía
IMD_40270;Lugo|A-54|0|5.9;0;0;Autovía
IMD_40271;Lugo|A-54|5.9|11.8;1;1;Autovía
IMD_40272;Lugo|A-54|11.8|16.8;0;0;Autovía
IMD_40273;Lugo|A-54|16.8|23.3;0;0;Autovía
IMD_40274;Lugo|A-54|23.3|34;0;0;Autovía
IMD_40275;Lugo|A-54|34|38.1;0;0;Autovía
IMD_40276;A Coruña|A-54|66.42|72;1;1;Autovía
IMD_40277;A Coruña|A-54|72|76.2;0;0;Autovía
IMD_40278;A Coruña|A-54|76.2|80.2;0;0;Autovía
IMD_40279;A Coruña|A-54|80.2|83.5;1;1;Autovía
IMD_40280;A Coruña|A-54|83.5|85.7;0;0;Autovía
IMD_40281;A Coruña|A-54|85.7|90.785;4;1;Autovía
IMD_40282;A Coruña|A-54|90.785|93.4;3;1;Autovía
IMD_40283;Pontevedra|A-55|0|2.74;1;1;Multicarril
IMD_40284;Pontevedra|A-55|2.74|6.9;13;1;Autovía
IMD_40285;Pontevedra|A-55|6.9|7.3;1;1;Autovía
IMD_40286;Pontevedra|A-55|7.3|7.9;0;0;Autovía
IMD_40287;Pontevedra|A-55|7.9|12.3;23;1;Autovía
IMD_40288;Pontevedra|A-55|12.3|13.7;6;1;Autovía
IMD_40289;Pontevedra|A-55|13.7|14.5;6;1;Autovía
IMD_40290;Pontevedra|A-55|14.5|16.7;5;1;Autovía
IMD_40291;Pontevedra|A-55|16.7|18.4;3;1;Autovía
IMD_40292;Pontevedra|A-55|18.4|22.8;9;1;Autovía
IMD_40293;Pontevedra|A-55|22.8|24.1;2;1;Autovía
IMD_40294;Pontevedra|A-55|24.1|26.1;3;1;Autovía
IMD_40295;Pontevedra|A-55|26.1|26.5;0;0;Autovía
IMD_40296;Pontevedra|A-55|26.5|28.9;2;1;Autovía
IMD_40297;Pontevedra|A-55|28.9|30.2;4;1;Autovía
IMD_40298;Pontevedra|A-55|30.2|31.406;1;1;Autovía
IMD_40299;Lugo|A-56|40.1|42.325;0;0;Autovía
IMD_40300;Lugo|A-56|42.325|48.525;0;0;Autovía
IMD_40301;Ourense|A-56|48.525|48.85;0;0;Autovía
IMD_40302;Ourense|A-56|48.85|49.105;0;0;Autovía
IMD_40303;Cáceres|A-58|0|3.4;0;0;Autovía
IMD_40304;Cáceres|A-58|3.4|8.8;0;0;Autovía
IMD_40305;Cáceres|A-58|8.8|15;0;0;Autovía
IMD_40306;Cáceres|A-58|15|21;1;1;Autovía
IMD_40307;Cáceres|A-58|21|34.4;2;1;Autovía
IMD_40308;Cáceres|A-58|34.4|41.5;2;1;Autovía
IMD_40309;Cáceres|A-58|41.5|45.527;0;0;Autovía
IMD_40310;Madrid|A-5R|0|2.1;10;1;Autovía
IMD_40311;Madrid|A-5R|2.1|2.3;2;1;Autovía
IMD_40312;Madrid|A-5R|2.3|2.68;1;1;Autovía
IMD_40313;Madrid|A-6|6.3|8.9;7;1;Autovía
IMD_40314;Madrid|A-6|8.9|10.7;4;1;Autovía
IMD_40315;Madrid|A-6|10.7|11.2;1;1;Autovía
IMD_40316;Madrid|A-6|11.2|13.3;4;1;Autovía
IMD_40317;Madrid|A-6|13.3|17.3;22;1;Autovía
IMD_40318;Madrid|A-6|17.3|21.7;5;1;Autovía
IMD_40319;Madrid|A-6|21.7|29;22;1;Autovía
IMD_40320;Madrid|A-6|29|30;3;1;Autovía
IMD_40321;Madrid|A-6|30|36.9;17;1;Autovía
IMD_40322;Madrid|A-6|36.9|39.56;7;1;Autovía
IMD_40323;Ávila|A-6|110.5|111.3;0;0;Autovía
IMD_40324;Ávila|A-6|111.3|118.4;0;0;Autovía
IMD_40325;Ávila|A-6|118.4|122.9;1;1;Autovía
IMD_40326;Ávila|A-6|122.9|123.6;0;0;Autovía
IMD_40327;Ávila|A-6|123.6|124.24;0;0;Autovía
IMD_40328;Segovia|A-6|124.24|126.86;1;1;Autovía
IMD_40329;Ávila|A-6|126.86|128.9;1;1;Autovía
IMD_40330;Ávila|A-6|128.9|137;5;1;Autovía
IMD_40331;Valladolid|A-6|137|137.5;0;0;Autovía
IMD_40332;Valladolid|A-6|137.5|140.7;1;1;Autovía
IMD_40333;Valladolid|A-6|140.7|146.8;3;1;Autovía
IMD_40334;Valladolid|A-6|146.8|149;0;0;Autovía
IMD_40335;Valladolid|A-6|149|155.9;3;1;Autovía
IMD_40336;Valladolid|A-6|155.9|157.5;0;0;Autovía
IMD_40337;Valladolid|A-6|157.5|159.9;1;1;Autovía
IMD_40338;Valladolid|A-6|159.9|169.8;3;1;Autovía
IMD_40339;Valladolid|A-6|169.8|172.2;2;1;Autovía
IMD_40340;Valladolid|A-6|172.2|174.6;4;1;Autovía
IMD_40341;Valladolid|A-6|174.6|178.7;1;1;Autovía
IMD_40342;Valladolid|A-6|178.7|180.7;0;0;Autovía
IMD_40343;Valladolid|A-6|180.7|183;0;0;Autovía
IMD_40344;Valladolid|A-6|183|184.2;0;0;Autovía
IMD_40345;Valladolid|A-6|184.2|186.1;2;1;Autovía
IMD_40346;Valladolid|A-6|186.1|189.2;1;1;Autovía
IMD_40347;Valladolid|A-6|189.2|195.6;1;1;Autovía
IMD_40348;Valladolid|A-6|195.6|196.3;0;0;Autovía
IMD_40349;Valladolid|A-6|196.3|201.5;1;1;Autovía
IMD_40350;Valladolid|A-6|201.5|202.5;1;1;Autovía
IMD_40351;Valladolid|A-6|202.5|209.1;2;1;Autovía
IMD_40352;Valladolid|A-6|209.1|210.7;0;0;Autovía
IMD_40353;Valladolid|A-6|210.7|214.9;5;1;Autovía
IMD_40354;Valladolid|A-6|214.9|215.7;0;0;Autovía
IMD_40355;Valladolid|A-6|215.7|221.9;1;1;Autovía
IMD_40356;Valladolid|A-6|221.9|225.26;2;1;Autovía
IMD_40357;Zamora|A-6|225.26|226.8;1;1;Autovía
IMD_40358;Zamora|A-6|226.8|234.5;1;1;Autovía
IMD_40359;Zamora|A-6|234.5|235.8;0;0;Autovía
IMD_40360;Zamora|A-6|235.8|254.5;13;1;Autovía
IMD_40361;Zamora|A-6|254.5|257.4;0;0;Autovía
IMD_40362;Zamora|A-6|257.4|259;1;1;Autovía
IMD_40363;Zamora|A-6|259|263.2;1;1;Autovía
IMD_40364;Zamora|A-6|263.2|265.6;0;0;Autovía
IMD_40365;Zamora|A-6|265.6|266.9;0;0;Autovía
IMD_40366;Zamora|A-6|266.9|276.4;0;0;Autovía
IMD_40367;León|A-6|276.4|277;0;0;Autovía
IMD_40368;León|A-6|277|277.8;0;0;Autovía
IMD_40369;Zamora|A-6|277.8|279.6;0;0;Autovía
IMD_40370;León|A-6|279.6|291.3;0;0;Autovía
IMD_40371;León|A-6|291.3|298;2;1;Autovía
IMD_40372;León|A-6|298|302.4;0;0;Autovía
IMD_40373;León|A-6|302.4|305.8;1;1;Autovía
IMD_40374;León|A-6|305.8|313.5;3;1;Autovía
IMD_40375;León|A-6|313.5|318.4;0;0;Autovía
IMD_40376;León|A-6|318.4|323.2;1;1;Autovía
IMD_40377;León|A-6|323.2|325.7;0;0;Autovía
IMD_40378;León|A-6|325.7|329.5;2;1;Autovía
IMD_40379;León|A-6|329.5|333;3;1;Autovía
IMD_40380;León|A-6|333|339;1;1;Autovía
IMD_40381;León|A-6|339|347.5;1;1;Autovía
IMD_40382;León|A-6|347.5|350.6;1;1;Autovía
IMD_40383;León|A-6|350.6|360.3;4;1;Autovía
IMD_40384;León|A-6|360.3|364.4;0;0;Autovía
IMD_40385;León|A-6|364.4|371.3;2;1;Autovía
IMD_40386;León|A-6|371.3|376.4;0;0;Autovía
IMD_40387;León|A-6|376.4|382.6;1;1;Autovía
IMD_40388;León|A-6|382.6|387.7;2;1;Autovía
IMD_40389;León|A-6|387.7|394;1;1;Autovía
IMD_40390;León|A-6|394|398.9;1;1;Autovía
IMD_40391;León|A-6|398.9|400.3;0;0;Autovía
IMD_40392;León|A-6|400.3|406.4;0;0;Autovía
IMD_40393;León|A-6|406.4|415.1;0;0;Autovía
IMD_40394;León|A-6|415.1|418.8;0;0;Autovía
IMD_40395;León|A-6|418.8|430.86;1;1;Autovía
IMD_40396;Lugo|A-6|430.86|438.3;1;1;Autovía
IMD_40397;Lugo|A-6|438.3|455;2;1;Autovía
IMD_40398;Lugo|A-6|455|461.2;1;1;Autovía
IMD_40399;Lugo|A-6|461.2|468.5;1;1;Autovía
IMD_40400;Lugo|A-6|468.5|478.5;1;1;Autovía
IMD_40401;Lugo|A-6|478.5|487.6;1;1;Autovía
IMD_40402;Lugo|A-6|487.6|488.5;0;0;Autovía
IMD_40403;Lugo|A-6|488.5|493.4;2;1;Autovía
IMD_40404;Lugo|A-6|493.4|497;1;1;Autovía
IMD_40405;Lugo|A-6|497|500.171;1;1;Autovía
IMD_40406;Lugo|A-6|500.171|506.9;1;1;Autovía
IMD_40407;Lugo|A-6|506.9|510.1;0;0;Autovía
IMD_40408;Lugo|A-6|510.1|516.4;1;1;Autovía
IMD_40409;Lugo|A-6|516.4|521.3;1;1;Autovía
IMD_40410;Lugo|A-6|521.3|522.9;0;0;Autovía
IMD_40411;Lugo|A-6|522.9|528.8;2;1;Autovía
IMD_40412;Lugo|A-6|528.8|534.7;1;1;Autovía
IMD_40413;Lugo|A-6|534.7|539.7;1;1;Autovía
IMD_40414;Lugo|A-6|539.7|540.46;0;0;Autovía
IMD_40415;A Coruña|A-6|540.46|548.8;5;1;Autovía
IMD_40416;A Coruña|A-6|548.8|559.8;2;1;Autovía
IMD_40417;A Coruña|A-6|559.8|565.2;2;1;Autovía
IMD_40418;A Coruña|A-6|565.2|567;0;0;Autovía
IMD_40419;A Coruña|A-6|567|568.5;0;0;Autovía
IMD_40420;A Coruña|A-6|568.5|573.8;4;1;Autovía
IMD_40421;A Coruña|A-6|573.8|582.8;3;1;Autovía
IMD_40422;A Coruña|A-6|582.8|585.6;2;1;Autovía
IMD_40423;A Coruña|A-6|585.6|589.4;1;1;Autovía
IMD_40424;A Coruña|A-6|589.4|593;1;1;Autovía
IMD_40425;Valladolid|A-60|0|3.6;4;1;Autovía
IMD_40426;Valladolid|A-60|3.6|7.4;0;0;Autovía
IMD_40427;Valladolid|A-60|7.4|14.2;0;0;Autovía
IMD_40428;Valladolid|A-60|14.2|15.57;0;0;Autovía
IMD_40429;León|A-60|103.38|104.4;0;0;Autovía
IMD_40430;León|A-60|104.4|106.8;0;0;Autovía
IMD_40431;León|A-60|106.8|115;2;1;Autovía
IMD_40432;León|A-60|115|126.4;0;0;Autovía
IMD_40433;León|A-60|126.4|132;0;0;Autovía
IMD_40434;Burgos|A-62|7.6|15.6;3;1;Autovía
IMD_40435;Burgos|A-62|15.6|17.7;0;0;Autovía
IMD_40436;Burgos|A-62|17.7|20.7;0;0;Autovía
IMD_40437;Burgos|A-62|20.7|24;0;0;Autovía
IMD_40438;Burgos|A-62|24|29.4;1;1;Autovía
IMD_40439;Burgos|A-62|29.4|31.5;0;0;Autovía
IMD_40440;Burgos|A-62|31.5|38.8;1;1;Autovía
IMD_40441;Burgos|A-62|38.8|40.71;0;0;Autovía
IMD_40442;Palencia|A-62|40.71|44.63;1;1;Autovía
IMD_40443;Burgos|A-62|44.63|48.08;0;0;Autovía
IMD_40444;Palencia|A-62|48.08|48.5;0;0;Autovía
IMD_40445;Palencia|A-62|48.5|53.1;0;0;Autovía
IMD_40446;Palencia|A-62|53.1|54.8;0;0;Autovía
IMD_40447;Palencia|A-62|54.8|57.8;0;0;Autovía
IMD_40448;Palencia|A-62|57.8|66.4;1;1;Autovía
IMD_40449;Palencia|A-62|66.4|67.4;0;0;Autovía
IMD_40450;Palencia|A-62|67.4|71.9;0;0;Autovía
IMD_40451;Palencia|A-62|71.9|75.6;0;0;Autovía
IMD_40452;Palencia|A-62|75.6|78.1;0;0;Autovía
IMD_40453;Palencia|A-62|78.1|85.8;0;0;Autovía
IMD_40454;Palencia|A-62|85.8|86.2;0;0;Autovía
IMD_40455;Palencia|A-62|86.2|89.9;0;0;Autovía
IMD_40456;Palencia|A-62|89.9|92.015;1;1;Autovía
IMD_40457;Palencia|A-62|92.015|96.165;4;1;Autovía
IMD_40458;Palencia|A-62|96.165|100.87;1;1;Autovía
IMD_40459;Valladolid|A-62|100.87|101.9;0;0;Autovía
IMD_40460;Valladolid|A-62|101.9|109.1;4;1;Autovía
IMD_40461;Valladolid|A-62|109.1|111.7;1;1;Autovía
IMD_40462;Valladolid|A-62|111.7|113.1;4;1;Autovía
IMD_40463;Valladolid|A-62|113.1|117.1;3;1;Autovía
IMD_40464;Valladolid|A-62|117.1|117.9;0;0;Autovía
IMD_40465;Valladolid|A-62|117.9|120.3;0;0;Autovía
IMD_40466;Valladolid|A-62|120.3|121.5;2;1;Autovía
IMD_40467;Valladolid|A-62|121.5|124.6;2;1;Autovía
IMD_40468;Valladolid|A-62|124.6|125.8;1;1;Autovía
IMD_40469;Valladolid|A-62|125.8|129.3;8;1;Autovía
IMD_40470;Valladolid|A-62|129.3|130.2;0;0;Autovía
IMD_40471;Valladolid|A-62|130.2|133.4;4;1;Autovía
IMD_40472;Valladolid|A-62|133.4|134.7;1;1;Autovía
IMD_40473;Valladolid|A-62|134.7|139.7;6;1;Autovía
IMD_40474;Valladolid|A-62|139.7|142.3;1;1;Autovía
IMD_40475;Valladolid|A-62|142.3|144.9;0;0;Autovía
IMD_40476;Valladolid|A-62|144.9|150.5;3;1;Autovía
IMD_40477;Valladolid|A-62|150.5|152.5;0;0;Autovía
IMD_40478;Valladolid|A-62|153.2|154.9;0;0;Autovía
IMD_40479;Valladolid|A-62|154.9|156.6;0;0;Autovía
IMD_40480;Valladolid|A-62|156.6|158;0;0;Autovía
IMD_40481;Valladolid|A-62|158|162.7;3;1;Autovía
IMD_40482;Valladolid|A-62|162.7|163.042;0;0;Autovía
IMD_40483;Valladolid|A-62|163.042|176.9;1;1;Autovía
IMD_40484;Valladolid|A-62|176.9|180.4;2;1;Autovía
IMD_40485;Valladolid|A-62|180.4|192.85;3;1;Autovía
IMD_40486;Zamora|A-62|192.85|195.2;2;1;Autovía
IMD_40487;Zamora|A-62|195.2|202.7;2;1;Autovía
IMD_40488;Zamora|A-62|202.7|205.41;1;1;Autovía
IMD_40489;Salamanca|A-62|205.41|218.9;3;1;Autovía
IMD_40490;Salamanca|A-62|218.9|224.4;0;0;Autovía
IMD_40491;Salamanca|A-62|224.4|233.7;0;0;Autovía
IMD_40492;Salamanca|A-62|233.7|237.5;1;1;Autovía
IMD_40493;Salamanca|A-62|237.5|238.4;2;1;Autovía
IMD_40494;Salamanca|A-62|238.4|240.5;1;1;Autovía
IMD_40495;Salamanca|A-62|240.5|243.9;2;1;Autovía
IMD_40496;Salamanca|A-62|243.9|251;1;1;Autovía
IMD_40497;Salamanca|A-62|251|257.4;4;1;Autovía
IMD_40498;Salamanca|A-62|257.4|268.5;1;1;Autovía
IMD_40499;Salamanca|A-62|268.5|275.2;3;1;Autovía
IMD_40500;Salamanca|A-62|275.2|281.8;2;1;Autovía
IMD_40501;Salamanca|A-62|281.8|292.8;0;0;Autovía
IMD_40502;Salamanca|A-62|292.8|308.5;4;1;Autovía
IMD_40503;Salamanca|A-62|308.5|311.3;1;1;Autovía
IMD_40504;Salamanca|A-62|311.3|315.1;1;1;Autovía
IMD_40505;Salamanca|A-62|315.1|324.8;0;0;Autovía
IMD_40506;Salamanca|A-62|324.8|326.3;1;1;Autovía
IMD_40507;Salamanca|A-62|326.3|331.5;0;0;Autovía
IMD_40508;Salamanca|A-62|331.5|339;2;1;Autovía
IMD_40509;Salamanca|A-62|339|343.8;0;0;Autovía
IMD_40510;Salamanca|A-62|343.8|351.8;2;1;Autovía
IMD_40511;Salamanca|A-62|351.8|355;0;0;Autovía
IMD_40512;Salamanca|A-62|355|355.346;0;0;Autovía
IMD_40513;Asturias|A-63|0.34|0.5;0;0;Autovía
IMD_40514;Asturias|A-63|0.5|4.1;4;1;Autovía
IMD_40515;Asturias|A-63|4.1|9;2;1;Autovía
IMD_40516;Asturias|A-63|9|13.1;2;1;Autovía
IMD_40517;Asturias|A-63|13.1|18.9;0;0;Autovía
IMD_40518;Asturias|A-63|18.9|23.7;0;0;Autovía
IMD_40519;Asturias|A-63|23.7|28.3;0;0;Autovía
IMD_40520;Asturias|A-63|28.3|30.3;0;0;Autovía
IMD_40521;Asturias|A-63|30.3|30.65;0;0;Autovía
IMD_40522;Asturias|A-63|36.8|42;0;0;Autovía
IMD_40523;Asturias|A-64|0|11;3;1;Autovía
IMD_40524;Asturias|A-64|11|13.8;0;0;Autovía
IMD_40525;Asturias|A-64|13.8|17.9;0;0;Autovía
IMD_40526;Asturias|A-64|17.9|20.4;1;1;Autovía
IMD_40527;Asturias|A-64|20.4|21.6;1;1;Autovía
IMD_40528;Asturias|A-64|21.6|26.3;3;1;Autovía
IMD_40529;Asturias|A-64|26.3|26.8;1;1;Autovía
IMD_40530;Asturias|A-64|26.8|31.85;11;1;Autovía
IMD_40531;Palencia|A-65|0.23|1.8;1;1;Autovía
IMD_40532;Palencia|A-65|1.8|3.8;0;0;Autovía
IMD_40533;Palencia|A-65|3.8|7.8;0;0;Autovía
IMD_40534;Palencia|A-65|7.8|10;0;0;Autovía
IMD_40535;Palencia|A-65|10|11.38;0;0;Autovía
IMD_40536;Asturias|A-66|11.24|22.3;10;1;Autovía
IMD_40537;Asturias|A-66|22.3|24;1;1;Autovía
IMD_40538;Asturias|A-66|24|25;2;1;Autovía
IMD_40539;Asturias|A-66|25|27.146;0;0;Autovía
IMD_40540;Asturias|A-66|27.146|28.7;3;1;Autovía
IMD_40541;Asturias|A-66|28.7|31;0;0;Autovía
IMD_40542;Asturias|A-66|31|35.2;4;1;Autovía
IMD_40543;Asturias|A-66|35.2|40.1;3;1;Autovía
IMD_40544;Asturias|A-66|40.1|44.1;4;1;Autovía
IMD_40545;Asturias|A-66|44.1|46.2;2;1;Autovía
IMD_40546;Asturias|A-66|46.2|53.3;2;1;Autovía
IMD_40547;Asturias|A-66|53.3|58.764;2;1;Autovía
IMD_40548;Asturias|A-66|58.764|65.1;3;1;Autovía
IMD_40549;León|A-66|143.1|148.7;3;1;Autovía
IMD_40550;León|A-66|148.7|151.7;0;0;Autovía
IMD_40551;León|A-66|151.7|159.7;0;0;Autovía
IMD_40552;León|A-66|159.7|172.5;1;1;Autovía
IMD_40553;León|A-66|172.5|193.6;0;0;Autovía
IMD_40554;León|A-66|193.6|196.3;0;0;Autovía
IMD_40555;Zamora|A-66|196.3|205.5;1;1;Autovía
IMD_40556;Zamora|A-66|216.5|227.7;0;0;Autovía
IMD_40557;Zamora|A-66|227.7|232.6;0;0;Autovía
IMD_40558;Zamora|A-66|232.6|237.8;0;0;Autovía
IMD_40559;Zamora|A-66|237.8|245.6;0;0;Autovía
IMD_40560;Zamora|A-66|245.6|250.5;0;0;Autovía
IMD_40561;Zamora|A-66|250.5|255.1;0;0;Autovía
IMD_40562;Zamora|A-66|255.1|261.2;1;1;Autovía
IMD_40563;Zamora|A-66|261.2|267.7;2;1;Autovía
IMD_40564;Zamora|A-66|267.7|270.8;0;0;Autovía
IMD_40565;Zamora|A-66|270.8|274.5;0;0;Autovía
IMD_40566;Zamora|A-66|274.5|275.6;0;0;Autovía
IMD_40567;Zamora|A-66|275.6|275.9;0;0;Autovía
IMD_40568;Zamora|A-66|275.9|276.6;0;0;Autovía
IMD_40569;Zamora|A-66|276.6|281.2;0;0;Autovía
IMD_40570;Zamora|A-66|281.2|289.3;1;1;Autovía
IMD_40571;Zamora|A-66|289.3|295.321;0;0;Autovía
IMD_40572;Zamora|A-66|295.321|306.4;0;0;Autovía
IMD_40573;Zamora|A-66|306.4|310.122;1;1;Autovía
IMD_40574;Salamanca|A-66|310.122|321.8;1;1;Autovía
IMD_40575;Salamanca|A-66|321.8|325.8;0;0;Autovía
IMD_40576;Salamanca|A-66|325.8|332.8;3;1;Autovía
IMD_40577;Salamanca|A-66|332.8|336.5;1;1;Autovía
IMD_40578;Salamanca|A-66|339.85|342.5;0;0;Autovía
IMD_40579;Salamanca|A-66|342.5|345.9;0;0;Autovía
IMD_40580;Salamanca|A-66|345.9|348.4;1;1;Autovía
IMD_40581;Salamanca|A-66|348.4|352;0;0;Autovía
IMD_40582;Salamanca|A-66|352|360.3;1;1;Autovía
IMD_40583;Salamanca|A-66|360.3|363.8;0;0;Autovía
IMD_40584;Salamanca|A-66|363.8|371.8;2;1;Autovía
IMD_40585;Salamanca|A-66|371.8|379.7;4;1;Autovía
IMD_40586;Salamanca|A-66|379.7|386.9;2;1;Autovía
IMD_40587;Salamanca|A-66|386.9|392.8;1;1;Autovía
IMD_40588;Salamanca|A-66|392.8|395.6;0;0;Autovía
IMD_40589;Salamanca|A-66|395.6|397.6;0;0;Autovía
IMD_40590;Salamanca|A-66|397.6|401.7;0;0;Autovía
IMD_40591;Salamanca|A-66|401.7|404.1;1;1;Autovía
IMD_40592;Salamanca|A-66|404.1|407.9;1;1;Autovía
IMD_40593;Salamanca|A-66|407.9|409.7;2;1;Autovía
IMD_40594;Salamanca|A-66|409.7|414;1;1;Autovía
IMD_40595;Salamanca|A-66|414|416.9;0;0;Autovía
IMD_40596;Salamanca|A-66|416.9|422.9;1;1;Autovía
IMD_40597;Salamanca|A-66|422.9|425;1;1;Autovía
IMD_40598;Cáceres|A-66|425|426.8;0;0;Autovía
IMD_40599;Cáceres|A-66|426.8|436;3;1;Autovía
IMD_40600;Cáceres|A-66|436|442;1;1;Autovía
IMD_40601;Cáceres|A-66|442|445.4;2;1;Autovía
IMD_40602;Cáceres|A-66|445.4|448.3;0;0;Autovía
IMD_40603;Cáceres|A-66|448.3|454.7;1;1;Autovía
IMD_40604;Cáceres|A-66|454.7|462.9;2;1;Autovía
IMD_40605;Cáceres|A-66|462.9|470.7;1;1;Autovía
IMD_40606;Cáceres|A-66|470.7|478;0;0;Autovía
IMD_40607;Cáceres|A-66|478|488.6;5;1;Autovía
IMD_40608;Cáceres|A-66|488.6|494.4;0;0;Autovía
IMD_40609;Cáceres|A-66|494.4|498.3;0;0;Autovía
IMD_40610;Cáceres|A-66|498.3|503.2;0;0;Autovía
IMD_40611;Cáceres|A-66|503.2|506.238;0;0;Autovía
IMD_40612;Cáceres|A-66|506.238|507.7;0;0;Autovía
IMD_40613;Cáceres|A-66|507.7|522.4;4;1;Autovía
IMD_40614;Cáceres|A-66|522.4|539;2;1;Autovía
IMD_40615;Cáceres|A-66|539|541.6;0;0;Autovía
IMD_40616;Cáceres|A-66|541.6|544.1;0;0;Autovía
IMD_40617;Cáceres|A-66|544.1|551.2;2;1;Autovía
IMD_40618;Cáceres|A-66|551.2|555.2;0;0;Autovía
IMD_40619;Cáceres|A-66|555.2|563.9;2;1;Autovía
IMD_40620;Cáceres|A-66|563.9|575.1;2;1;Autovía
IMD_40621;Cáceres|A-66|575.1|582.331;2;1;Autovía
IMD_40622;Cáceres|A-66|582.331|598.3;3;1;Autovía
IMD_40623;Badajoz|A-66|598.3|606.1;0;0;Autovía
IMD_40624;Badajoz|A-66|606.1|613.207;1;1;Autovía
IMD_40625;Badajoz|A-66|613.207|618;1;1;Autovía
IMD_40626;Badajoz|A-66|624.4|626.1;3;1;Autovía
IMD_40627;Badajoz|A-66|626.1|629.8;1;1;Autovía
IMD_40628;Badajoz|A-66|629.8|635.4;2;1;Autovía
IMD_40629;Badajoz|A-66|635.4|640.5;2;1;Autovía
IMD_40630;Badajoz|A-66|640.5|647.5;1;1;Autovía
IMD_40631;Badajoz|A-66|647.5|650;0;0;Autovía
IMD_40632;Badajoz|A-66|650|654;1;1;Autovía
IMD_40633;Badajoz|A-66|654|656.9;0;0;Autovía
IMD_40634;Badajoz|A-66|656.9|658.8;0;0;Autovía
IMD_40635;Badajoz|A-66|658.8|661.1;0;0;Autovía
IMD_40636;Badajoz|A-66|661.1|665.8;1;1;Autovía
IMD_40637;Badajoz|A-66|665.8|670.4;0;0;Autovía
IMD_40638;Badajoz|A-66|670.4|675;1;1;Autovía
IMD_40639;Badajoz|A-66|675|681.5;0;0;Autovía
IMD_40640;Badajoz|A-66|681.5|683.9;0;0;Autovía
IMD_40641;Badajoz|A-66|683.9|686.8;1;1;Autovía
IMD_40642;Badajoz|A-66|686.8|693.8;3;1;Autovía
IMD_40643;Badajoz|A-66|693.8|699.655;0;0;Autovía
IMD_40644;Badajoz|A-66|699.655|703.336;0;0;Autovía
IMD_40645;Badajoz|A-66|703.336|715;2;1;Autovía
IMD_40646;Badajoz|A-66|715|718.8;1;1;Autovía
IMD_40647;Badajoz|A-66|718.8|721.8;0;0;Autovía
IMD_40648;Badajoz|A-66|721.8|730;3;1;Autovía
IMD_40649;Badajoz|A-66|730|739.92;2;1;Autovía
IMD_40650;Huelva|A-66|739.92|741;0;0;Autovía
IMD_40651;Huelva|A-66|741|747;1;1;Autovía
IMD_40652;Huelva|A-66|747|759.38;3;1;Autovía
IMD_40653;Sevilla|A-66|759.38|764.2;1;1;Autovía
IMD_40654;Sevilla|A-66|764.2|767.8;1;1;Autovía
IMD_40655;Sevilla|A-66|767.8|771.304;0;0;Autovía
IMD_40656;Sevilla|A-66|771.304|782.1;5;1;Autovía
IMD_40657;Sevilla|A-66|782.1|789.3;3;1;Autovía
IMD_40658;Sevilla|A-66|789.3|793.9;2;1;Autovía
IMD_40659;Sevilla|A-66|793.9|797;1;1;Autovía
IMD_40660;Sevilla|A-66|797|803.8;1;1;Autovía
IMD_40661;Sevilla|A-66|803.8|809.1;8;1;Autovía
IMD_40662;Sevilla|A-66|809.1|810.3;2;1;Autovía
IMD_40663;León|A-66R|149.43|150.375;0;0;Convencional
IMD_40664;León|A-66R|152.34|152.96;0;0;Convencional
IMD_40665;León|A-66R|182.375|184.015;0;0;Convencional
IMD_40666;Palencia|A-67|0|0.8;0;0;Autovía
IMD_40667;Palencia|A-67|0.8|1.7;0;0;Autovía
IMD_40668;Palencia|A-67|1.7|6.113;2;1;Autovía
IMD_40669;Palencia|A-67|6.113|8.1;1;1;Autovía
IMD_40670;Palencia|A-67|8.1|14.8;0;0;Autovía
IMD_40671;Palencia|A-67|14.8|21.1;0;0;Autovía
IMD_40672;Palencia|A-67|21.1|29.8;1;1;Autovía
IMD_40673;Palencia|A-67|29.8|38.8;0;0;Autovía
IMD_40674;Palencia|A-67|38.8|50.6;1;1;Autovía
IMD_40675;Palencia|A-67|50.6|54.8;0;0;Autovía
IMD_40676;Palencia|A-67|54.8|70.5;4;1;Autovía
IMD_40677;Palencia|A-67|70.5|80;0;0;Autovía
IMD_40678;Palencia|A-67|80|87.7;0;0;Autovía
IMD_40679;Palencia|A-67|87.7|93.5;0;0;Autovía
IMD_40680;Palencia|A-67|93.5|100.1;0;0;Autovía
IMD_40681;Palencia|A-67|100.1|102.9;0;0;Autovía
IMD_40682;Palencia|A-67|102.9|116.2;0;0;Autovía
IMD_40683;Palencia|A-67|116.2|117.15;0;0;Autovía
IMD_40684;Cantabria|A-67|117.15|122;0;0;Autovía
IMD_40685;Cantabria|A-67|122|125.9;0;0;Autovía
IMD_40686;Cantabria|A-67|125.9|132.8;1;1;Autovía
IMD_40687;Cantabria|A-67|132.8|135.5;0;0;Autovía
IMD_40688;Cantabria|A-67|135.5|143.9;5;1;Autovía
IMD_40689;Cantabria|A-67|143.9|156.501;13;1;Autovía
IMD_40690;Cantabria|A-67|156.501|158.8;0;0;Autovía
IMD_40691;Cantabria|A-67|158.8|167.2;3;1;Autovía
IMD_40692;Cantabria|A-67|167.2|169.4;1;1;Autovía
IMD_40693;Cantabria|A-67|169.4|171.3;1;1;Autovía
IMD_40694;Cantabria|A-67|171.3|175.3;4;1;Autovía
IMD_40695;Cantabria|A-67|175.3|177.6;5;1;Autovía
IMD_40696;Cantabria|A-67|177.6|179.8;0;0;Autovía
IMD_40697;Cantabria|A-67|179.8|181.81;1;1;Autovía
IMD_40698;Cantabria|A-67|182.55|186.6;6;1;Autovía
IMD_40699;Cantabria|A-67|186.6|192.4;11;1;Autovía
IMD_40700;Cantabria|A-67|192.4|194.3;12;1;Autovía
IMD_40701;Cantabria|A-67|194.3|196.5;5;1;Autovía
IMD_40702;Cantabria|A-67|196.5|198.7;2;1;Autovía
IMD_40703;Cantabria|A-67|198.7|198.9;0;0;Autovía
IMD_40704;Cantabria|A-67|198.9|200.2;0;0;Autovía
IMD_40705;Cantabria|A-67|200.2|201.6;1;1;Autovía
IMD_40706;Cantabria|A-67|201.6|201.8;2;1;Autovía
IMD_40707;Cantabria|A-67|201.8|203.2;3;1;Autovía
IMD_40708;Cantabria|A-67|203.2|203.9;0;0;Autovía
IMD_40709;Cantabria|A-67|203.9|205.233;0;0;Autovía
IMD_40710;Zaragoza|A-68|223.78|229.7;;;Autovía
IMD_40711;Zaragoza|A-68|229.7|232.7;;;Autovía
IMD_40712;Zaragoza|A-68|232.7|233.87;;;Multicarril
IMD_40713;Zaragoza|A-68|246.18|247.4;;;Autovía
IMD_40714;Zaragoza|A-68|247.4|249;;;Autovía
IMD_40715;Zaragoza|A-68|249|255.4;;;Autovía
IMD_40716;Zaragoza|A-68|255.4|257.3;;;Multicarril
IMD_40717;Zaragoza|A-68|257.3|262.1;;;Multicarril
IMD_40718;Zaragoza|A-68|262.1|262.9;;;Multicarril
IMD_40719;Zaragoza|A-68|262.9|264.1;;;Multicarril
IMD_40720;Zaragoza|A-68|264.1|265.5;;;Multicarril
IMD_40721;Zaragoza|A-68|265.5|269.8;;;Multicarril
IMD_40722;Zaragoza|A-68|269.8|272.2;;;Autovía
IMD_40723;Zaragoza|A-68|272.2|276.3;;;Autovía
IMD_40724;Zaragoza|A-68|276.3|282.734;;;Autovía
IMD_40725;Zaragoza|A-68|282.734|287.5;;;Autovía
IMD_40726;Zaragoza|A-68|287.5|289.543;;;Autovía
IMD_40727;Zaragoza|A-68|289.543|292.935;;;Autovía
IMD_40728;Castellón|A-7|274.01|276.7;1;1;Autovía
IMD_40729;Castellón|A-7|276.7|281.5;2;1;Autovía
IMD_40730;Castellón|A-7|281.5|283.5;1;1;Autovía
IMD_40731;Castellón|A-7|283.5|285.7;2;1;Autovía
IMD_40732;Castellón|A-7|285.7|286.3;1;1;Autovía
IMD_40733;Castellón|A-7|286.3|288.4;0;0;Autovía
IMD_40734;Castellón|A-7|288.4|292.6;3;1;Autovía
IMD_40735;Castellón|A-7|292.6|292.89;0;0;Autovía
IMD_40736;Valencia|A-7|292.89|297.3;3;1;Autovía
IMD_40737;Valencia|A-7|297.3|298.4;0;0;Autovía
IMD_40738;Valencia|A-7|298.4|302.2;3;1;Autovía
IMD_40739;Valencia|A-7|302.2|306.6;0;0;Autovía
IMD_40740;Valencia|A-7|306.6|310.9;3;1;Autovía
IMD_40741;Valencia|A-7|310.9|313.6;5;1;Autovía
IMD_40742;Valencia|A-7|313.6|320.7;13;1;Autovía
IMD_40743;Valencia|A-7|320.7|323.5;5;1;Autovía
IMD_40744;Valencia|A-7|323.5|326.6;9;1;Autovía
IMD_40745;Valencia|A-7|326.6|330.3;12;1;Autovía
IMD_40746;Valencia|A-7|330.3|334.9;10;1;Autovía
IMD_40747;Valencia|A-7|334.9|338.8;7;1;Autovía
IMD_40748;Valencia|A-7|338.8|343.4;5;1;Autovía
IMD_40749;Valencia|A-7|343.4|350.5;8;1;Autovía
IMD_40750;Valencia|A-7|350.5|353.6;1;1;Autovía
IMD_40751;Valencia|A-7|353.6|355.6;2;1;Autovía
IMD_40752;Valencia|A-7|355.6|358.293;2;1;Autovía
IMD_40753;Valencia|A-7|358.293|361.3;4;1;Autovía
IMD_40754;Valencia|A-7|361.3|366.4;5;1;Autovía
IMD_40755;Valencia|A-7|366.4|372.9;7;1;Autovía
IMD_40756;Valencia|A-7|372.9|376.3;4;1;Autovía
IMD_40757;Valencia|A-7|376.3|380.7;3;1;Autovía
IMD_40758;Valencia|A-7|380.7|382.6;2;1;Autovía
IMD_40759;Valencia|A-7|382.6|386;1;1;Autovía
IMD_40760;Valencia|A-7|386|388.7;3;1;Autovía
IMD_40761;Valencia|A-7|388.7|394.4;12;1;Autovía
IMD_40762;Valencia|A-7|394.4|396;5;1;Autovía
IMD_40763;Valencia|A-7|396|398.2;3;1;Autovía
IMD_40764;Valencia|A-7|398.2|400.2;4;1;Autovía
IMD_40765;Valencia|A-7|400.2|402.5;0;0;Autovía
IMD_40766;Valencia|A-7|402.5|405.1;2;1;Autovía
IMD_40767;Valencia|A-7|405.1|409.4;1;1;Autovía
IMD_40768;Valencia|A-7|409.4|412.3;2;1;Autovía
IMD_40769;Valencia|A-7|412.3|415.1;1;1;Autovía
IMD_40770;Valencia|A-7|415.1|417.7;2;1;Autovía
IMD_40771;Valencia|A-7|417.7|418.5;0;0;Autovía
IMD_40772;Valencia|A-7|418.5|420.2;1;1;Autovía
IMD_40773;Valencia|A-7|420.2|421;0;0;Autovía
IMD_40774;Valencia|A-7|421|423;2;1;Autovía
IMD_40775;Valencia|A-7|423|429.45;7;1;Autovía
IMD_40776;Alicante|A-7|429.45|431.3;0;0;Autovía
IMD_40777;Alicante|A-7|431.3|435.6;0;0;Autovía
IMD_40778;Alicante|A-7|435.6|441.4;1;1;Autovía
IMD_40779;Alicante|A-7|441.4|443.6;0;0;Autovía
IMD_40780;Alicante|A-7|443.6|448.4;1;1;Autovía
IMD_40781;Alicante|A-7|448.4|452.9;5;1;Autovía
IMD_40782;Alicante|A-7|452.9|459.5;2;1;Autovía
IMD_40783;Alicante|A-7|459.5|464.1;2;1;Autovía
IMD_40784;Alicante|A-7|464.1|468.4;0;0;Autovía
IMD_40785;Alicante|A-7|468.4|471.2;0;0;Autovía
IMD_40786;Alicante|A-7|471.2|479.6;2;1;Autovía
IMD_40787;Alicante|A-7|479.6|481.5;1;1;Autovía
IMD_40788;Alicante|A-7|481.5|492;1;1;Autovía
IMD_40789;Alicante|A-7|505.99|508.65;2;1;Autovía
IMD_40790;Alicante|A-7|508.65|512;1;1;Autovía
IMD_40791;Alicante|A-7|512|513.571;2;1;Autovía
IMD_40792;Alicante|A-7|513.571|517.2;5;1;Autovía
IMD_40793;Alicante|A-7|517.2|522;5;1;Autovía
IMD_40794;Alicante|A-7|522|526.1;2;1;Autovía
IMD_40795;Alicante|A-7|526.1|527.8;0;0;Autovía
IMD_40796;Alicante|A-7|527.8|529.1;4;1;Autovía
IMD_40797;Alicante|A-7|529.1|529.5;0;0;Autovía
IMD_40798;Alicante|A-7|529.5|535;1;1;Autovía
IMD_40799;Alicante|A-7|535|538.2;2;1;Autovía
IMD_40800;Alicante|A-7|538.2|541;0;0;Autovía
IMD_40801;Alicante|A-7|541|545;3;1;Autovía
IMD_40802;Alicante|A-7|545|552.97;4;1;Autovía
IMD_40803;Murcia|A-7|552.97|555.6;5;1;Autovía
IMD_40804;Murcia|A-7|555.6|559;2;1;Autovía
IMD_40805;Murcia|A-7|559|563.516;2;1;Autovía
IMD_40806;Murcia|A-7|563.516|566.7;5;1;Autovía
IMD_40807;Murcia|A-7|566.7|567.329;5;1;Autovía
IMD_40808;Murcia|A-7|569.45|575.4;12;1;Autovía
IMD_40809;Murcia|A-7|575.4|578;3;1;Autovía
IMD_40810;Murcia|A-7|578|578.4;2;1;Autovía
IMD_40811;Murcia|A-7|578.4|585;5;1;Autovía
IMD_40812;Murcia|A-7|585|588.01;4;1;Autovía
IMD_40813;Murcia|A-7|588.01|591.2;2;1;Autovía
IMD_40814;Murcia|A-7|591.2|593.4;1;1;Autovía
IMD_40815;Murcia|A-7|593.4|597.9;11;1;Autovía
IMD_40816;Murcia|A-7|597.9|601.4;1;1;Autovía
IMD_40817;Murcia|A-7|601.4|601.8;0;0;Autovía
IMD_40818;Murcia|A-7|601.8|608.6;2;1;Autovía
IMD_40819;Murcia|A-7|608.6|611.4;1;1;Autovía
IMD_40820;Murcia|A-7|611.4|616.2;1;1;Autovía
IMD_40821;Murcia|A-7|616.2|618.991;2;1;Autovía
IMD_40822;Murcia|A-7|618.991|621.7;5;1;Autovía
IMD_40823;Murcia|A-7|621.7|623.2;2;1;Autovía
IMD_40824;Murcia|A-7|623.2|628.2;1;1;Autovía
IMD_40825;Murcia|A-7|628.2|632.9;2;1;Autovía
IMD_40826;Murcia|A-7|632.9|637.2;1;1;Autovía
IMD_40827;Murcia|A-7|637.2|640.534;2;1;Autovía
IMD_40828;Murcia|A-7|640.534|643.1;1;1;Autovía
IMD_40829;Murcia|A-7|643.1|651.6;2;1;Autovía
IMD_40830;Murcia|A-7|651.6|655.3;1;1;Autovía
IMD_40831;Murcia|A-7|655.3|662.1;1;1;Autovía
IMD_40832;Murcia|A-7|662.1|662.89;0;0;Autovía
IMD_40833;Almería|A-7|662.89|664.2;0;0;Autovía
IMD_40834;Almería|A-7|664.2|666.1;0;0;Autovía
IMD_40835;Almería|A-7|666.1|669.8;0;0;Autovía
IMD_40836;Almería|A-7|669.8|675.4;1;1;Autovía
IMD_40837;Almería|A-7|675.4|679.7;4;1;Autovía
IMD_40838;Almería|A-7|679.7|682.4;0;0;Autovía
IMD_40839;Almería|A-7|682.4|686.3;3;1;Autovía
IMD_40840;Almería|A-7|686.3|691.9;3;1;Autovía
IMD_40841;Almería|A-7|691.9|695.7;1;1;Autovía
IMD_40842;Almería|A-7|695.7|696.5;0;0;Autovía
IMD_40843;Almería|A-7|696.5|700.7;0;0;Autovía
IMD_40844;Almería|A-7|700.7|704;1;1;Autovía
IMD_40845;Almería|A-7|704|709;1;1;Autovía
IMD_40846;Almería|A-7|709|713;1;1;Autovía
IMD_40847;Almería|A-7|713|715.5;2;1;Autovía
IMD_40848;Almería|A-7|715.5|718.7;0;0;Autovía
IMD_40849;Almería|A-7|718.7|725.4;1;1;Autovía
IMD_40850;Almería|A-7|725.4|735.3;1;1;Autovía
IMD_40851;Almería|A-7|735.3|742.3;0;0;Autovía
IMD_40852;Almería|A-7|742.3|747.6;0;0;Autovía
IMD_40853;Almería|A-7|747.6|750;1;1;Autovía
IMD_40854;Almería|A-7|750|758.2;2;1;Autovía
IMD_40855;Almería|A-7|758.2|762.1;4;1;Autovía
IMD_40856;Almería|A-7|762.1|769.4;1;1;Autovía
IMD_40857;Almería|A-7|769.4|773.5;1;1;Autovía
IMD_40858;Almería|A-7|773.5|777.7;3;1;Autovía
IMD_40859;Almería|A-7|777.7|780.5;3;1;Autovía
IMD_40860;Almería|A-7|780.5|783.55;7;1;Autovía
IMD_40861;Almería|A-7|783.55|786.3;3;1;Autovía
IMD_40862;Almería|A-7|786.3|790.8;4;1;Autovía
IMD_40863;Almería|A-7|790.8|800;23;1;Autovía
IMD_40864;Almería|A-7|800|805.4;7;1;Autovía
IMD_40865;Almería|A-7|805.4|809.2;6;1;Autovía
IMD_40866;Almería|A-7|809.2|814.8;17;1;Autovía
IMD_40867;Almería|A-7|814.8|817.9;5;1;Autovía
IMD_40868;Almería|A-7|817.9|820.2;3;1;Autovía
IMD_40869;Almería|A-7|820.2|823.5;10;1;Autovía
IMD_40870;Almería|A-7|823.5|824.7;1;1;Autovía
IMD_40871;Almería|A-7|824.7|826.6;2;1;Autovía
IMD_40872;Almería|A-7|826.6|829.3;4;1;Autovía
IMD_40873;Almería|A-7|829.3|838;6;1;Autovía
IMD_40874;Almería|A-7|838|839.6;0;0;Autovía
IMD_40875;Almería|A-7|839.6|845;1;1;Autovía
IMD_40876;Almería|A-7|845|851.83;0;0;Autovía
IMD_40877;Granada|A-7|851.83|853.7;0;0;Autovía
IMD_40878;Granada|A-7|853.7|855.7;1;1;Autovía
IMD_40879;Granada|A-7|855.7|869;2;1;Autovía
IMD_40880;Granada|A-7|869|873.6;1;1;Autovía
IMD_40881;Granada|A-7|873.6|883.514;3;1;Autovía
IMD_40882;Granada|A-7|883.514|889.1;1;1;Autovía
IMD_40883;Granada|A-7|889.1|896.5;3;1;Autovía
IMD_40884;Granada|A-7|896.5|899.343;2;1;Autovía
IMD_40885;Granada|A-7|899.343|902.7;2;1;Autovía
IMD_40886;Granada|A-7|902.7|910.904;1;1;Autovía
IMD_40887;Granada|A-7|910.904|920.4;1;1;Autovía
IMD_40888;Granada|A-7|920.4|922.52;0;0;Autovía
IMD_40889;Málaga|A-7|922.52|929.8;;;Autovía
IMD_40890;Málaga|A-7|929.8|933.6;;;Autovía
IMD_40891;Málaga|A-7|933.6|940.4;;;Autovía
IMD_40892;Málaga|A-7|940.4|948.9;;;Autovía
IMD_40893;Málaga|A-7|948.9|953.6;;;Autovía
IMD_40894;Málaga|A-7|953.6|961.1;;;Autovía
IMD_40895;Málaga|A-7|961.1|966.7;;;Autovía
IMD_40896;Málaga|A-7|966.7|968.5;;;Autovía
IMD_40897;Málaga|A-7|968.5|970.45;;;Autovía
IMD_40898;Málaga|A-7|970.45|973.7;;;Autovía
IMD_40899;Málaga|A-7|973.7|978.2;;;Autovía
IMD_40900;Málaga|A-7|978.2|981.1;;;Autovía
IMD_40901;Málaga|A-7|981.1|983.9;;;Autovía
IMD_40902;Málaga|A-7|983.9|985.75;;;Autovía
IMD_40903;Málaga|A-7|985.75|988.8;;;Autovía
IMD_40904;Málaga|A-7|988.8|989;;;Autovía
IMD_40905;Málaga|A-7|989|991;;;Autovía
IMD_40906;Málaga|A-7|991|992.6;;;Autovía
IMD_40907;Málaga|A-7|992.6|995.8;;;Autovía
IMD_40908;Málaga|A-7|995.8|998.208;;;Autovía
IMD_40909;Málaga|A-7|998.208|1000.2;;;Autovía
IMD_40910;Málaga|A-7|1000.2|1001.9;;;Autopista libre de peaje para movimientos internos
IMD_40911;Málaga|A-7|1001.9|1003.5;;;Autopista libre de peaje para movimientos internos
IMD_40912;Málaga|A-7|1003.5|1008.8;;;Autopista libre de peaje para movimientos internos
IMD_40913;Málaga|A-7|1008.8|1011.25;;;Autopista libre de peaje para movimientos internos
IMD_40914;Málaga|A-7|1011.25|1012.1;;;Autovía
IMD_40915;Málaga|A-7|1012.1|1013.6;;;Autovía
IMD_40916;Málaga|A-7|1013.6|1014.6;;;Autovía
IMD_40917;Málaga|A-7|1014.6|1016.1;;;Autovía
IMD_40918;Málaga|A-7|1016.1|1020.5;;;Autovía
IMD_40919;Málaga|A-7|1020.5|1024.2;;;Autovía
IMD_40920;Málaga|A-7|1024.2|1028.1;;;Autovía
IMD_40921;Málaga|A-7|1028.1|1033.55;;;Autovía
IMD_40922;Málaga|A-7|1033.55|1041.9;;;Autovía
IMD_40923;Málaga|A-7|1041.9|1043;;;Autovía
IMD_40924;Málaga|A-7|1043|1043.6;;;Autopista libre de peaje para movimientos internos
IMD_40925;Málaga|A-7|1043.6|1047;;;Autopista libre de peaje para movimientos internos
IMD_40926;Málaga|A-7|1047|1047.25;;;Autovía
IMD_40927;Málaga|A-7|1047.25|1049.8;;;Autovía
IMD_40928;Málaga|A-7|1049.8|1053.2;;;Autovía
IMD_40929;Málaga|A-7|1053.2|1056.3;;;Autovía
IMD_40930;Málaga|A-7|1056.3|1068.6;;;Autovía
IMD_40931;Málaga|A-7|1068.6|1070.65;;;Autopista libre de peaje para movimientos internos
IMD_40932;Málaga|A-7|1070.65|1071;;;Autopista libre de peaje para movimientos internos
IMD_40933;Málaga|A-7|1071|1071.35;;;Multicarril
IMD_40934;Málaga|A-7|1071.35|1078.4;;;Multicarril
IMD_40935;Málaga|A-7|1078.4|1080.5;;;Multicarril
IMD_40936;Málaga|A-7|1080.5|1087.33;;;Multicarril
IMD_40937;Cádiz|A-7|1087.33|1091.2;2;1;Multicarril
IMD_40938;Cádiz|A-7|1091.2|1091.6;0;0;Multicarril
IMD_40939;Cádiz|A-7|1091.6|1094.4;2;1;Autovía
IMD_40940;Cádiz|A-7|1094.4|1098.1;2;1;Autovía
IMD_40941;Cádiz|A-7|1098.1|1102.7;1;1;Autovía
IMD_40942;Cádiz|A-7|1102.7|1106;3;1;Autovía
IMD_40943;Cádiz|A-7|1106|1107.3;5;1;Autovía
IMD_40944;Cádiz|A-7|1107.3|1108.4;8;1;Autovía
IMD_40945;Cádiz|A-7|1108.4|1109.7;2;1;Autovía
IMD_40946;Cádiz|A-7|1109.7|1110.5;1;1;Autovía
IMD_40947;Cádiz|A-7|1110.5|1113.25;18;1;Autovía
IMD_40948;Cádiz|A-7|1113.25|1115.5;3;1;Autovía
IMD_40949;Cádiz|A-7|1115.5|1116.65;8;1;Autovía
IMD_40950;Cádiz|A-7|1116.65|1122.69;33;1;Multicarril
IMD_40951;Tarragona|A-7|1122.16|1129.3;1;1;Autovía
IMD_40952;Tarragona|A-7|1129.3|1138;6;1;Autovía
IMD_40953;Tarragona|A-7|1138|1142.8;2;1;Autovía
IMD_40954;Tarragona|A-7|1142.8|1146.3;4;1;Autovía
IMD_40955;Tarragona|A-7|1146.3|1150.8;11;1;Autovía
IMD_40956;Tarragona|A-7|1150.8|1151.6;2;1;Autovía
IMD_40957;Tarragona|A-7|1151.6|1152.6;2;1;Autovía
IMD_40958;Tarragona|A-7|1152.6|1154.1;4;1;Autovía
IMD_40959;Tarragona|A-7|1154.1|1154.8;0;0;Autovía
IMD_40960;Tarragona|A-7|1154.8|1156.5;1;1;Autovía
IMD_40961;Tarragona|A-7|1156.5|1158.2;1;1;Autovía
IMD_40962;Tarragona|A-7|1158.2|1160.6;6;1;Autovía
IMD_40963;Tarragona|A-7|1160.6|1162.28;5;1;Autovía
IMD_40964;Tarragona|A-7|1162.28|1164.5;6;1;Autovía
IMD_40965;Tarragona|A-7|1164.5|1168.3;7;1;Autovía
IMD_40966;Tarragona|A-7|1168.3|1171.88;1;1;Autovía
IMD_40967;Alicante|A-70|0|5;1;1;Autovía
IMD_40968;Alicante|A-70|5|10.4;18;1;Autovía
IMD_40969;Alicante|A-70|10.4|13.3;18;1;Autovía
IMD_40970;Alicante|A-70|13.3|15.5;4;1;Autovía
IMD_40971;Alicante|A-70|15.5|17;4;1;Autovía
IMD_40972;Alicante|A-70|17|18.333;3;1;Autovía
IMD_40973;Alicante|A-70|18.333|21.3;23;1;Autovía
IMD_40974;Alicante|A-70|21.3|21.5;1;1;Autovía
IMD_40975;Alicante|A-70|21.5|25.7;19;1;Autovía
IMD_40976;Alicante|A-70|25.7|34.25;13;1;Autovía
IMD_40977;Alicante|A-70|34.25|34.7;1;1;Autovía
IMD_40978;Alicante|A-70|34.7|35.4;0;0;Autovía
IMD_40979;Burgos|A-73|0|9;0;0;Autovía
IMD_40980;Burgos|A-73|9|10.42;0;0;Autovía
IMD_40981;Burgos|A-73|53.7|58.83;1;1;Autovía
IMD_40982;Burgos|A-73|58.83|62.05;0;0;Autovía
IMD_40983;Burgos|A-73|62.05|63;0;0;Autovía
IMD_40984;Palencia|A-73|63|65.125;0;0;Autovía
IMD_40985;Burgos|A-73R|0|0.455;0;0;Multicarril
IMD_40986;Ourense|A-75|0|10;0;0;Autovía
IMD_40987;Ourense|A-75|10|12.722;0;0;Autovía
IMD_40988;Alicante|A-77|0|2.9;4;1;Autovía
IMD_40989;Alicante|A-77|2.9|4.4;0;0;Autovía
IMD_40990;Alicante|A-77|4.4|6.3;1;1;Autovía
IMD_40991;Alicante|A-77|6.3|7.37;1;1;Autovía
IMD_40992;Alicante|A-77A|0|0.8;9;1;Multicarril
IMD_40993;Alicante|A-77A|0.8|4.07;4;1;Multicarril
IMD_40994;Alicante|A-79|0|0.7;3;1;Multicarril
IMD_40995;Alicante|A-79|0.7|5.1;4;1;Multicarril
IMD_40996;Alicante|A-79|5.1|6;1;1;Multicarril
IMD_40997;Cantabria|A-8|139.35|141.3;5;1;Autovía
IMD_40998;Cantabria|A-8|141.3|142.6;5;1;Autovía
IMD_40999;Cantabria|A-8|142.6|147.1;7;1;Autovía
IMD_41000;Cantabria|A-8|147.1|151;3;1;Autovía
IMD_41001;Cantabria|A-8|151|153.2;1;1;Autovía
IMD_41002;Cantabria|A-8|153.2|156;1;1;Autovía
IMD_41003;Cantabria|A-8|156|159.5;5;1;Autovía
IMD_41004;Cantabria|A-8|159.5|162.6;5;1;Autovía
IMD_41005;Cantabria|A-8|162.6|168.2;2;1;Autovía
IMD_41006;Cantabria|A-8|168.2|171.3;0;0;Autovía
IMD_41007;Cantabria|A-8|171.3|173.6;0;0;Autovía
IMD_41008;Cantabria|A-8|173.6|176.8;3;1;Autovía
IMD_41009;Cantabria|A-8|176.8|182.3;4;1;Autovía
IMD_41010;Cantabria|A-8|182.3|188.1;4;1;Autovía
IMD_41011;Cantabria|A-8|188.1|193.2;4;1;Autovía
IMD_41012;Cantabria|A-8|193.2|195;2;1;Autovía
IMD_41013;Cantabria|A-8|195|196.7;0;0;Autovía
IMD_41014;Cantabria|A-8|196.7|199.4;0;0;Autovía
IMD_41015;Cantabria|A-8|199.4|202.3;0;0;Autovía
IMD_41016;Cantabria|A-8|202.3|209.8;0;0;Autovía
IMD_41017;Cantabria|A-8|209.8|213.7;0;0;Autovía
IMD_41018;Cantabria|A-8|213.7|218.1;1;1;Autovía
IMD_41019;Cantabria|A-8|218.1|222.4;1;1;Autovía
IMD_41020;Cantabria|A-8|222.4|225;3;1;Autovía
IMD_41021;Cantabria|A-8|225|228.4;8;1;Autovía
IMD_41022;Cantabria|A-8|228.4|229.9;1;1;Autovía
IMD_41023;Cantabria|A-8|229.9|231.561;2;1;Autovía
IMD_41024;Cantabria|A-8|231.561|237.846;8;1;Autovía
IMD_41025;Cantabria|A-8|237.846|243.7;3;1;Autovía
IMD_41026;Cantabria|A-8|243.7|248.7;3;1;Autovía
IMD_41027;Cantabria|A-8|248.7|258;1;1;Autovía
IMD_41028;Cantabria|A-8|258|263.3;1;1;Autovía
IMD_41029;Cantabria|A-8|263.3|272;2;1;Autovía
IMD_41030;Cantabria|A-8|272|273.5;0;0;Autovía
IMD_41031;Asturias|A-8|273.5|277.3;0;0;Autovía
IMD_41032;Asturias|A-8|277.3|285;0;0;Autovía
IMD_41033;Asturias|A-8|285|290.3;1;1;Autovía
IMD_41034;Asturias|A-8|290.3|293.9;0;0;Autovía
IMD_41035;Asturias|A-8|293.9|300;2;1;Autovía
IMD_41036;Asturias|A-8|300|305.5;3;1;Autovía
IMD_41037;Asturias|A-8|305.5|311.8;0;0;Autovía
IMD_41038;Asturias|A-8|311.8|318.5;2;1;Autovía
IMD_41039;Asturias|A-8|318.5|325.641;0;0;Autovía
IMD_41040;Asturias|A-8|325.641|330.6;2;1;Autovía
IMD_41041;Asturias|A-8|330.6|337.6;2;1;Autovía
IMD_41042;Asturias|A-8|337.6|345.5;2;1;Autovía
IMD_41043;Asturias|A-8|345.5|352.7;4;1;Autovía
IMD_41044;Asturias|A-8|352.7|355.9;2;1;Autovía
IMD_41045;Asturias|A-8|355.9|360;2;1;Autovía
IMD_41046;Asturias|A-8|360|370.376;0;0;Autovía
IMD_41047;Asturias|A-8|370.376|379.2;8;1;Autovía
IMD_41048;Asturias|A-8|379.2|381.7;5;1;Autovía
IMD_41049;Asturias|A-8|381.7|382.2;0;0;Autovía
IMD_41050;Asturias|A-8|382.2|384.349;0;0;Autovía
IMD_41051;Asturias|A-8|384.349|390.9;3;1;Autovía
IMD_41052;Asturias|A-8|390.9|394.4;1;1;Autovía
IMD_41053;Asturias|A-8|394.4|398.9;2;1;Autovía
IMD_41054;Asturias|A-8|398.9|405.455;6;1;Autovía
IMD_41055;Asturias|A-8|405.455|408.2;3;1;Autovía
IMD_41056;Asturias|A-8|408.2|413.1;2;1;Autovía
IMD_41057;Asturias|A-8|413.1|417;3;1;Autovía
IMD_41058;Asturias|A-8|417|420.088;0;0;Autovía
IMD_41059;Asturias|A-8|420.088|424.7;1;1;Autovía
IMD_41060;Asturias|A-8|424.7|430.4;0;0;Autovía
IMD_41061;Asturias|A-8|430.4|433.6;2;1;Autovía
IMD_41062;Asturias|A-8|433.6|437;0;0;Autovía
IMD_41063;Asturias|A-8|437|441.109;0;0;Autovía
IMD_41064;Asturias|A-8|441.109|444.678;0;0;Autovía
IMD_41065;Asturias|A-8|444.678|450.7;0;0;Autovía
IMD_41066;Asturias|A-8|450.7|454.8;1;1;Autovía
IMD_41067;Asturias|A-8|454.8|460.1;1;1;Autovía
IMD_41068;Asturias|A-8|460.1|464.6;3;1;Autovía
IMD_41069;Asturias|A-8|464.6|473.8;2;1;Autovía
IMD_41070;Asturias|A-8|473.8|477;0;0;Autovía
IMD_41071;Asturias|A-8|477|483.1;0;0;Autovía
IMD_41072;Asturias|A-8|483.1|487.5;1;1;Autovía
IMD_41073;Asturias|A-8|487.5|495.3;0;0;Autovía
IMD_41074;Asturias|A-8|495.3|501.2;1;1;Autovía
IMD_41075;Asturias|A-8|501.2|504.3;1;1;Autovía
IMD_41076;Asturias|A-8|504.3|505.54;0;0;Autovía
IMD_41077;Lugo|A-8|505.54|506.4;0;0;Autovía
IMD_41078;Lugo|A-8|506.4|508.1;0;0;Autovía
IMD_41079;Lugo|A-8|508.1|515.6;0;0;Autovía
IMD_41080;Lugo|A-8|515.6|523.5;0;0;Autovía
IMD_41081;Lugo|A-8|523.5|533.8;0;0;Autovía
IMD_41082;Lugo|A-8|533.8|535;0;0;Autovía
IMD_41083;Lugo|A-8|535|542;0;0;Autovía
IMD_41084;Lugo|A-8|542|551.4;1;1;Autovía
IMD_41085;Lugo|A-8|551.4|557;0;0;Autovía
IMD_41086;Lugo|A-8|557|563;1;1;Autovía
IMD_41087;Lugo|A-8|563|569.5;0;0;Autovía
IMD_41088;Lugo|A-8|569.5|575.4;0;0;Autovía
IMD_41089;Lugo|A-8|575.4|577.8;0;0;Autovía
IMD_41090;Lugo|A-8|577.8|583.22;0;0;Autovía
IMD_41091;Lugo|A-8|583.22|587.9;1;1;Autovía
IMD_41092;Lugo|A-8|587.9|594.8;1;1;Autovía
IMD_41093;Murcia|A-91|0.25|3.1;1;1;Autovía
IMD_41094;Murcia|A-91|3.1|5.9;1;1;Autovía
IMD_41095;Murcia|A-91|5.9|14.6;0;0;Autovía
IMD_41096;Murcia|A-91|14.6|17.98;1;1;Autovía
IMD_41097;Almería|A-92|375.465|382.6;1;1;Autovía
IMD_41098;Almería|A-92|382.6|387.4;1;1;Autovía
IMD_41099;Almería|A-92|387.4|392.82;3;1;Autovía
IMD_41100;A Coruña|AC-10|0|0.5;0;0;Convencional
IMD_41101;A Coruña|AC-10|0.5|2.5;0;0;Multicarril
IMD_41102;A Coruña|AC-11|0|1;0;0;Multicarril
IMD_41103;A Coruña|AC-11|1|2.1;0;0;Multicarril
IMD_41104;A Coruña|AC-11|2.1|2.6;1;1;Multicarril
IMD_41105;A Coruña|AC-11|2.6|3.4;7;1;Multicarril
IMD_41106;A Coruña|AC-11|3.4|4.17;5;1;Multicarril
IMD_41107;A Coruña|AC-12|0.3|1.4;0;0;Multicarril
IMD_41108;A Coruña|AC-12|1.4|1.6;0;0;Multicarril
IMD_41109;A Coruña|AC-12|4.16|4.4;0;0;Multicarril
IMD_41110;A Coruña|AC-12|4.4|5;1;1;Multicarril
IMD_41111;A Coruña|AC-12|5.38|7.1;3;1;Multicarril
IMD_41112;A Coruña|AC-12|7.1|7.4;1;1;Multicarril
IMD_41113;A Coruña|AC-12|7.4|9.02;3;1;Multicarril
IMD_41114;A Coruña|AC-14|0|1;0;0;Autovía
IMD_41115;A Coruña|AC-14|1|2.2;0;0;Autovía
IMD_41116;A Coruña|AC-14|2.2|3.023;1;1;Autovía
IMD_41117;A Coruña|AC-14|3.023|3.4;0;0;Autovía
IMD_41118;A Coruña|AC-14|3.4|7.2;4;1;Autovía
IMD_41119;A Coruña|AC-14|7.2|10.745;2;1;Autovía
IMD_41120;A Coruña|AC-14AL|0|2;2;1;Convencional
IMD_41121;A Coruña|AC-14AL|2|2.843;1;1;Convencional
IMD_41122;A Coruña|AC-14T|0|1.62;0;0;Convencional
IMD_41123;A Coruña|AC-15|0|4.635;0;0;Autovía
IMD_41124;Asturias|AI-81|1.68|4;0;0;Autovía
IMD_41125;Asturias|AI-81|4|5.02;1;1;Autovía
IMD_41126;Asturias|AI-82|0|2.16;0;0;Autovía
IMD_41127;Almería|AL-14|0|1.74;0;0;Convencional
IMD_41128;Burgos|AP-1|1.65|7.4;1;1;Autopista libre
IMD_41129;Burgos|AP-1|7.4|36.8;6;1;Autopista libre
IMD_41130;Burgos|AP-1|36.8|57.8;1;1;Autopista libre
IMD_41131;Burgos|AP-1|57.8|66.4;2;1;Autopista libre
IMD_41132;Burgos|AP-1|66.4|74;0;0;Autopista libre
IMD_41133;Burgos|AP-1|74|77.2;2;1;Autopista libre
IMD_41134;Zaragoza|AP-2|18.126|22.9;2;1;Autopista libre
IMD_41135;Zaragoza|AP-2|22.9|42.7;5;1;Autopista libre
IMD_41136;Zaragoza|AP-2|42.7|66.7;1;1;Autopista libre
IMD_41137;Zaragoza|AP-2|66.7|70.7;1;1;Autopista libre
IMD_41138;Huesca|AP-2|70.7|113.9;6;1;Autopista libre
IMD_41139;Huesca|AP-2|113.9|120.5;0;0;Autopista libre
IMD_41140;Lleida|AP-2|120.5|126.9;3;1;Autopista libre
IMD_41141;Lleida|AP-2|126.9|140;6;1;Autopista libre
IMD_41142;Lleida|AP-2|140|160.4;3;1;Autopista libre
IMD_41143;Lleida|AP-2|160.4|172.4;2;1;Autopista libre
IMD_41144;Lleida|AP-2|172.4|181.1;5;1;Autopista libre
IMD_41145;Tarragona|AP-2|181.1|192.7;4;1;Autopista libre
IMD_41146;Tarragona|AP-2|192.7|206.2;0;0;Autopista libre
IMD_41147;Tarragona|AP-2|206.2|214.8;1;1;Autopista libre
IMD_41148;Tarragona|AP-2|214.8|228.5;8;1;Autopista libre
IMD_41149;Tarragona|AP-2|228.5|234.06;4;1;Autopista libre
IMD_41150;Toledo|AP-36|0|2.1;0;0;Autopista de peaje
IMD_41151;Toledo|AP-36|2.1|28.7;2;1;Autopista de peaje
IMD_41152;Toledo|AP-36|28.7|52;1;1;Autopista de peaje
IMD_41153;Toledo|AP-36|52|72.19;1;1;Autopista de peaje
IMD_41154;Cuenca|AP-36|72.19|73.2;0;0;Autopista de peaje
IMD_41155;Cuenca|AP-36|73.2|93.6;2;1;Autopista de peaje
IMD_41156;Cuenca|AP-36|93.6|121.4;1;1;Autopista de peaje
IMD_41157;Cuenca|AP-36|121.4|129.1;0;0;Autopista libre
IMD_41158;Cuenca|AP-36|129.1|134.3;0;0;Autopista libre
IMD_41159;Cuenca|AP-36|134.3|143.91;4;1;Autopista libre
IMD_41160;Albacete|AP-36|143.91|146.757;1;1;Autopista libre
IMD_41161;Sevilla|AP-4|13.45|15.4;1;1;Autopista libre
IMD_41162;Sevilla|AP-4|15.4|22.9;4;1;Autopista libre
IMD_41163;Sevilla|AP-4|22.9|26.7;2;1;Autopista libre
IMD_41164;Sevilla|AP-4|26.7|44.4;11;1;Autopista libre
IMD_41165;Sevilla|AP-4|44.4|53;4;1;Autopista libre
IMD_41166;Sevilla|AP-4|53|61.195;3;1;Autopista libre
IMD_41167;Cádiz|AP-4|61.195|78;9;1;Autopista libre
IMD_41168;Cádiz|AP-4|78|84.3;7;1;Autopista libre
IMD_41169;Cádiz|AP-4|84.3|101.4;6;1;Autopista libre
IMD_41170;Cádiz|AP-4|101.4|104.2;2;1;Autopista libre
IMD_41171;Cádiz|AP-4|104.2|105.36;0;0;Autopista libre
IMD_41172;Madrid|AP-41|0|2.3;0;0;Autopista de peaje
IMD_41173;Madrid|AP-41|2.3|8;1;1;Autopista de peaje
IMD_41174;Madrid|AP-41|8|10.98;0;0;Autopista de peaje
IMD_41175;Toledo|AP-41|10.98|16;0;0;Autopista de peaje
IMD_41176;Toledo|AP-41|16|25.3;1;1;Autopista de peaje
IMD_41177;Toledo|AP-41|25.3|28.7;0;0;Autopista de peaje
IMD_41178;Toledo|AP-41|28.7|34.7;0;0;Autopista de peaje
IMD_41179;Toledo|AP-41|34.7|43.6;0;0;Autopista de peaje
IMD_41180;Toledo|AP-41|43.6|47.6;0;0;Autopista de peaje
IMD_41181;Málaga|AP-46|0|23;5;1;Autopista de peaje
IMD_41182;Sevilla|AP-4A|12.594|15.42;0;0;Autopista libre
IMD_41183;Segovia|AP-51|80.83|82.23;0;0;Autopista de peaje
IMD_41184;Segovia|AP-51|82.23|85.11;1;1;Autopista de peaje
IMD_41185;Ávila|AP-51|85.11|103;1;1;Autopista de peaje
IMD_41186;Ávila|AP-51|103|104.9;0;0;Autopista libre de peaje para movimientos internos
IMD_41187;A Coruña|AP-53|0|2;0;0;Autopista de peaje
IMD_41188;A Coruña|AP-53|2|14.8;3;1;Autopista de peaje
IMD_41189;A Coruña|AP-53|14.8|17.9;0;0;Autopista de peaje
IMD_41190;Pontevedra|AP-53|17.9|24.4;0;0;Autopista de peaje
IMD_41191;Pontevedra|AP-53|24.4|27.5;0;0;Autopista de peaje
IMD_41192;Pontevedra|AP-53|27.5|33.4;1;1;Autopista de peaje
IMD_41193;Pontevedra|AP-53|33.4|41.7;1;1;Autopista de peaje
IMD_41194;Pontevedra|AP-53|41.7|46.5;3;1;Autopista de peaje
IMD_41195;Pontevedra|AP-53|46.5|49.9;0;0;Autopista de peaje
IMD_41196;Pontevedra|AP-53|49.9|56.6;0;0;Autopista de peaje
IMD_41197;Madrid|AP-6|39.56|41.6;1;1;Autopista libre de peaje para movimientos internos
IMD_41198;Madrid|AP-6|41.6|47.2;2;1;Autopista libre de peaje para movimientos internos
IMD_41199;Madrid|AP-6|47.2|51.7;3;1;Autopista libre de peaje para movimientos internos
IMD_41200;Madrid|AP-6|51.7|54.8;0;0;Autopista de peaje
IMD_41201;Segovia|AP-6|54.8|60.1;2;1;Autopista de peaje
IMD_41202;Segovia|AP-6|60.1|61.3;0;0;Autopista de peaje
IMD_41203;Segovia|AP-6|61.3|81;6;1;Autopista de peaje
IMD_41204;Segovia|AP-6|81|88.03;1;1;Autopista de peaje
IMD_41205;Ávila|AP-6|88.03|92.28;0;0;Autopista de peaje
IMD_41206;Segovia|AP-6|92.28|96.1;0;0;Autopista de peaje
IMD_41207;Ávila|AP-6|96.1|102.2;2;1;Autopista de peaje
IMD_41208;Ávila|AP-6|102.2|107.7;0;0;Autopista de peaje
IMD_41209;Ávila|AP-6|107.7|109.6;0;0;Autopista de peaje
IMD_41210;Segovia|AP-61|61|68.3;0;0;Autopista de peaje
IMD_41211;Segovia|AP-61|68.3|73.7;0;0;Autopista de peaje
IMD_41212;Segovia|AP-61|73.7|86;1;1;Autopista de peaje
IMD_41213;Segovia|AP-61|86|87.7;0;0;Autopista libre de peaje para movimientos internos
IMD_41214;Segovia|AP-61|87.7|88.6;0;0;Autopista libre de peaje para movimientos internos
IMD_41215;Asturias|AP-66|65|83.9;4;1;Autopista de peaje
IMD_41216;León|AP-66|83.9|92.3;0;0;Autopista de peaje
IMD_41217;León|AP-66|92.3|112.5;1;1;Autopista de peaje
IMD_41218;León|AP-66|112.5|141.4;2;1;Autopista de peaje
IMD_41219;León|AP-66|141.4|143.1;0;0;Autopista de peaje
IMD_41220;Burgos|AP-68|77.597|77.96;0;0;Autopista de peaje
IMD_41221;La Rioja|AP-68|77.96|87;2;1;Autopista de peaje
IMD_41222;La Rioja|AP-68|87|110.165;0;0;Autopista de peaje
IMD_41223;La Rioja|AP-68|110.165|118.1;1;1;Autopista de peaje
IMD_41224;La Rioja|AP-68|118.1|126.9;1;1;Autopista de peaje
IMD_41225;La Rioja|AP-68|126.9|138.3;1;1;Autopista de peaje
IMD_41226;La Rioja|AP-68|138.3|143;0;0;Autopista de peaje
IMD_41227;La Rioja|AP-68|143|162.53;1;1;Autopista de peaje
IMD_41228;Navarra|AP-68|162.53|164.2;1;1;Autopista de peaje
IMD_41229;Navarra|AP-68|164.2|166.48;0;0;Autopista de peaje
IMD_41230;La Rioja|AP-68|166.48|174.6;0;0;Autopista de peaje
IMD_41231;La Rioja|AP-68|174.6|201.85;2;1;Autopista de peaje
IMD_41232;Navarra|AP-68|201.85|202.1;0;0;Autopista de peaje
IMD_41233;Navarra|AP-68|202.1|208.3;0;0;Autopista de peaje
IMD_41234;Navarra|AP-68|208.3|219;0;0;Autopista de peaje
IMD_41235;Navarra|AP-68|219|237;0;0;Autopista de peaje
IMD_41236;Zaragoza|AP-68|237|249.1;2;1;Autopista de peaje
IMD_41237;Zaragoza|AP-68|249.1|272;2;1;Autopista de peaje
IMD_41238;Zaragoza|AP-68|272|274.5;0;0;Autopista de peaje
IMD_41239;Zaragoza|AP-68|274.5|291.83;4;1;Autopista de peaje
IMD_41240;Zaragoza|AP-68|291.83|295.2;0;0;Autopista libre
IMD_41241;Girona|AP-7|0|3.3;2;1;Autopista libre
IMD_41242;Girona|AP-7|3.3|6.5;2;1;Autopista libre
IMD_41243;Girona|AP-7|6.5|20.2;4;1;Autopista libre
IMD_41244;Girona|AP-7|20.2|28.5;3;1;Autopista libre
IMD_41245;Girona|AP-7|28.5|40.2;5;1;Autopista libre
IMD_41246;Girona|AP-7|40.2|48;5;1;Autopista libre
IMD_41247;Girona|AP-7|48|54.4;2;1;Autopista libre
IMD_41248;Girona|AP-7|54.4|59.3;11;1;Autopista libre
IMD_41249;Girona|AP-7|59.3|64.1;17;1;Autopista libre
IMD_41250;Girona|AP-7|64.1|66.5;4;1;Autopista libre
IMD_41251;Girona|AP-7|66.5|71.2;2;1;Autopista libre
IMD_41252;Girona|AP-7|71.2|84.4;8;1;Autopista libre
IMD_41253;Girona|AP-7|84.4|92.6;17;1;Autopista libre
IMD_41254;Barcelona|AP-7|92.6|95.1;;;Autopista libre
IMD_41255;Barcelona|AP-7|95.1|111.3;;;Autopista libre
IMD_41256;Barcelona|AP-7|111.3|124.4;;;Autopista libre
IMD_41257;Barcelona|AP-7|124.4|126;;;Autopista libre
IMD_41258;Barcelona|AP-7|126|132.6;;;Autopista libre
IMD_41259;Barcelona|AP-7|132.6|135.9;;;Autopista libre
IMD_41260;Cádiz|AP-7|133.48|136.93;0;0;Autopista de peaje
IMD_41261;Barcelona|AP-7|135.9|136.2;;;Autopista libre
IMD_41262;Barcelona|AP-7|136.2|138.5;;;Autopista libre
IMD_41263;Málaga|AP-7|136.93|142.3;;;Autopista de peaje
IMD_41264;Barcelona|AP-7|138.5|139.3;;;Autopista libre
IMD_41265;Barcelona|AP-7|139.3|141.1;;;Autopista libre
IMD_41266;Barcelona|AP-7|141.1|143.4;;;Autopista libre
IMD_41267;Málaga|AP-7|142.3|154.01;;;Autopista de peaje
IMD_41268;Barcelona|AP-7|143.4|146;;;Autopista libre
IMD_41269;Barcelona|AP-7|146|147.4;;;Autopista libre
IMD_41270;Barcelona|AP-7|147.4|149.7;;;Autopista libre
IMD_41271;Barcelona|AP-7|149.7|154.1;;;Autopista libre
IMD_41272;Barcelona|AP-7|154.1|158.4;;;Autopista libre
IMD_41273;Málaga|AP-7|156.44|171.3;;;Autopista de peaje
IMD_41274;Barcelona|AP-7|158.4|161.6;;;Autopista libre
IMD_41275;Barcelona|AP-7|161.6|170.8;;;Autopista libre
IMD_41276;Barcelona|AP-7|170.8|176.1;;;Autopista libre
IMD_41277;Málaga|AP-7|171.3|180.54;;;Autopista de peaje
IMD_41278;Barcelona|AP-7|176.1|183.3;;;Autopista libre
IMD_41279;Barcelona|AP-7|183.3|193.1;;;Autopista libre
IMD_41280;Málaga|AP-7|185.58|200;;;Autopista de peaje
IMD_41281;Barcelona|AP-7|193.1|194.118;;;Autopista libre
IMD_41282;Barcelona|AP-7|194.118|195;;;Autopista libre
IMD_41283;Barcelona|AP-7|195|199;;;Autopista libre
IMD_41284;Barcelona|AP-7|199|207.27;;;Autopista libre
IMD_41285;Málaga|AP-7|200|212.3;;;Autopista de peaje
IMD_41286;Tarragona|AP-7|207.27|212.2;8;1;Autopista libre
IMD_41287;Tarragona|AP-7|212.2|219.4;15;1;Autopista libre
IMD_41288;Málaga|AP-7|212.3|213;;;Autopista de peaje
IMD_41289;Tarragona|AP-7|219.4|231.7;14;1;Autopista libre
IMD_41290;Málaga|AP-7|224.8|226.3;;;Autopista libre de peaje para movimientos internos
IMD_41291;Málaga|AP-7|226.3|229.32;;;Autopista libre de peaje para movimientos internos
IMD_41292;Tarragona|AP-7|231.7|246.7;25;1;Autopista libre
IMD_41293;Tarragona|AP-7|246.7|251.4;6;1;Autopista libre
IMD_41294;Tarragona|AP-7|251.4|256.6;6;1;Autopista libre
IMD_41295;Tarragona|AP-7|256.6|264.7;8;1;Autopista libre
IMD_41296;Tarragona|AP-7|264.7|280.6;9;1;Autopista libre
IMD_41297;Tarragona|AP-7|280.6|297.1;18;1;Autopista libre
IMD_41298;Tarragona|AP-7|297.1|308.4;10;1;Autopista libre
IMD_41299;Tarragona|AP-7|308.4|318.8;15;1;Autopista libre
IMD_41300;Tarragona|AP-7|318.8|321.6;3;1;Autopista libre
IMD_41301;Tarragona|AP-7|321.6|344.98;16;1;Autopista libre
IMD_41302;Castellón|AP-7|344.98|346.2;1;1;Autopista libre
IMD_41303;Castellón|AP-7|346.2|365.6;4;1;Autopista libre
IMD_41304;Castellón|AP-7|365.6|391.4;18;1;Autopista libre
IMD_41305;Castellón|AP-7|391.4|406.4;6;1;Autopista libre
IMD_41306;Castellón|AP-7|406.4|425.5;16;1;Autopista libre
IMD_41307;Castellón|AP-7|425.5|433.4;7;1;Autopista libre
IMD_41308;Castellón|AP-7|433.4|444.3;5;1;Autopista libre
IMD_41309;Castellón|AP-7|444.3|454.6;16;1;Autopista libre
IMD_41310;Castellón|AP-7|454.6|465.47;15;1;Autopista libre
IMD_41311;Valencia|AP-7|465.47|471.35;;;Autopista libre
IMD_41312;Valencia|AP-7|526.78|527.5;;;Autopista libre
IMD_41313;Valencia|AP-7|527.5|531.8;;;Autopista libre
IMD_41314;Valencia|AP-7|531.8|534.4;;;Autopista libre
IMD_41315;Valencia|AP-7|534.4|543.8;;;Autopista libre
IMD_41316;Valencia|AP-7|543.8|557.5;;;Autopista libre
IMD_41317;Valencia|AP-7|557.5|572;;;Autopista libre
IMD_41318;Valencia|AP-7|572|587.5;;;Autopista libre
IMD_41319;Valencia|AP-7|587.5|600.7;;;Autopista libre
IMD_41320;Alicante|AP-7|600.7|608;4;1;Autopista libre
IMD_41321;Alicante|AP-7|608|621.1;6;1;Autopista libre
IMD_41322;Alicante|AP-7|621.1|637.8;9;1;Autopista libre
IMD_41323;Alicante|AP-7|637.8|647.6;5;1;Autopista libre
IMD_41324;Alicante|AP-7|647.6|651.7;1;1;Autopista libre
IMD_41325;Alicante|AP-7|651.7|657.6;3;1;Autopista libre
IMD_41326;Alicante|AP-7|657.6|673.38;15;1;Autopista libre
IMD_41327;Alicante|AP-7|673.38|676.3;1;1;Autopista libre
IMD_41328;Alicante|AP-7|676.3|681.2;0;0;Autopista de peaje
IMD_41329;Alicante|AP-7|681.2|690.7;2;1;Autopista de peaje
IMD_41330;Alicante|AP-7|690.7|703.8;1;1;Autopista de peaje
IMD_41331;Alicante|AP-7|703.8|707.61;0;0;Autopista de peaje
IMD_41332;Alicante|AP-7|724|730.4;2;1;Autopista libre de peaje para movimientos internos
IMD_41333;Alicante|AP-7|730.4|733.2;1;1;Autopista libre de peaje para movimientos internos
IMD_41334;Alicante|AP-7|733.2|737.7;3;1;Autopista libre de peaje para movimientos internos
IMD_41335;Alicante|AP-7|737.7|740.6;2;1;Autopista libre de peaje para movimientos internos
IMD_41336;Alicante|AP-7|740.6|742.9;3;1;Autopista libre de peaje para movimientos internos
IMD_41337;Alicante|AP-7|742.9|745.3;2;1;Autopista libre de peaje para movimientos internos
IMD_41338;Alicante|AP-7|745.3|751.3;3;1;Autopista libre de peaje para movimientos internos
IMD_41339;Alicante|AP-7|751.3|754.3;1;1;Autopista de peaje
IMD_41340;Alicante|AP-7|754.3|758.3;0;0;Autopista libre de peaje para movimientos internos
IMD_41341;Alicante|AP-7|758.3|763.7;0;0;Autopista de peaje
IMD_41342;Alicante|AP-7|763.7|768.2;1;1;Autopista de peaje
IMD_41343;Alicante|AP-7|768.2|770.2;1;1;Autopista libre de peaje para movimientos internos
IMD_41344;Alicante|AP-7|770.2|773.6;2;1;Autopista libre de peaje para movimientos internos
IMD_41345;Alicante|AP-7|773.6|774.35;1;1;Autopista libre de peaje para movimientos internos
IMD_41346;Murcia|AP-7|774.35|775.2;0;0;Autopista libre de peaje para movimientos internos
IMD_41347;Murcia|AP-7|775.2|778;3;1;Autopista libre de peaje para movimientos internos
IMD_41348;Murcia|AP-7|778|780.7;2;1;Autopista libre de peaje para movimientos internos
IMD_41349;Murcia|AP-7|780.7|781.7;2;1;Autopista libre de peaje para movimientos internos
IMD_41350;Murcia|AP-7|781.7|783.9;1;1;Autopista libre de peaje para movimientos internos
IMD_41351;Murcia|AP-7|783.9|786.3;0;0;Autopista libre de peaje para movimientos internos
IMD_41352;Murcia|AP-7|786.3|790.5;2;1;Autopista libre de peaje para movimientos internos
IMD_41353;Murcia|AP-7|790.5|794.6;1;1;Autopista libre de peaje para movimientos internos
IMD_41354;Murcia|AP-7|794.6|796.7;0;0;Autopista libre de peaje para movimientos internos
IMD_41355;Murcia|AP-7|796.7|799.8;0;0;Autopista libre de peaje para movimientos internos
IMD_41356;Murcia|AP-7|799.8|805;1;1;Autopista libre de peaje para movimientos internos
IMD_41357;Murcia|AP-7|805|809.6;0;0;Autopista libre de peaje para movimientos internos
IMD_41358;Murcia|AP-7|809.6|811.8;2;1;Autopista libre de peaje para movimientos internos
IMD_41359;Murcia|AP-7|811.8|814.1;0;0;Autopista libre de peaje para movimientos internos
IMD_41360;Murcia|AP-7|814.1|815.103;1;1;Autopista de peaje
IMD_41361;Murcia|AP-7|815.103|829.1;1;1;Autopista de peaje
IMD_41362;Murcia|AP-7|829.1|844.6;0;0;Autopista de peaje
IMD_41363;Murcia|AP-7|844.6|856.8;1;1;Autopista de peaje
IMD_41364;Murcia|AP-7|856.8|865.5;1;1;Autopista de peaje
IMD_41365;Murcia|AP-7|865.5|877.6;0;0;Autopista de peaje
IMD_41366;Murcia|AP-7|877.6|885.8;1;1;Autopista de peaje
IMD_41367;Almería|AP-7|885.8|889.9;0;0;Autopista de peaje
IMD_41368;Almería|AP-7|889.9|901.4;0;0;Autopista de peaje
IMD_41369;Almería|AP-7|901.4|914.2;1;1;Autopista de peaje
IMD_41370;León|AP-71|0|9.5;0;0;Autopista de peaje
IMD_41371;León|AP-71|9.5|23.3;1;1;Autopista de peaje
IMD_41372;León|AP-71|23.3|34.2;0;0;Autopista de peaje
IMD_41373;León|AP-71|34.2|36.6;0;0;Autopista libre de peaje para movimientos internos
IMD_41374;León|AP-71|36.6|38;0;0;Autopista libre de peaje para movimientos internos
IMD_41375;Murcia|AP-7R|799.79|800.9;0;0;Autopista de peaje
IMD_41376;Murcia|AP-7R|800.9|802.11;0;0;Autopista de peaje
IMD_41377;A Coruña|AP-9|2.5|7.814;17;1;Autopista con peaje bonificado
IMD_41378;A Coruña|AP-9|7.814|12.1;3;1;Autopista con peaje bonificado
IMD_41379;A Coruña|AP-9|12.1|13.8;1;1;Autopista con peaje bonificado
IMD_41380;A Coruña|AP-9|13.8|16.4;3;1;Autopista de peaje
IMD_41381;A Coruña|AP-9|16.4|41.1;9;1;Autopista de peaje
IMD_41382;A Coruña|AP-9|41.1|55.3;4;1;Autopista de peaje
IMD_41383;A Coruña|AP-9|55.3|67;1;1;Autopista de peaje
IMD_41384;A Coruña|AP-9|67|71.7;8;1;Autopista libre de peaje para movimientos internos
IMD_41385;A Coruña|AP-9|71.7|74.7;3;1;Autopista libre de peaje para movimientos internos
IMD_41386;A Coruña|AP-9|74.7|80.8;0;0;Autopista de peaje
IMD_41387;A Coruña|AP-9|80.8|92.8;9;1;Autopista de peaje
IMD_41388;A Coruña|AP-9|92.8|94.6;0;0;Autopista de peaje
IMD_41389;Pontevedra|AP-9|94.6|104.65;0;0;Autopista de peaje
IMD_41390;Pontevedra|AP-9|104.65|109.7;2;1;Autopista de peaje
IMD_41391;Pontevedra|AP-9|109.7|114.1;1;1;Autopista de peaje
IMD_41392;Pontevedra|AP-9|114.1|119.2;1;1;Autopista de peaje
IMD_41393;Pontevedra|AP-9|119.2|128.8;9;1;Autopista de peaje
IMD_41394;Pontevedra|AP-9|128.8|132.2;3;1;Autopista libre de peaje para movimientos internos
IMD_41395;Pontevedra|AP-9|132.2|137.6;4;1;Autopista de peaje
IMD_41396;Pontevedra|AP-9|137.6|146.3;2;1;Autopista de peaje
IMD_41397;Pontevedra|AP-9|146.3|149.2;7;1;Autopista con peaje bonificado
IMD_41398;Pontevedra|AP-9|149.2|151.1;2;1;Autopista con peaje bonificado
IMD_41399;Pontevedra|AP-9|151.1|157.69;15;1;Autopista libre de peaje para movimientos internos
IMD_41400;Pontevedra|AP-9|157.69|159.3;3;1;Autopista libre de peaje para movimientos internos
IMD_41401;Pontevedra|AP-9|159.3|160.7;2;1;Autopista libre de peaje para movimientos internos
IMD_41402;Pontevedra|AP-9|160.7|168.1;1;1;Autopista de peaje
IMD_41403;Pontevedra|AP-9|168.1|177.86;2;1;Autopista de peaje
IMD_41404;A Coruña|AP-9F|0|1.245;0;0;Autopista de peaje
IMD_41405;A Coruña|AP-9F|1.245|2.7;1;1;Autopista de peaje
IMD_41406;A Coruña|AP-9F|2.7|3.1;0;0;Autopista de peaje
IMD_41407;A Coruña|AP-9F|3.1|12.2;1;1;Autopista de peaje
IMD_41408;A Coruña|AP-9F|12.2|21.2;2;1;Autopista de peaje
IMD_41409;A Coruña|AP-9F|21.2|26.9;2;1;Autopista de peaje
IMD_41410;A Coruña|AP-9F|26.9|31.3;4;1;Autopista libre
IMD_41411;A Coruña|AP-9F|31.3|32.6;2;1;Autopista libre
IMD_41412;A Coruña|AP-9F|32.6|34;2;1;Autopista libre
IMD_41413;A Coruña|AP-9F|34|36.2;4;1;Autopista libre
IMD_41414;Pontevedra|AP-9V|0|2.3;4;1;Autopista libre de peaje para movimientos internos
IMD_41415;Pontevedra|AP-9V|2.3|3.6;2;1;Autopista libre de peaje para movimientos internos
IMD_41416;Pontevedra|AP-9V|3.6|5.02;1;1;Autopista libre de peaje para movimientos internos
IMD_41417;Ávila|AV-20|0|3;2;1;Autovía
IMD_41418;Ávila|AV-20|3|6;1;1;Autovía
IMD_41419;Ávila|AV-20|6|6.5;1;1;Autovía
IMD_41420;Ávila|AV-20|6.5|8.2;1;1;Autovía
IMD_41421;Ávila|AV-20|8.2|9.66;1;1;Autovía
IMD_41422;Barcelona|B-10|12.29|17.4;;;Autovía
IMD_41423;Barcelona|B-10|17.4|18.2;;;Autovía
IMD_41424;Barcelona|B-10|18.2|19.6;;;Autovía
IMD_41425;Barcelona|B-10|19.6|20.19;;;Autovía
IMD_41426;Barcelona|B-20|0|0.3;;;Autovía
IMD_41427;Barcelona|B-20|0.3|2.7;;;Autovía
IMD_41428;Barcelona|B-20|2.7|3.5;;;Autovía
IMD_41429;Barcelona|B-20|16.45|23.5;;;Autovía
IMD_41430;Barcelona|B-20|23.5|24.7;;;Autovía
IMD_41431;Barcelona|B-20|24.7|26.86;;;Autovía
IMD_41432;Barcelona|B-22|0.2|1.6;2;1;Autovía
IMD_41433;Barcelona|B-22|1.6|2.3;0;0;Autovía
IMD_41434;Barcelona|B-22|4.5|6.8;7;1;Autovía
IMD_41435;Barcelona|B-23|0|0.2;0;0;Autopista libre
IMD_41436;Barcelona|B-23|0.2|5.9;49;1;Autopista libre
IMD_41437;Barcelona|B-23|5.9|8.4;21;1;Autopista libre
IMD_41438;Barcelona|B-23|8.4|10.64;22;1;Autopista libre
IMD_41439;Barcelona|B-23|10.64|15.49;19;1;Autopista de peaje
IMD_41440;Barcelona|B-24|1.4|7.6;5;1;Autovía
IMD_41441;Barcelona|B-24|7.6|10.64;8;1;Autovía
IMD_41442;Barcelona|B-30|0|0.5;0;0;Autovía
IMD_41443;Barcelona|B-30|0.5|3.1;9;1;Autovía
IMD_41444;Barcelona|B-30|3.1|4;1;1;Autovía
IMD_41445;Barcelona|B-30|4|7;7;1;Autovía
IMD_41446;Barcelona|B-30|7|10.1;51;1;Autovía
IMD_41447;Barcelona|B-30|10.1|11.43;15;1;Autovía
IMD_41448;Barcelona|B-40|0|7.7;6;1;Autovía
IMD_41449;Barcelona|B-40|7.7|11.1;7;1;Autovía
IMD_41450;Barcelona|B-40|11.1|13;3;1;Autovía
IMD_41451;Badajoz|BA-20|0|0.1;0;0;Multicarril
IMD_41452;Badajoz|BA-20|0.1|2.8;1;1;Multicarril
IMD_41453;Badajoz|BA-20|2.8|3.7;0;0;Multicarril
IMD_41454;Badajoz|BA-20|3.7|4.3;0;0;Multicarril
IMD_41455;Badajoz|BA-20|4.3|5.5;0;0;Multicarril
IMD_41456;Badajoz|BA-20|5.5|6;0;0;Multicarril
IMD_41457;Badajoz|BA-20|6|7;0;0;Multicarril
IMD_41458;Badajoz|BA-20|7|7.69;0;0;Multicarril
IMD_41459;Burgos|BU-11|0|1.6;0;0;Multicarril
IMD_41460;Burgos|BU-11|1.6|3.6;0;0;Multicarril
IMD_41461;Burgos|BU-11|3.6|4.08;0;0;Multicarril
IMD_41462;Burgos|BU-11R|2.68|3.55;0;0;Multicarril
IMD_41463;Burgos|BU-12|0|1.31;0;0;Convencional
IMD_41464;Burgos|BU-30|0|1.8;1;1;Autovía
IMD_41465;Burgos|BU-30|1.8|4.2;0;0;Autovía
IMD_41466;Burgos|BU-30|4.2|9.4;0;0;Autovía
IMD_41467;Burgos|BU-30|9.4|17.6;0;0;Autovía
IMD_41468;Burgos|BU-30|17.6|20.2;1;1;Autovía
IMD_41469;Burgos|BU-30|20.2|23.4;0;0;Autovía
IMD_41470;Burgos|BU-30|23.4|25.97;0;0;Autovía
IMD_41471;Burgos|BU-30R|9.2|11;0;0;Autovía
IMD_41472;Cádiz|CA-31|0|2.14;0;0;Multicarril
IMD_41473;Cádiz|CA-32|0|1.3;0;0;Multicarril
IMD_41474;Cádiz|CA-32|1.3|4.2;1;1;Autovía
IMD_41475;Cádiz|CA-32|4.2|4.7;1;1;Autovía
IMD_41476;Cádiz|CA-32|4.7|5.06;0;0;Multicarril
IMD_41477;Cádiz|CA-33|0|7.41;5;1;Multicarril
IMD_41478;Cádiz|CA-33|7.41|13.24;9;1;Autovía
IMD_41479;Cádiz|CA-34|0|3.1;5;1;Multicarril
IMD_41480;Cádiz|CA-35|0|2;1;1;Autovía
IMD_41481;Cádiz|CA-35|2|7;7;1;Autovía
IMD_41482;Cádiz|CA-36|0|2.06;1;1;Autovía
IMD_41483;Cádiz|CA-36|2.06|5.47;0;0;Convencional
IMD_41484;Cádiz|CA-37|0|1.5;0;0;Multicarril
IMD_41485;Córdoba|CO-31|266|268;1;1;Autovía
IMD_41486;Córdoba|CO-31|268|268.9;4;1;Autovía
IMD_41487;Córdoba|CO-32|0|0.8;0;0;Autovía
IMD_41488;Córdoba|CO-32|0.8|3.4;0;0;Autovía
IMD_41489;Córdoba|CO-32|3.4|6.5;0;0;Autovía
IMD_41490;Castellón|CS-22|0|0.8;0;0;Multicarril
IMD_41491;Castellón|CS-22|0.8|2;0;0;Autovía
IMD_41492;Castellón|CS-22|2|2.5;0;0;Autovía
IMD_41493;Castellón|CS-22|2.5|4.6;1;1;Autovía
IMD_41494;Castellón|CS-22|4.6|6.3;4;1;Autovía
IMD_41495;Castellón|CS-22|6.3|8.3;2;1;Autovía
IMD_41496;Castellón|CS-22|8.3|10.22;2;1;Autovía
IMD_41497;Castellón|CS-22|10.22|11.34;0;0;Convencional
IMD_41498;Murcia|CT-31|0|1;0;0;Autovía
IMD_41499;Murcia|CT-31|1|2.349;0;0;Autovía
IMD_41500;Murcia|CT-32|2.63|3.1;1;1;Autovía
IMD_41501;Murcia|CT-32|3.1|3.9;2;1;Autovía
IMD_41502;Murcia|CT-32|3.9|6.2;0;0;Autovía
IMD_41503;Murcia|CT-32|6.2|7.78;0;0;Autovía
IMD_41504;Murcia|CT-33|0|0.5;0;0;Multicarril
IMD_41505;Murcia|CT-33|0.5|2.33;0;0;Multicarril
IMD_41506;Murcia|CT-34|0|0.8;2;1;Multicarril
IMD_41507;Murcia|CT-34|0.8|3.1;0;0;Multicarril
IMD_41508;Murcia|CT-34|3.1|5.8;1;1;Multicarril
IMD_41509;Murcia|CT-34|5.8|7.1;1;1;Multicarril
IMD_41510;Murcia|CT-34|7.1|9.02;0;0;Multicarril
IMD_41511;Alicante|CV-80|16|19;1;1;Autovía
IMD_41512;Alicante|EL-20|0|1.2;3;1;Autovía
IMD_41513;Alicante|EL-20|1.2|2.9;0;0;Autovía
IMD_41514;Alicante|EL-20|2.9|4.2;1;1;Autovía
IMD_41515;A Coruña|FE-11|0|0.7;1;1;Multicarril
IMD_41516;A Coruña|FE-11|0.7|1;0;0;Multicarril
IMD_41517;A Coruña|FE-11|1|4.1;1;1;Multicarril
IMD_41518;A Coruña|FE-11|4.1|6.21;1;1;Multicarril
IMD_41519;A Coruña|FE-12|0|0.8;0;0;Multicarril
IMD_41520;A Coruña|FE-12|0.8|2.14;1;1;Multicarril
IMD_41521;A Coruña|FE-13|0|1.2;4;1;Multicarril
IMD_41522;A Coruña|FE-13|1.2|1.4;0;0;Multicarril
IMD_41523;A Coruña|FE-13|1.4|2.1;0;0;Multicarril
IMD_41524;A Coruña|FE-13|2.1|3.2;5;1;Multicarril
IMD_41525;A Coruña|FE-13|3.2|3.67;0;0;Multicarril
IMD_41526;A Coruña|FE-14|0|1.3;1;1;Multicarril
IMD_41527;A Coruña|FE-14|1.3|4.059;0;0;Multicarril
IMD_41528;A Coruña|FE-14|4.059|4.8;0;0;Multicarril
IMD_41529;A Coruña|FE-15|0|3;1;1;Multicarril
IMD_41530;A Coruña|FE-15|3|3.44;0;0;Multicarril
IMD_41531;Asturias|GJ-10|0|2.7;5;1;Convencional
IMD_41532;Asturias|GJ-10|2.7|4.2;1;1;Convencional
IMD_41533;Asturias|GJ-10|4.2|4.515;1;1;Convencional
IMD_41534;Asturias|GJ-81|1.486|2.8;1;1;Autovía
IMD_41535;Asturias|GJ-81|2.8|4.6;2;1;Autovía
IMD_41536;Granada|GR-14|0|2.426;4;1;Autovía
IMD_41537;Granada|GR-14|2.426|2.9;0;0;Autovía
IMD_41538;Granada|GR-16|0|0.8;0;0;Autovía
IMD_41539;Granada|GR-16|0.8|2;1;1;Autovía
IMD_41540;Granada|GR-16|2|3;0;0;Convencional
IMD_41541;Granada|GR-30|0|0.8;0;0;Autovía
IMD_41542;Granada|GR-30|0.8|1.649;1;1;Autovía
IMD_41543;Granada|GR-30|1.649|3.406;0;0;Autovía
IMD_41544;Granada|GR-30|3.406|5.389;2;1;Autovía
IMD_41545;Granada|GR-30|5.389|5.917;2;1;Autovía
IMD_41546;Granada|GR-30|5.917|7.933;7;1;Autovía
IMD_41547;Granada|GR-30|7.933|9.245;5;1;Autovía
IMD_41548;Granada|GR-30|9.245|12.505;11;1;Autovía
IMD_41549;Granada|GR-30|12.505|15.455;15;1;Autovía
IMD_41550;Granada|GR-30|15.455|16.774;1;1;Autovía
IMD_41551;Granada|GR-30|16.774|23.7;2;1;Autovía
IMD_41552;Granada|GR-30|23.7|26.992;6;1;Autovía
IMD_41553;Granada|GR-43|1.777|8.6;0;0;Autovía
IMD_41554;Granada|GR-43|8.6|8.7;0;0;Autovía
IMD_41555;Granada|GR-43|8.7|12.55;0;0;Autovía
IMD_41556;Huelva|H-30|0|0.3;0;0;Multicarril
IMD_41557;Huelva|H-30|0.3|3.2;4;1;Multicarril
IMD_41558;Huelva|H-30|3.2|8.353;4;1;Multicarril
IMD_41559;Huelva|H-30|8.353|8.9;0;0;Multicarril
IMD_41560;Huelva|H-30|8.9|10.4;3;1;Autovía
IMD_41561;Huelva|H-30|10.4|11.5;1;1;Autovía
IMD_41562;Huelva|H-30|11.5|15.5;5;1;Autovía
IMD_41563;Huelva|H-30|15.5|19.1;3;1;Autovía
IMD_41564;Huelva|H-31|77.6|79.7;2;1;Autovía
IMD_41565;Huelva|H-31|79.7|83.9;0;0;Autovía
IMD_41566;Huelva|H-31|83.9|84.664;1;1;Autovía
IMD_41567;León|LE-11|0|1.35;0;0;Multicarril
IMD_41568;León|LE-11|1.35|1.9;0;0;Autovía
IMD_41569;León|LE-11|1.9|7.4;0;0;Autovía
IMD_41570;León|LE-11|7.4|9;0;0;Convencional
IMD_41571;León|LE-20|142.9|143.5;0;0;Multicarril
IMD_41572;León|LE-20|143.5|144.4;0;0;Multicarril
IMD_41573;León|LE-20|144.4|145.8;0;0;Multicarril
IMD_41574;León|LE-20|145.8|147;0;0;Multicarril
IMD_41575;León|LE-20|147|148.5;0;0;Multicarril
IMD_41576;León|LE-30|0|1;1;1;Autovía
IMD_41577;León|LE-30|1|2.5;0;0;Autovía
IMD_41578;León|LE-30|2.5|3.6;0;0;Autovía
IMD_41579;León|LE-30|3.6|8.8;2;1;Autovía
IMD_41580;León|LE-30|8.8|9.938;0;0;Autovía
IMD_41581;Lleida|LL-11|0|3.3;0;0;Multicarril
IMD_41582;Lleida|LL-11|3.3|5;3;1;Multicarril
IMD_41583;Lleida|LL-11|5|8;5;1;Multicarril
IMD_41584;Lleida|LL-12|0|0.2;1;1;Autovía
IMD_41585;Lleida|LL-12|0.2|2.3;1;1;Autovía
IMD_41586;Lleida|LL-12|2.3|5.7;0;0;Autovía
IMD_41587;La Rioja|LO-20|0|1.9;0;0;Autovía
IMD_41588;La Rioja|LO-20|1.9|6.4;2;1;Autovía
IMD_41589;La Rioja|LO-20|6.4|8.092;6;1;Autovía
IMD_41590;La Rioja|LO-20|8.092|9.1;3;1;Autovía
IMD_41591;La Rioja|LO-20|9.1|11.536;1;1;Autovía
IMD_41592;La Rioja|LO-20|11.536|17;9;1;Autovía
IMD_41593;La Rioja|LO-20|17|18.164;0;0;Autovía
IMD_41594;Lugo|LU-11|0|1.3;0;0;Multicarril
IMD_41595;Lugo|LU-11|1.3|2.1;1;1;Multicarril
IMD_41596;Lugo|LU-11|2.1|3.8;0;0;Multicarril
IMD_41597;Lugo|LU-11|3.8|4.4;0;0;Multicarril
IMD_41598;Lugo|LU-12|0|3.16;0;0;Multicarril
IMD_41599;Madrid|M-11|1.25|2.9;3;1;Autovía
IMD_41600;Madrid|M-11|2.9|6.7;4;1;Autovía
IMD_41601;Madrid|M-11|6.7|10.1;5;1;Autovía
IMD_41602;Madrid|M-110|0|1.2;0;0;Multicarril
IMD_41603;Madrid|M-12|0|2.55;0;0;Autopista de peaje
IMD_41604;Madrid|M-12|2.55|3.55;0;0;Autopista de peaje
IMD_41605;Madrid|M-12|3.55|4.875;0;0;Autopista de peaje
IMD_41606;Madrid|M-12|4.875|6.45;0;0;Autopista de peaje
IMD_41607;Madrid|M-12|6.45|6.909;0;0;Autopista de peaje
IMD_41608;Madrid|M-12|6.909|8.2;1;1;Autopista de peaje
IMD_41609;Madrid|M-12|8.2|10.5;3;1;Autopista libre
IMD_41610;Madrid|M-13|0|1.2;3;1;Autovía
IMD_41611;Madrid|M-13|1.2|2.1;0;0;Autovía
IMD_41612;Madrid|M-14|0|0.8;5;1;Autovía
IMD_41613;Madrid|M-14|0.8|2.3;9;1;Autovía
IMD_41614;Madrid|M-14|2.3|2.97;1;1;Autovía
IMD_41615;Madrid|M-21|0|0.9;0;0;Autovía
IMD_41616;Madrid|M-21|0.9|3.3;3;1;Autovía
IMD_41617;Madrid|M-21|3.3|4.96;0;0;Autovía
IMD_41618;Madrid|M-21|4.96|5.686;0;0;Autovía
IMD_41619;Madrid|M-21|5.686|7.9;12;1;Autovía
IMD_41620;Madrid|M-22|0|1.43;1;1;Convencional
IMD_41621;Madrid|M-23|0.3|2.4;0;0;Autovía
IMD_41622;Madrid|M-31|0|2.3;4;1;Autovía
IMD_41623;Madrid|M-31|2.3|5.25;1;1;Autovía
IMD_41624;Madrid|M-40|0|0.2;0;0;Autovía
IMD_41625;Madrid|M-40|0.2|1.5;1;1;Autovía
IMD_41626;Madrid|M-40|1.5|5.313;9;1;Autovía
IMD_41627;Madrid|M-40|5.313|8.7;11;1;Autovía
IMD_41628;Madrid|M-40|8.7|10.7;13;1;Autovía
IMD_41629;Madrid|M-40|10.7|12.4;16;1;Autovía
IMD_41630;Madrid|M-40|12.4|15.4;17;1;Autovía
IMD_41631;Madrid|M-40|15.4|18.1;21;1;Autovía
IMD_41632;Madrid|M-40|18.1|20.8;16;1;Autovía
IMD_41633;Madrid|M-40|20.8|22.244;25;1;Autovía
IMD_41634;Madrid|M-40|22.244|24.4;12;1;Autovía
IMD_41635;Madrid|M-40|24.4|26.2;10;1;Autovía
IMD_41636;Madrid|M-40|26.2|27.5;14;1;Autovía
IMD_41637;Madrid|M-40|27.5|29.6;10;1;Autovía
IMD_41638;Madrid|M-40|29.6|35;19;1;Autovía
IMD_41639;Madrid|M-40|35|40.1;10;1;Autovía
IMD_41640;Madrid|M-40|40.1|46;4;1;Autovía
IMD_41641;Madrid|M-40|46|50.4;8;1;Autovía
IMD_41642;Madrid|M-40|50.4|57.6;17;1;Autovía
IMD_41643;Madrid|M-40|57.6|61.13;6;1;Autovía
IMD_41644;Madrid|M-50|0|2.5;2;1;Autopista libre
IMD_41645;Madrid|M-50|2.5|4.03;0;0;Autopista libre
IMD_41646;Madrid|M-50|4.03|5.2;0;0;Autopista libre de peaje para movimientos internos
IMD_41647;Madrid|M-50|5.2|9.2;0;0;Autopista libre de peaje para movimientos internos
IMD_41648;Madrid|M-50|9.2|9.6;0;0;Autopista libre
IMD_41649;Madrid|M-50|9.6|11.268;1;1;Autopista libre
IMD_41650;Madrid|M-50|11.268|13.8;1;1;Autopista libre
IMD_41651;Madrid|M-50|13.8|15.8;1;1;Autopista libre
IMD_41652;Madrid|M-50|15.8|18.6;3;1;Autopista libre
IMD_41653;Madrid|M-50|18.6|20.2;3;1;Autopista libre
IMD_41654;Madrid|M-50|20.2|22.8;2;1;Autopista libre
IMD_41655;Madrid|M-50|22.8|25.6;5;1;Autopista libre
IMD_41656;Madrid|M-50|25.6|30.6;9;1;Autopista libre
IMD_41657;Madrid|M-50|30.6|36.8;10;1;Autopista libre
IMD_41658;Madrid|M-50|36.8|40.7;4;1;Autopista libre
IMD_41659;Madrid|M-50|40.7|44.5;9;1;Autopista libre
IMD_41660;Madrid|M-50|44.5|47.8;17;1;Autopista libre
IMD_41661;Madrid|M-50|47.8|50.2;5;1;Autopista libre
IMD_41662;Madrid|M-50|50.2|55.1;15;1;Autopista libre
IMD_41663;Madrid|M-50|55.1|56.8;8;1;Autopista libre
IMD_41664;Madrid|M-50|56.8|58.4;2;1;Autopista libre
IMD_41665;Madrid|M-50|58.4|60.9;6;1;Autopista libre
IMD_41666;Madrid|M-50|60.9|63.3;5;1;Autopista libre
IMD_41667;Madrid|M-50|63.3|64.9;3;1;Autopista libre
IMD_41668;Madrid|M-50|64.9|66.163;2;1;Autopista libre
IMD_41669;Madrid|M-50|66.163|69;5;1;Autopista libre
IMD_41670;Madrid|M-50|69|71.2;1;1;Autopista libre
IMD_41671;Madrid|M-50|71.2|75.1;7;1;Autopista libre
IMD_41672;Madrid|M-50|75.1|77.03;7;1;Autopista libre
IMD_41673;Madrid|M-50|77.03|79.5;6;1;Autopista libre
IMD_41674;Madrid|M-50|79.5|81.7;5;1;Autopista libre
IMD_41675;Madrid|M-50|81.7|85.44;13;1;Autopista libre
IMD_41676;Málaga|MA-20|0|3;8;1;Autovía
IMD_41677;Málaga|MA-20|3|5.1;8;1;Autovía
IMD_41678;Málaga|MA-20|5.1|8;16;1;Autovía
IMD_41679;Málaga|MA-20|8|9.589;12;1;Autovía
IMD_41680;Málaga|MA-20|9.589|13.3;8;1;Autovía
IMD_41681;Málaga|MA-22|0|0.7;2;1;Multicarril
IMD_41682;Málaga|MA-22|0.7|4.4;0;0;Multicarril
IMD_41683;Málaga|MA-23|0|1.949;1;1;Autovía
IMD_41684;Málaga|MA-24|0|0.9;;;Autovía
IMD_41685;Málaga|MA-24|0.9|1.534;;;Autovía
IMD_41686;Málaga|MA-24|6.57|7.5;;;Autovía
IMD_41693;Murcia|MU-30|0|1.6;1;1;Autovía
IMD_41694;Murcia|MU-30|1.6|5.6;4;1;Autovía
IMD_41695;Murcia|MU-30|5.6|7.3;2;1;Autovía
IMD_41696;Murcia|MU-30|7.3|10.24;7;1;Autovía
IMD_41697;Murcia|MU-30|16.3|23.453;2;1;Autovía
IMD_41698;Murcia|MU-31|0|1.1;0;0;Autovía
IMD_41699;Murcia|MU-31|1.1|5.566;3;1;Autovía
IMD_41700;Segovia|N-1|115.56|116.1;0;0;Convencional
IMD_41701;Segovia|N-1|116.1|117.5;1;1;Convencional
IMD_41702;Segovia|N-1|117.5|118.2;0;0;Convencional
IMD_41703;Segovia|N-1|118.2|118.9;0;0;Convencional
IMD_41704;Burgos|N-1|146.6|146.9;0;0;Convencional
IMD_41705;Burgos|N-1|146.9|149.7;0;0;Convencional
IMD_41706;Burgos|N-1|149.7|153;0;0;Convencional
IMD_41707;Burgos|N-1|153|154;0;0;Convencional
IMD_41708;Burgos|N-1|154|154.8;0;0;Convencional
IMD_41709;Burgos|N-1|154.8|155.2;1;1;Convencional
IMD_41710;Burgos|N-1|155.2|157.3;0;0;Convencional
IMD_41711;Burgos|N-1|157.3|158.8;0;0;Convencional
IMD_41712;Burgos|N-1|158.8|159.8;0;0;Convencional
IMD_41713;Burgos|N-1|159.8|160.55;0;0;Convencional
IMD_41714;Burgos|N-1|161.61|163.2;0;0;Convencional
IMD_41715;Burgos|N-1|169.2|170.5;0;0;Convencional
IMD_41716;Burgos|N-1|170.5|171.2;0;0;Convencional
IMD_41717;Burgos|N-1|176.3|176.9;0;0;Convencional
IMD_41718;Burgos|N-1|176.9|178.3;0;0;Convencional
IMD_41719;Burgos|N-1|185.16|186.3;0;0;Convencional
IMD_41720;Burgos|N-1|186.3|186.9;0;0;Convencional
IMD_41721;Burgos|N-1|195.18|196.5;0;0;Convencional
IMD_41722;Burgos|N-1|196.5|197.825;0;0;Convencional
IMD_41723;Burgos|N-1|199.69|200.7;0;0;Convencional
IMD_41724;Burgos|N-1|200.7|201.6;0;0;Convencional
IMD_41725;Burgos|N-1|201.6|202.2;0;0;Convencional
IMD_41726;Burgos|N-1|202.2|202.7;0;0;Convencional
IMD_41727;Burgos|N-1|202.7|202.8;0;0;Convencional
IMD_41728;Burgos|N-1|243.08|243.48;0;0;Multicarril
IMD_41729;Burgos|N-1|244|246.78;0;0;Multicarril
IMD_41730;Burgos|N-1|246.78|248.87;0;0;Convencional
IMD_41731;Burgos|N-1|249.5|253.5;0;0;Convencional
IMD_41732;Burgos|N-1|253.5|254;0;0;Convencional
IMD_41733;Burgos|N-1|254|262.2;0;0;Convencional
IMD_41734;Burgos|N-1|262.2|264.5;0;0;Convencional
IMD_41735;Burgos|N-1|264.5|270.5;0;0;Convencional
IMD_41736;Burgos|N-1|270.5|278.1;1;1;Convencional
IMD_41737;Burgos|N-1|278.1|280.1;0;0;Convencional
IMD_41738;Burgos|N-1|280.1|286.6;0;0;Convencional
IMD_41739;Burgos|N-1|286.6|288.8;0;0;Convencional
IMD_41740;Burgos|N-1|288.8|295;0;0;Convencional
IMD_41741;Burgos|N-1|295|296.9;0;0;Convencional
IMD_41742;Burgos|N-1|296.9|302;2;1;Convencional
IMD_41743;Burgos|N-1|302|306.7;0;0;Convencional
IMD_41744;Burgos|N-1|306.7|308.8;1;1;Convencional
IMD_41745;Burgos|N-1|308.8|309.9;1;1;Convencional
IMD_41746;Burgos|N-1|309.9|312.2;0;0;Convencional
IMD_41747;Burgos|N-1|312.2|314.7;0;0;Convencional
IMD_41748;Burgos|N-1|314.7|318.5;1;1;Convencional
IMD_41749;Burgos|N-1|318.5|319.1;0;0;Convencional
IMD_41750;Burgos|N-1|319.1|321.45;1;1;Convencional
IMD_41751;Burgos|N-1|329.4|330.3;0;0;Convencional
IMD_41752;Burgos|N-1|330.3|331.22;0;0;Convencional
IMD_41753;Burgos|N-1|331.22|332.2;0;0;Multicarril
IMD_41754;Burgos|N-1|332.2|333.6;0;0;Multicarril
IMD_41755;Burgos|N-1|333.6|334.62;0;0;Multicarril
IMD_41756;Burgos|N-1|334.62|336.2;0;0;Convencional
IMD_41757;Soria|N-110|66.84|68;0;0;Convencional
IMD_41758;Soria|N-110|68|69.8;2;1;Convencional
IMD_41759;Soria|N-110|69.8|70;0;0;Convencional
IMD_41760;Soria|N-110|70|71.4;0;0;Convencional
IMD_41761;Soria|N-110|71.4|74.7;0;0;Convencional
IMD_41762;Soria|N-110|74.7|75.6;0;0;Convencional
IMD_41763;Soria|N-110|75.6|80.9;0;0;Convencional
IMD_41764;Soria|N-110|80.9|85.8;0;0;Convencional
IMD_41765;Soria|N-110|85.8|89.3;0;0;Convencional
IMD_41766;Soria|N-110|89.3|90.205;0;0;Convencional
IMD_41767;Segovia|N-110|90.205|93;0;0;Convencional
IMD_41768;Segovia|N-110|93|95.6;0;0;Convencional
IMD_41769;Segovia|N-110|95.6|99;0;0;Convencional
IMD_41770;Segovia|N-110|99|101;0;0;Convencional
IMD_41771;Segovia|N-110|101|103.7;0;0;Convencional
IMD_41772;Segovia|N-110|103.7|107.4;0;0;Convencional
IMD_41773;Segovia|N-110|107.4|109.6;0;0;Convencional
IMD_41774;Segovia|N-110|109.6|115;2;1;Convencional
IMD_41775;Segovia|N-110|115|118.5;1;1;Convencional
IMD_41776;Segovia|N-110|118.5|119.8;0;0;Convencional
IMD_41777;Segovia|N-110|119.8|124.8;1;1;Convencional
IMD_41778;Segovia|N-110|124.8|125.1;0;0;Convencional
IMD_41779;Segovia|N-110|125.1|126.4;0;0;Convencional
IMD_41780;Segovia|N-110|126.4|128.4;1;1;Convencional
IMD_41781;Segovia|N-110|128.4|128.98;0;0;Convencional
IMD_41782;Segovia|N-110|134.55|139;2;1;Convencional
IMD_41783;Segovia|N-110|139|140.5;0;0;Convencional
IMD_41784;Segovia|N-110|140.5|144;0;0;Convencional
IMD_41785;Segovia|N-110|144|145;0;0;Convencional
IMD_41786;Segovia|N-110|145|150.4;0;0;Convencional
IMD_41787;Segovia|N-110|150.4|150.6;0;0;Convencional
IMD_41788;Segovia|N-110|150.6|154.3;2;1;Convencional
IMD_41789;Segovia|N-110|154.3|154.5;0;0;Convencional
IMD_41790;Segovia|N-110|154.5|157.9;0;0;Convencional
IMD_41791;Segovia|N-110|157.9|158.9;0;0;Convencional
IMD_41792;Segovia|N-110|158.9|159.1;0;0;Convencional
IMD_41793;Segovia|N-110|159.1|160.2;1;1;Convencional
IMD_41794;Segovia|N-110|160.2|162.1;0;0;Convencional
IMD_41795;Segovia|N-110|162.1|166.7;1;1;Convencional
IMD_41796;Segovia|N-110|166.7|172.6;1;1;Convencional
IMD_41797;Segovia|N-110|172.6|177.355;2;1;Convencional
IMD_41798;Segovia|N-110|177.355|180.7;0;0;Convencional
IMD_41799;Segovia|N-110|180.7|181;1;1;Convencional
IMD_41800;Segovia|N-110|181|184.5;4;1;Convencional
IMD_41801;Segovia|N-110|184.5|187.555;1;1;Convencional
IMD_41802;Segovia|N-110|193.145|194.5;1;1;Convencional
IMD_41803;Segovia|N-110|194.5|196.8;1;1;Convencional
IMD_41804;Segovia|N-110|196.8|205;4;1;Convencional
IMD_41805;Segovia|N-110|205|206.2;0;0;Convencional
IMD_41806;Segovia|N-110|206.2|208.4;3;1;Convencional
IMD_41807;Segovia|N-110|208.4|211.9;2;1;Convencional
IMD_41808;Segovia|N-110|211.9|213;0;0;Convencional
IMD_41809;Segovia|N-110|213|213.8;0;0;Convencional
IMD_41810;Segovia|N-110|213.8|216.2;0;0;Convencional
IMD_41811;Segovia|N-110|216.2|217.3;0;0;Convencional
IMD_41812;Segovia|N-110|217.3|218.8;2;1;Convencional
IMD_41813;Segovia|N-110|218.8|222.6;0;0;Convencional
IMD_41814;Segovia|N-110|222.6|226.5;0;0;Convencional
IMD_41815;Segovia|N-110|226.5|227.3;1;1;Convencional
IMD_41816;Segovia|N-110|227.3|227.8;0;0;Convencional
IMD_41817;Segovia|N-110|227.8|231;0;0;Convencional
IMD_41818;Ávila|N-110|231|233.1;1;1;Convencional
IMD_41819;Ávila|N-110|233.1|235;0;0;Convencional
IMD_41820;Ávila|N-110|235|239;0;0;Convencional
IMD_41821;Ávila|N-110|239|246.1;0;0;Convencional
IMD_41822;Ávila|N-110|246.1|249.1;1;1;Convencional
IMD_41823;Ávila|N-110|249.1|249.95;0;0;Convencional
IMD_41824;Ávila|N-110|258.65|260.5;1;1;Convencional
IMD_41825;Ávila|N-110|260.5|262.1;2;1;Convencional
IMD_41826;Ávila|N-110|262.1|262.6;2;1;Convencional
IMD_41827;Ávila|N-110|262.6|263.9;0;0;Convencional
IMD_41828;Ávila|N-110|263.9|266.5;0;0;Convencional
IMD_41829;Ávila|N-110|266.5|271.3;0;0;Convencional
IMD_41830;Ávila|N-110|271.3|273;0;0;Convencional
IMD_41831;Ávila|N-110|273|274.1;1;1;Convencional
IMD_41832;Ávila|N-110|274.1|275.6;0;0;Convencional
IMD_41833;Ávila|N-110|275.6|280;1;1;Convencional
IMD_41834;Ávila|N-110|280|282;0;0;Convencional
IMD_41835;Ávila|N-110|282|283.9;0;0;Convencional
IMD_41836;Ávila|N-110|283.9|288;2;1;Convencional
IMD_41837;Ávila|N-110|288|288.8;0;0;Convencional
IMD_41838;Ávila|N-110|288.8|290.1;0;0;Convencional
IMD_41839;Ávila|N-110|290.1|292.3;1;1;Convencional
IMD_41840;Ávila|N-110|292.3|293.7;0;0;Convencional
IMD_41841;Ávila|N-110|293.7|297.6;0;0;Convencional
IMD_41842;Ávila|N-110|297.6|301.1;1;1;Convencional
IMD_41843;Ávila|N-110|301.1|304.3;0;0;Convencional
IMD_41844;Ávila|N-110|304.3|306.8;0;0;Convencional
IMD_41845;Ávila|N-110|306.8|308;0;0;Convencional
IMD_41846;Ávila|N-110|308|310.7;0;0;Convencional
IMD_41847;Ávila|N-110|310.7|314.1;0;0;Convencional
IMD_41848;Ávila|N-110|314.1|315.1;1;1;Convencional
IMD_41849;Ávila|N-110|315.1|319.6;0;0;Convencional
IMD_41850;Ávila|N-110|319.6|324.5;0;0;Convencional
IMD_41851;Ávila|N-110|324.5|324.6;0;0;Convencional
IMD_41852;Ávila|N-110|324.6|328.4;0;0;Convencional
IMD_41853;Ávila|N-110|328.4|328.9;0;0;Convencional
IMD_41854;Ávila|N-110|328.9|335.8;3;1;Convencional
IMD_41855;Ávila|N-110|335.8|336.2;0;0;Convencional
IMD_41856;Ávila|N-110|336.2|336.4;0;0;Convencional
IMD_41857;Ávila|N-110|336.4|339.2;0;0;Convencional
IMD_41858;Ávila|N-110|339.2|341;1;1;Convencional
IMD_41859;Ávila|N-110|341|343;1;1;Convencional
IMD_41860;Ávila|N-110|343|344.5;0;0;Convencional
IMD_41861;Ávila|N-110|344.5|346.4;0;0;Convencional
IMD_41862;Ávila|N-110|346.4|347;0;0;Convencional
IMD_41863;Ávila|N-110|347|352.04;0;0;Convencional
IMD_41864;Cáceres|N-110|352.04|358.699;0;0;Convencional
IMD_41865;Cáceres|N-110|358.699|368.4;1;1;Convencional
IMD_41866;Cáceres|N-110|368.4|380.7;0;0;Convencional
IMD_41867;Cáceres|N-110|380.7|382.2;0;0;Convencional
IMD_41868;Cáceres|N-110|382.2|387.5;0;0;Convencional
IMD_41869;Cáceres|N-110|387.5|388.55;1;1;Convencional
IMD_41870;Cáceres|N-110|388.55|399.825;0;0;Convencional
IMD_41871;Cáceres|N-110|399.825|403.1;2;1;Convencional
IMD_41872;Cáceres|N-110|403.1|403.5;0;0;Convencional
IMD_41873;Cáceres|N-110|403.75|404.65;0;0;Convencional
IMD_41874;Segovia|N-110A|94.65|95.9;0;0;Convencional
IMD_41875;Segovia|N-110A|95.9|96.6;0;0;Convencional
IMD_41876;Segovia|N-110A|96.6|97;0;0;Convencional
IMD_41877;Segovia|N-110A|97|100.15;1;1;Convencional
IMD_41878;Segovia|N-110A|138.84|140.22;0;0;Convencional
IMD_41879;Segovia|N-110A|153.02|154.53;0;0;Convencional
IMD_41880;Segovia|N-110A|205.08|206.366;0;0;Convencional
IMD_41881;Segovia|N-110A|212.99|214.165;0;0;Convencional
IMD_41882;Ávila|N-110A|257.12|258.2;0;0;Convencional
IMD_41883;Soria|N-111|151.18|152.3;0;0;Convencional
IMD_41884;Soria|N-111|152.3|153.3;0;0;Convencional
IMD_41885;Soria|N-111|153.3|159.1;0;0;Convencional
IMD_41886;Soria|N-111|159.1|164.1;0;0;Convencional
IMD_41887;Soria|N-111|164.1|174.1;0;0;Convencional
IMD_41888;Soria|N-111|174.1|175.2;0;0;Convencional
IMD_41889;Soria|N-111|175.2|177.9;0;0;Convencional
IMD_41890;Soria|N-111|177.9|178.4;0;0;Convencional
IMD_41891;Soria|N-111|178.4|182.9;0;0;Convencional
IMD_41892;Soria|N-111|182.9|183.2;0;0;Convencional
IMD_41893;Soria|N-111|183.2|184.9;0;0;Convencional
IMD_41894;Soria|N-111|184.9|186.6;0;0;Convencional
IMD_41895;Soria|N-111|186.6|186.7;0;0;Convencional
IMD_41896;Soria|N-111|186.7|190.045;0;0;Convencional
IMD_41897;Soria|N-111|210|211.4;0;0;Convencional
IMD_41898;Soria|N-111|211.4|217.2;0;0;Convencional
IMD_41899;Soria|N-111|217.2|218.3;0;0;Convencional
IMD_41900;Soria|N-111|218.3|221.9;0;0;Convencional
IMD_41901;Soria|N-111|222.42|223.772;0;0;Convencional
IMD_41902;Soria|N-111|223.772|225.065;0;0;Convencional
IMD_41903;Soria|N-111|226.33|228.5;1;1;Convencional
IMD_41904;Soria|N-111|228.5|231.886;2;1;Convencional
IMD_41905;Soria|N-111|231.886|234.7;0;0;Convencional
IMD_41906;Soria|N-111|234.7|237.5;0;0;Convencional
IMD_41907;Soria|N-111|237.5|241.4;0;0;Convencional
IMD_41908;Soria|N-111|241.4|244.6;0;0;Convencional
IMD_41909;Soria|N-111|244.6|253.5;0;0;Convencional
IMD_41910;Soria|N-111|253.5|260.3;1;1;Convencional
IMD_41911;Soria|N-111|260.3|262.48;0;0;Convencional
IMD_41912;La Rioja|N-111|262.48|268.7;0;0;Convencional
IMD_41913;La Rioja|N-111|268.7|274;2;1;Convencional
IMD_41914;La Rioja|N-111|274|282;3;1;Convencional
IMD_41915;La Rioja|N-111|282|283.47;0;0;Convencional
IMD_41916;La Rioja|N-111|283.47|285;0;0;Convencional
IMD_41917;La Rioja|N-111|285|290;1;1;Convencional
IMD_41918;La Rioja|N-111|290|290.8;0;0;Convencional
IMD_41919;La Rioja|N-111|290.8|291.8;1;1;Convencional
IMD_41920;La Rioja|N-111|291.8|293;1;1;Convencional
IMD_41921;La Rioja|N-111|293|295.5;0;0;Convencional
IMD_41922;La Rioja|N-111|295.5|297;1;1;Convencional
IMD_41923;La Rioja|N-111|297|304.8;3;1;Convencional
IMD_41924;La Rioja|N-111|304.8|310;1;1;Convencional
IMD_41925;La Rioja|N-111|310|313.4;1;1;Convencional
IMD_41926;La Rioja|N-111|313.4|319.3;4;1;Convencional
IMD_41927;La Rioja|N-111|319.3|322.3;2;1;Convencional
IMD_41928;La Rioja|N-111|322.3|322.818;1;1;Multicarril
IMD_41929;La Rioja|N-111|322.818|324.112;3;1;Multicarril
IMD_41930;Soria|N-111A|260.275|266;0;0;Convencional
IMD_41931;La Rioja|N-111A|266|271.06;0;0;Convencional
IMD_41932;Soria|N-113|51.35|56;0;0;Convencional
IMD_41933;Soria|N-113|56|56.4;0;0;Convencional
IMD_41934;Soria|N-113|56.4|62.78;0;0;Convencional
IMD_41935;La Rioja|N-113|62.78|63.795;1;1;Convencional
IMD_41936;Zaragoza|N-113|63.795|64.402;0;0;Convencional
IMD_41937;La Rioja|N-113|64.402|64.7;1;1;Convencional
IMD_41938;La Rioja|N-113|64.7|67.2;2;1;Convencional
IMD_41939;La Rioja|N-113|67.2|68.31;0;0;Convencional
IMD_41940;La Rioja|N-113|78.84|80.8;0;0;Convencional
IMD_41941;La Rioja|N-113|80.8|82.34;0;0;Convencional
IMD_41942;La Rioja|N-120|8|9.3;0;0;Convencional
IMD_41943;La Rioja|N-120|16.266|17.8;0;0;Convencional
IMD_41944;La Rioja|N-120|17.8|21.6;0;0;Convencional
IMD_41945;La Rioja|N-120|21.6|22.05;0;0;Convencional
IMD_41946;La Rioja|N-120|22.05|23.3;0;0;Convencional
IMD_41947;La Rioja|N-120|23.3|24.76;1;1;Convencional
IMD_41948;La Rioja|N-120|24.76|24.9;0;0;Convencional
IMD_41949;La Rioja|N-120|24.9|27;0;0;Convencional
IMD_41950;La Rioja|N-120|27|28.25;0;0;Convencional
IMD_41951;La Rioja|N-120|28.25|28.6;0;0;Convencional
IMD_41952;La Rioja|N-120|28.6|30.35;1;1;Convencional
IMD_41953;La Rioja|N-120|30.35|32;0;0;Convencional
IMD_41954;La Rioja|N-120|32|34.6;0;0;Convencional
IMD_41955;La Rioja|N-120|34.6|39.38;0;0;Convencional
IMD_41956;La Rioja|N-120|39.38|39.9;0;0;Convencional
IMD_41957;La Rioja|N-120|39.9|42;0;0;Convencional
IMD_41958;La Rioja|N-120|42|43.44;1;1;Convencional
IMD_41959;La Rioja|N-120|45.883|46.35;0;0;Convencional
IMD_41960;La Rioja|N-120|46.35|50.72;1;1;Convencional
IMD_41961;La Rioja|N-120|50.72|53.277;0;0;Convencional
IMD_41962;Burgos|N-120|53.277|56.2;0;0;Convencional
IMD_41963;Burgos|N-120|56.2|56.69;0;0;Convencional
IMD_41964;Burgos|N-120|56.69|57.66;0;0;Convencional
IMD_41965;Burgos|N-120|57.66|59.4;0;0;Convencional
IMD_41966;Burgos|N-120|59.4|61.3;0;0;Convencional
IMD_41967;Burgos|N-120|61.3|62.9;0;0;Convencional
IMD_41968;Burgos|N-120|62.9|66.3;0;0;Convencional
IMD_41969;Burgos|N-120|66.3|67.9;0;0;Convencional
IMD_41970;Burgos|N-120|67.9|71.2;0;0;Convencional
IMD_41971;Burgos|N-120|71.2|77.1;0;0;Convencional
IMD_41972;Burgos|N-120|77.1|77.99;0;0;Convencional
IMD_41973;Burgos|N-120|77.99|88.99;1;1;Convencional
IMD_41974;Burgos|N-120|88.99|92.2;0;0;Convencional
IMD_41975;Burgos|N-120|92.2|98.35;1;1;Convencional
IMD_41976;Burgos|N-120|98.35|100.3;1;1;Convencional
IMD_41977;Burgos|N-120|100.3|103.7;0;0;Convencional
IMD_41978;Burgos|N-120|103.7|106.88;0;0;Convencional
IMD_41979;Burgos|N-120|106.88|107.3;0;0;Multicarril
IMD_41980;Burgos|N-120|107.3|107.98;0;0;Multicarril
IMD_41981;Burgos|N-120|117.3|120;0;0;Convencional
IMD_41982;Burgos|N-120|120|121.8;0;0;Convencional
IMD_41983;Burgos|N-120|121.8|124.2;3;1;Convencional
IMD_41984;Burgos|N-120|124.2|127.3;0;0;Convencional
IMD_41985;Burgos|N-120|127.3|130.6;1;1;Convencional
IMD_41986;Burgos|N-120|130.6|134;0;0;Convencional
IMD_41987;Burgos|N-120|134|134.6;0;0;Convencional
IMD_41988;Burgos|N-120|134.6|139.5;1;1;Convencional
IMD_41989;Burgos|N-120|139.5|144.2;0;0;Convencional
IMD_41990;Burgos|N-120|144.2|147.2;0;0;Convencional
IMD_41991;Burgos|N-120|147.2|150.5;0;0;Convencional
IMD_41992;Burgos|N-120|150.5|160.6;0;0;Convencional
IMD_41993;Burgos|N-120|160.6|163.4;2;1;Convencional
IMD_41994;Burgos|N-120|163.4|164.2;0;0;Convencional
IMD_41995;Burgos|N-120|164.2|171.05;0;0;Convencional
IMD_41996;Palencia|N-120|171.05|172.3;0;0;Convencional
IMD_41997;Palencia|N-120|174.61|175.3;0;0;Convencional
IMD_41998;Palencia|N-120|175.3|178.5;0;0;Convencional
IMD_41999;Palencia|N-120|178.5|183.8;0;0;Convencional
IMD_42000;Palencia|N-120|183.8|190.7;0;0;Convencional
IMD_42001;Palencia|N-120|190.7|192.6;0;0;Convencional
IMD_42002;Palencia|N-120|192.6|195.4;0;0;Convencional
IMD_42003;Palencia|N-120|195.4|197;0;0;Convencional
IMD_42004;Palencia|N-120|197|197.7;0;0;Convencional
IMD_42005;Palencia|N-120|197.7|205.2;1;1;Convencional
IMD_42006;Palencia|N-120|205.2|212;0;0;Convencional
IMD_42007;Palencia|N-120|212|212.4;0;0;Convencional
IMD_42008;Palencia|N-120|212.4|214.3;0;0;Convencional
IMD_42009;Palencia|N-120|214.3|223.2;0;0;Convencional
IMD_42010;Palencia|N-120|223.2|225;0;0;Convencional
IMD_42011;Palencia|N-120|225|227.2;0;0;Convencional
IMD_42012;Palencia|N-120|227.2|233.27;0;0;Convencional
IMD_42013;León|N-120|233.27|234;0;0;Convencional
IMD_42014;León|N-120|234|236;0;0;Convencional
IMD_42015;León|N-120|236|238.1;0;0;Convencional
IMD_42016;León|N-120|238.1|239.7;0;0;Convencional
IMD_42017;León|N-120|239.7|240.4;0;0;Convencional
IMD_42018;León|N-120|240.4|242.4;0;0;Convencional
IMD_42019;León|N-120|242.4|246.3;1;1;Convencional
IMD_42020;León|N-120|246.3|256.5;1;1;Convencional
IMD_42021;León|N-120|256.5|264.72;0;0;Convencional
IMD_42022;León|N-120|302.445|302.725;0;0;Multicarril
IMD_42023;León|N-120|307.67|311.519;0;0;Multicarril
IMD_42024;León|N-120|311.519|312.3;0;0;Multicarril
IMD_42025;León|N-120|312.3|313.2;0;0;Multicarril
IMD_42026;León|N-120|313.2|314;0;0;Convencional
IMD_42027;León|N-120|314|316.3;1;1;Convencional
IMD_42028;León|N-120|316.3|321.7;2;1;Convencional
IMD_42029;León|N-120|321.7|322.5;0;0;Convencional
IMD_42030;León|N-120|322.5|323.3;0;0;Convencional
IMD_42031;León|N-120|323.3|327.7;0;0;Convencional
IMD_42032;León|N-120|327.7|330.5;0;0;Convencional
IMD_42033;León|N-120|330.5|334;1;1;Convencional
IMD_42034;León|N-120|334|334.6;0;0;Convencional
IMD_42035;León|N-120|334.6|335.3;0;0;Convencional
IMD_42036;León|N-120|335.3|338.2;1;1;Convencional
IMD_42037;León|N-120|338.2|340.2;0;0;Convencional
IMD_42038;León|N-120|340.2|344.7;2;1;Convencional
IMD_42039;León|N-120|344.7|347.1;0;0;Convencional
IMD_42040;León|N-120|426|426.9;0;0;Convencional
IMD_42041;León|N-120|426.9|430.7;1;1;Convencional
IMD_42042;León|N-120|430.7|434.5;0;0;Convencional
IMD_42043;León|N-120|434.5|436.3;1;1;Convencional
IMD_42044;León|N-120|436.3|437.61;0;0;Convencional
IMD_42045;Ourense|N-120|437.61|447.9;0;0;Convencional
IMD_42046;Ourense|N-120|447.9|453.2;0;0;Convencional
IMD_42047;Ourense|N-120|453.2|457.1;1;1;Convencional
IMD_42048;Ourense|N-120|457.1|459.5;3;1;Convencional
IMD_42049;Ourense|N-120|459.5|464.5;1;1;Convencional
IMD_42050;Ourense|N-120|464.5|468.8;1;1;Convencional
IMD_42051;Ourense|N-120|468.8|472.8;0;0;Convencional
IMD_42052;Lugo|N-120|472.8|482.3;1;1;Convencional
IMD_42053;Lugo|N-120|482.3|483.9;0;0;Convencional
IMD_42054;Lugo|N-120|483.9|488.6;0;0;Convencional
IMD_42055;Lugo|N-120|488.6|490.6;0;0;Convencional
IMD_42056;Lugo|N-120|490.6|495.9;0;0;Convencional
IMD_42057;Lugo|N-120|495.9|500.67;0;0;Convencional
IMD_42058;Lugo|N-120|500.67|502.6;2;1;Multicarril
IMD_42059;Lugo|N-120|502.6|512.2;5;1;Convencional
IMD_42060;Lugo|N-120|512.2|521.271;0;0;Convencional
IMD_42061;Lugo|N-120|521.271|523.3;0;0;Convencional
IMD_42062;Lugo|N-120|523.3|526;0;0;Convencional
IMD_42063;Lugo|N-120|526|529.9;0;0;Convencional
IMD_42064;Lugo|N-120|529.9|534.7;0;0;Convencional
IMD_42065;Lugo|N-120|534.7|548.8;4;1;Convencional
IMD_42066;Ourense|N-120|548.8|550.7;0;0;Convencional
IMD_42067;Ourense|N-120|550.7|564.4;1;1;Convencional
IMD_42068;Ourense|N-120|564.4|565.4;0;0;Convencional
IMD_42069;Ourense|N-120|565.4|568.06;0;0;Convencional
IMD_42070;Ourense|N-120|568.75|569.3;0;0;Multicarril
IMD_42071;Ourense|N-120|569.3|569.67;0;0;Convencional
IMD_42072;Ourense|N-120|569.67|570.97;0;0;Multicarril
IMD_42073;Ourense|N-120|570.97|573.1;0;0;Multicarril
IMD_42074;Ourense|N-120|573.1|573.65;0;0;Multicarril
IMD_42075;Ourense|N-120|573.65|574.37;1;1;Multicarril
IMD_42076;Ourense|N-120|574.37|580.6;3;1;Convencional
IMD_42077;Ourense|N-120|580.6|582;1;1;Convencional
IMD_42078;Ourense|N-120|582|582.3;0;0;Convencional
IMD_42079;Ourense|N-120|582.3|583.1;0;0;Convencional
IMD_42080;Ourense|N-120|583.1|594.6;0;0;Convencional
IMD_42081;Ourense|N-120|594.6|594.9;0;0;Convencional
IMD_42082;Ourense|N-120|594.9|596.3;0;0;Convencional
IMD_42083;Ourense|N-120|596.3|601.8;0;0;Convencional
IMD_42084;Ourense|N-120|601.8|602.75;0;0;Convencional
IMD_42085;Ourense|N-120|603.98|605.2;0;0;Convencional
IMD_42086;Ourense|N-120|605.2|605.54;0;0;Convencional
IMD_42087;Ourense|N-120|607.39|609.94;0;0;Convencional
IMD_42088;Pontevedra|N-120|609.94|614.2;0;0;Convencional
IMD_42089;Pontevedra|N-120|614.2|618.5;1;1;Convencional
IMD_42090;Pontevedra|N-120|618.5|627.5;0;0;Convencional
IMD_42091;Pontevedra|N-120|627.5|630.8;0;0;Convencional
IMD_42092;Pontevedra|N-120|630.8|631.1;0;0;Convencional
IMD_42093;Pontevedra|N-120|631.1|634.1;1;1;Convencional
IMD_42094;Pontevedra|N-120|634.1|637.4;1;1;Convencional
IMD_42095;Pontevedra|N-120|637.4|637.9;0;0;Convencional
IMD_42096;Pontevedra|N-120|637.9|644.6;13;1;Convencional
IMD_42097;Pontevedra|N-120|644.6|644.9;2;1;Convencional
IMD_42098;Pontevedra|N-120|644.9|646;2;1;Convencional
IMD_42099;Pontevedra|N-120|646|650.9;4;1;Convencional
IMD_42100;Pontevedra|N-120|650.9|651.2;1;1;Convencional
IMD_42101;Pontevedra|N-120|651.2|652;1;1;Convencional
IMD_42102;Pontevedra|N-120|652|653.4;1;1;Convencional
IMD_42103;La Rioja|N-120A|47.16|47.929;0;0;Convencional
IMD_42104;Ourense|N-120A|84.8|85.7;0;0;Convencional
IMD_42105;Ourense|N-120A|86.75|88.4;0;0;Convencional
IMD_42106;Ourense|N-120A|88.4|93.4;0;0;Convencional
IMD_42107;Ourense|N-120A|93.4|98;1;1;Convencional
IMD_42108;Ourense|N-120A|99.6|102.5;0;0;Convencional
IMD_42109;Ourense|N-120A|102.5|103.6;0;0;Convencional
IMD_42110;Ourense|N-120A|103.6|104.7;0;0;Convencional
IMD_42111;León|N-120A|344.5|345.5;0;0;Convencional
IMD_42112;León|N-120A|345.5|346.05;0;0;Convencional
IMD_42113;Lugo|N-120A|526.5|527.6;0;0;Convencional
IMD_42114;Lugo|N-120A|527.6|528.3;0;0;Convencional
IMD_42115;Lugo|N-120A|528.3|531.9;1;1;Convencional
IMD_42116;Lugo|N-120A|533.6|535.4;0;0;Convencional
IMD_42117;Lugo|N-120A|535.4|539.6;0;0;Convencional
IMD_42118;Lugo|N-120A|539.6|547.1;0;0;Convencional
IMD_42119;Lugo|N-120A|547.1|548.8;0;0;Convencional
IMD_42120;Zaragoza|N-121|0|5.9;1;1;Convencional
IMD_42121;Zaragoza|N-121|5.9|6.61;0;0;Convencional
IMD_42122;Zaragoza|N-122|49.4|50;0;0;Convencional
IMD_42123;Zaragoza|N-122|50|52;2;1;Convencional
IMD_42124;Zaragoza|N-122|52|55.9;1;1;Convencional
IMD_42125;Zaragoza|N-122|55.9|57.8;0;0;Convencional
IMD_42126;Zaragoza|N-122|57.8|59;0;0;Convencional
IMD_42127;Zaragoza|N-122|59|63;1;1;Convencional
IMD_42128;Zaragoza|N-122|63|63.1;0;0;Convencional
IMD_42129;Zaragoza|N-122|63.1|63.7;0;0;Convencional
IMD_42130;Zaragoza|N-122|63.7|69.5;4;1;Convencional
IMD_42131;Zaragoza|N-122|69.5|75.2;0;0;Convencional
IMD_42132;Zaragoza|N-122|75.2|76.3;0;0;Convencional
IMD_42133;Zaragoza|N-122|76.3|83.8;3;1;Convencional
IMD_42134;Zaragoza|N-122|83.8|84.8;0;0;Convencional
IMD_42135;Zaragoza|N-122|84.8|85.9;0;0;Convencional
IMD_42136;Zaragoza|N-122|85.9|86.1;0;0;Convencional
IMD_42137;Zaragoza|N-122|86.1|88.7;1;1;Convencional
IMD_42138;Zaragoza|N-122|88.7|95.3;2;1;Convencional
IMD_42139;Zaragoza|N-122|95.3|95.8;0;0;Convencional
IMD_42140;Soria|N-122|95.8|98.125;0;0;Convencional
IMD_42141;Soria|N-122|100.6|103.625;0;0;Convencional
IMD_42142;Soria|N-122|105.975|106.3;0;0;Convencional
IMD_42143;Soria|N-122|107.5|109.6;0;0;Convencional
IMD_42144;Soria|N-122|109.6|110.4;0;0;Convencional
IMD_42145;Soria|N-122|110.4|114.8;0;0;Convencional
IMD_42146;Soria|N-122|114.8|115.3;0;0;Convencional
IMD_42147;Soria|N-122|115.3|120.4;1;1;Convencional
IMD_42148;Soria|N-122|120.4|123.7;3;1;Convencional
IMD_42149;Soria|N-122|123.7|127.6;0;0;Convencional
IMD_42150;Soria|N-122|127.6|127.7;0;0;Convencional
IMD_42151;Soria|N-122|127.7|131.9;0;0;Convencional
IMD_42152;Soria|N-122|131.9|133.3;0;0;Convencional
IMD_42153;Soria|N-122|133.3|138;2;1;Convencional
IMD_42154;Soria|N-122|138|140.5;2;1;Convencional
IMD_42155;Soria|N-122|140.5|142.7;1;1;Convencional
IMD_42156;Soria|N-122|142.7|148.07;1;1;Convencional
IMD_42157;Soria|N-122|158.64|163.5;3;1;Convencional
IMD_42158;Soria|N-122|163.5|165.2;0;0;Convencional
IMD_42159;Soria|N-122|165.2|171.7;0;0;Convencional
IMD_42160;Soria|N-122|171.7|176.2;0;0;Convencional
IMD_42161;Soria|N-122|176.2|179.8;0;0;Convencional
IMD_42162;Soria|N-122|179.8|184.4;0;0;Convencional
IMD_42163;Soria|N-122|184.4|187;0;0;Convencional
IMD_42164;Soria|N-122|187|189.2;0;0;Convencional
IMD_42165;Soria|N-122|189.2|192.2;0;0;Convencional
IMD_42166;Soria|N-122|192.2|194.8;0;0;Convencional
IMD_42167;Soria|N-122|194.8|201.8;0;0;Convencional
IMD_42168;Soria|N-122|201.8|203.3;0;0;Convencional
IMD_42169;Soria|N-122|203.3|207.7;1;1;Convencional
IMD_42170;Soria|N-122|207.7|211.6;0;0;Convencional
IMD_42171;Soria|N-122|211.6|213.5;0;0;Convencional
IMD_42172;Soria|N-122|213.5|213.6;0;0;Convencional
IMD_42173;Soria|N-122|213.6|214.1;0;0;Convencional
IMD_42174;Soria|N-122|214.1|214.2;0;0;Convencional
IMD_42175;Soria|N-122|214.2|217.9;0;0;Convencional
IMD_42176;Soria|N-122|217.9|218.035;0;0;Convencional
IMD_42177;Soria|N-122|219.3|223.76;0;0;Convencional
IMD_42178;Soria|N-122|228.8|231.5;0;0;Convencional
IMD_42179;Soria|N-122|231.5|237.3;0;0;Convencional
IMD_42180;Soria|N-122|237.3|238.1;0;0;Convencional
IMD_42181;Soria|N-122|238.1|241.05;0;0;Convencional
IMD_42182;Soria|N-122|241.5|242.8;0;0;Convencional
IMD_42183;Soria|N-122|242.8|247.06;0;0;Convencional
IMD_42184;Burgos|N-122|247.06|248.3;1;1;Convencional
IMD_42185;Burgos|N-122|248.3|251.6;0;0;Convencional
IMD_42186;Burgos|N-122|251.6|259.3;0;0;Convencional
IMD_42187;Burgos|N-122|259.3|262.8;0;0;Convencional
IMD_42188;Burgos|N-122|262.8|268.38;0;0;Convencional
IMD_42189;Burgos|N-122|272.9|274.4;1;1;Convencional
IMD_42190;Burgos|N-122|274.4|277.5;0;0;Convencional
IMD_42191;Burgos|N-122|277.5|278;0;0;Convencional
IMD_42192;Burgos|N-122|278|282.4;3;1;Convencional
IMD_42193;Burgos|N-122|282.4|283.2;0;0;Convencional
IMD_42194;Burgos|N-122|283.2|284.8;0;0;Convencional
IMD_42195;Burgos|N-122|284.8|286.6;1;1;Convencional
IMD_42196;Burgos|N-122|286.6|291.1;1;1;Convencional
IMD_42197;Burgos|N-122|291.1|294.3;0;0;Convencional
IMD_42198;Burgos|N-122|294.3|296.51;1;1;Convencional
IMD_42199;Valladolid|N-122|296.51|298.1;1;1;Convencional
IMD_42200;Valladolid|N-122|298.1|307.4;1;1;Convencional
IMD_42201;Valladolid|N-122|307.4|311.9;1;1;Convencional
IMD_42202;Valladolid|N-122|311.9|334.8;6;1;Convencional
IMD_42203;Valladolid|N-122|334.8|341.9;0;0;Convencional
IMD_42204;Valladolid|N-122|341.9|343.45;4;1;Convencional
IMD_42205;Valladolid|N-122|395.8|400.2;0;0;Convencional
IMD_42206;Valladolid|N-122|400.2|405.3;0;0;Convencional
IMD_42207;Valladolid|N-122|405.3|410.1;0;0;Convencional
IMD_42208;Valladolid|N-122|410.1|410.6;0;0;Convencional
IMD_42209;Valladolid|N-122|410.6|412.7;0;0;Convencional
IMD_42210;Zamora|N-122|412.7|417.64;0;0;Convencional
IMD_42211;Zamora|N-122|419.54|424.24;0;0;Convencional
IMD_42212;Zamora|N-122|426.993|428.5;0;0;Convencional
IMD_42213;Zamora|N-122|428.5|435.982;0;0;Convencional
IMD_42214;Zamora|N-122|435.982|437.7;0;0;Convencional
IMD_42215;Zamora|N-122|437.7|442.1;0;0;Convencional
IMD_42216;Zamora|N-122|442.1|446.4;1;1;Convencional
IMD_42217;Zamora|N-122|446.4|453.6;0;0;Convencional
IMD_42218;Zamora|N-122|453.6|455.38;0;0;Convencional
IMD_42219;Zamora|N-122|457.8|458.7;0;0;Convencional
IMD_42220;Zamora|N-122|458.7|458.93;0;0;Convencional
IMD_42221;Zamora|N-122|458.93|459.31;0;0;Multicarril
IMD_42222;Zamora|N-122|459.31|459.9;0;0;Convencional
IMD_42223;Zamora|N-122|459.9|464.2;0;0;Convencional
IMD_42224;Zamora|N-122|464.2|470.1;0;0;Convencional
IMD_42225;Zamora|N-122|470.1|478.1;0;0;Convencional
IMD_42226;Zamora|N-122|478.1|480.9;0;0;Convencional
IMD_42227;Zamora|N-122|480.9|484.5;0;0;Convencional
IMD_42228;Zamora|N-122|484.5|488.9;0;0;Convencional
IMD_42229;Zamora|N-122|488.9|493.7;1;1;Convencional
IMD_42230;Zamora|N-122|493.7|494.2;0;0;Convencional
IMD_42231;Zamora|N-122|494.2|498;0;0;Convencional
IMD_42232;Zamora|N-122|498|500.1;0;0;Convencional
IMD_42233;Zamora|N-122|500.1|506.6;0;0;Convencional
IMD_42234;Zamora|N-122|506.6|508.8;0;0;Convencional
IMD_42235;Zamora|N-122|508.8|511.5;0;0;Convencional
IMD_42236;Zamora|N-122|511.5|514.2;0;0;Convencional
IMD_42237;Zamora|N-122|514.2|517.3;0;0;Convencional
IMD_42238;Zamora|N-122|517.3|517.8;0;0;Convencional
IMD_42239;Zamora|N-122|517.8|517.9;0;0;Convencional
IMD_42240;Zamora|N-122|517.9|519;0;0;Convencional
IMD_42241;Zamora|N-122|519|522;0;0;Convencional
IMD_42242;Zamora|N-122|522|526.2;1;1;Convencional
IMD_42243;Zamora|N-122|526.2|527.9;1;1;Convencional
IMD_42244;Zamora|N-122|527.9|528.2;0;0;Convencional
IMD_42245;Zamora|N-122|528.2|530.5;0;0;Convencional
IMD_42246;Zamora|N-122|530.5|531.3;0;0;Convencional
IMD_42247;Zamora|N-122|531.3|535.1;0;0;Convencional
IMD_42248;Zamora|N-122|535.1|537.325;0;0;Convencional
IMD_42249;Zaragoza|N-122A|85.615|86;0;0;Convencional
IMD_42250;Burgos|N-122A|248.23|251.3;0;0;Convencional
IMD_42251;Burgos|N-122A|251.3|252.25;0;0;Convencional
IMD_42252;Zamora|N-122A|535.2|538.17;0;0;Convencional
IMD_42253;Soria|N-122R|218.035|219.3;0;0;Convencional
IMD_42254;Huesca|N-123|0|3.078;2;1;Convencional
IMD_42255;Huesca|N-123|3.078|5.9;2;1;Convencional
IMD_42256;Huesca|N-123|5.9|8;0;0;Convencional
IMD_42257;Huesca|N-123|8|9.6;1;1;Convencional
IMD_42258;Huesca|N-123|9.6|11.7;0;0;Convencional
IMD_42259;Huesca|N-123|11.7|14.6;1;1;Convencional
IMD_42260;Huesca|N-123|14.6|20.7;0;0;Convencional
IMD_42261;Huesca|N-123|20.7|24.2;0;0;Convencional
IMD_42262;Huesca|N-123|24.2|27;0;0;Convencional
IMD_42263;Huesca|N-123|27|31.6;0;0;Convencional
IMD_42264;Huesca|N-123|31.6|36.2;0;0;Convencional
IMD_42265;Huesca|N-123|36.2|37.236;0;0;Convencional
IMD_42266;Huesca|N-123A|21.37|26.2;2;1;Convencional
IMD_42267;Huesca|N-123A|26.2|29;2;1;Convencional
IMD_42268;Huesca|N-123A|29|33.8;2;1;Convencional
IMD_42269;Huesca|N-123A|33.8|36.1;1;1;Convencional
IMD_42270;Huesca|N-123A|36.1|37.6;0;0;Convencional
IMD_42271;Huesca|N-123B|37.971|42.96;0;0;Convencional
IMD_42272;La Rioja|N-124|39|43.237;1;1;Convencional
IMD_42273;La Rioja|N-124|43.237|45.4;0;0;Convencional
IMD_42274;La Rioja|N-124|45.4|45.99;0;0;Convencional
IMD_42275;Zaragoza|N-125|3.8|8.2;1;1;Convencional
IMD_42276;Zaragoza|N-125|8.2|8.8;1;1;Convencional
IMD_42277;Zaragoza|N-125|8.8|10.08;0;0;Convencional
IMD_42278;La Rioja|N-126|0|2.2;2;1;Convencional
IMD_42279;Lleida|N-141|0|8.35;0;0;Convencional
IMD_42280;Lleida|N-145|0.5|9.7;6;1;Convencional
IMD_42281;Girona|N-152|0|1.4;0;0;Convencional
IMD_42282;Girona|N-152|1.4|1.74;1;1;Convencional
IMD_42283;Girona|N-154|0|1.48;2;1;Convencional
IMD_42284;Girona|N-154|3.2|5.7;3;1;Convencional
IMD_42285;Girona|N-154|5.7|7.86;1;1;Convencional
IMD_42286;Girona|N-155|0|0.565;0;0;Convencional
IMD_42287;Girona|N-156|0|0.4;1;1;Multicarril
IMD_42288;Girona|N-156|0.4|1.3;1;1;Convencional
IMD_42289;Girona|N-156|1.3|1.58;1;1;Convencional
IMD_42290;Madrid|N-1A|18.85|20;0;0;Convencional
IMD_42291;Madrid|N-1A|22.68|23;1;1;Convencional
IMD_42292;Madrid|N-1A|55.05|57.55;0;0;Convencional
IMD_42293;Madrid|N-1A|72|74.1;0;0;Convencional
IMD_42294;Madrid|N-1A|74.1|76.9;1;1;Convencional
IMD_42295;Madrid|N-1A|76.9|77.5;0;0;Convencional
IMD_42296;Madrid|N-1A|90.8|92.6;0;0;Convencional
IMD_42297;Madrid|N-1A|92.6|95.8;0;0;Convencional
IMD_42298;Segovia|N-1A|98.7|99.3;0;0;Convencional
IMD_42299;Segovia|N-1A|99.3|100;0;0;Convencional
IMD_42300;Segovia|N-1A|101.2|102.6;0;0;Convencional
IMD_42301;Segovia|N-1A|102.6|104.277;0;0;Convencional
IMD_42302;Segovia|N-1A|109.2|110.5;0;0;Convencional
IMD_42303;Burgos|N-1A|155.25|157.25;0;0;Convencional
IMD_42304;Burgos|N-1A|288.9|289;0;0;Convencional
IMD_42305;Burgos|N-1A|289|290.1;0;0;Convencional
IMD_42306;Burgos|N-1A|294.66|296;0;0;Convencional
IMD_42307;Burgos|N-1A|297.324|297.924;0;0;Convencional
IMD_42308;Burgos|N-1R|321.45|323.28;1;1;Multicarril
IMD_42309;Guadalajara|N-2|70.7|73.47;0;0;Convencional
IMD_42310;Guadalajara|N-2|125.5|127.5;0;0;Convencional
IMD_42311;Guadalajara|N-2|127.5|129.13;0;0;Convencional
IMD_42312;Soria|N-2|141.2|143.1;0;0;Convencional
IMD_42313;Soria|N-2|143.1|144.15;0;0;Convencional
IMD_42314;Soria|N-2|146.175|146.4;0;0;Convencional
IMD_42315;Soria|N-2|146.4|149.3;0;0;Convencional
IMD_42316;Soria|N-2|149.3|149.8;0;0;Convencional
IMD_42317;Soria|N-2|149.8|150.6;0;0;Convencional
IMD_42318;Soria|N-2|150.6|151.1;0;0;Convencional
IMD_42319;Soria|N-2|151.1|151.4;0;0;Convencional
IMD_42320;Soria|N-2|151.4|154.5;0;0;Convencional
IMD_42321;Soria|N-2|154.5|161.1;0;0;Convencional
IMD_42322;Soria|N-2|161.1|167.4;1;1;Convencional
IMD_42323;Soria|N-2|176|178.1;0;0;Convencional
IMD_42324;Soria|N-2|178.1|178.5;0;0;Convencional
IMD_42325;Soria|N-2|178.5|179.3;0;0;Convencional
IMD_42326;Zaragoza|N-2|203.65|205.1;0;0;Convencional
IMD_42327;Zaragoza|N-2|205.1|206.8;0;0;Convencional
IMD_42328;Zaragoza|N-2|206.8|208;0;0;Convencional
IMD_42329;Zaragoza|N-2|208|212;0;0;Convencional
IMD_42330;Zaragoza|N-2|212|219.025;0;0;Convencional
IMD_42331;Zaragoza|N-2|221.6|227.8;1;1;Convencional
IMD_42332;Zaragoza|N-2|227.8|234.01;2;1;Convencional
IMD_42333;Zaragoza|N-2|244.1|252.6;0;0;Convencional
IMD_42334;Zaragoza|N-2|326.9|327.9;7;1;Autovía
IMD_42335;Zaragoza|N-2|327.9|329.6;1;1;Autovía
IMD_42336;Zaragoza|N-2|329.6|340.3;5;1;Convencional
IMD_42337;Zaragoza|N-2|340.3|342.5;0;0;Convencional
IMD_42338;Zaragoza|N-2|342.5|344.6;0;0;Convencional
IMD_42339;Zaragoza|N-2|344.6|353.4;3;1;Convencional
IMD_42340;Zaragoza|N-2|353.4|361.4;0;0;Convencional
IMD_42341;Zaragoza|N-2|361.4|364.5;0;0;Convencional
IMD_42342;Zaragoza|N-2|364.5|373.5;1;1;Convencional
IMD_42343;Zaragoza|N-2|373.5|390.6;1;1;Convencional
IMD_42344;Zaragoza|N-2|390.6|391.1;0;0;Convencional
IMD_42345;Zaragoza|N-2|391.1|391.2;0;0;Convencional
IMD_42346;Zaragoza|N-2|391.2|394.44;0;0;Convencional
IMD_42347;Huesca|N-2|394.44|400;0;0;Convencional
IMD_42348;Huesca|N-2|400|408.1;1;1;Convencional
IMD_42349;Huesca|N-2|408.1|409.5;0;0;Convencional
IMD_42350;Huesca|N-2|409.5|427.8;1;1;Convencional
IMD_42351;Huesca|N-2|427.8|431.01;0;0;Convencional
IMD_42352;Lleida|N-2|502.25|504;0;0;Convencional
IMD_42353;Lleida|N-2|504|504.84;0;0;Convencional
IMD_42354;Barcelona|N-2|585|587.15;;;Autovía
IMD_42355;Barcelona|N-2|682|686.38;;;Convencional
IMD_42356;Girona|N-2|686.38|692.208;13;1;Convencional
IMD_42357;Girona|N-2|709|710.9;1;1;Convencional
IMD_42358;Girona|N-2|710.9|714.5;3;1;Convencional
IMD_42359;Girona|N-2|714.5|721.3;3;1;Convencional
IMD_42360;Girona|N-2|721.3|724.8;6;1;Convencional
IMD_42361;Girona|N-2|724.8|725.2;0;0;Convencional
IMD_42362;Girona|N-2|725.2|727.1;1;1;Convencional
IMD_42363;Girona|N-2|727.1|730.2;1;1;Convencional
IMD_42364;Girona|N-2|730.2|730.7;0;0;Convencional
IMD_42365;Girona|N-2|734|734.6;0;0;Convencional
IMD_42366;Girona|N-2|734.6|736.2;0;0;Convencional
IMD_42367;Girona|N-2|736.2|739.5;1;1;Convencional
IMD_42368;Girona|N-2|739.5|742.9;1;1;Convencional
IMD_42369;Girona|N-2|742.9|744.3;0;0;Convencional
IMD_42370;Girona|N-2|744.3|745.9;2;1;Convencional
IMD_42371;Girona|N-2|745.9|747.7;1;1;Convencional
IMD_42372;Girona|N-2|747.7|747.8;0;0;Convencional
IMD_42373;Girona|N-2|747.8|750.3;0;0;Convencional
IMD_42374;Girona|N-2|750.3|754;5;1;Convencional
IMD_42375;Girona|N-2|754|755.43;3;1;Convencional
IMD_42376;Girona|N-2|755.43|759.257;0;0;Convencional
IMD_42377;Girona|N-2|759.257|759.49;0;0;Convencional
IMD_42378;Girona|N-2|759.49|759.7;1;1;Multicarril
IMD_42379;Girona|N-2|759.7|762.2;2;1;Convencional
IMD_42380;Girona|N-2|762.2|762.7;1;1;Convencional
IMD_42381;Girona|N-2|762.7|764.3;2;1;Convencional
IMD_42382;Girona|N-2|764.3|766.7;0;0;Convencional
IMD_42383;Girona|N-2|766.7|767.4;0;0;Convencional
IMD_42384;Girona|N-2|767.4|772.43;7;1;Convencional
IMD_42385;Girona|N-2|773.757|774.21;3;1;Multicarril
IMD_42386;Girona|N-2|774.21|776.39;2;1;Convencional
IMD_42387;Girona|N-2|776.39|776.7;0;0;Multicarril
IMD_42388;Girona|N-2|776.7|779.59;3;1;Convencional
IMD_42389;Guadalajara|N-204|0|11.2;2;1;Convencional
IMD_42390;Guadalajara|N-204|11.2|16.4;2;1;Convencional
IMD_42391;Guadalajara|N-204|16.4|22.7;2;1;Convencional
IMD_42392;Guadalajara|N-204|22.7|32.4;2;1;Convencional
IMD_42393;Guadalajara|N-204|32.4|40.6;0;0;Convencional
IMD_42394;Guadalajara|N-204|40.6|46.7;1;1;Convencional
IMD_42395;Guadalajara|N-204|46.7|47.4;0;0;Convencional
IMD_42396;Guadalajara|N-204|47.4|52;1;1;Convencional
IMD_42397;Guadalajara|N-204|52|54.9;0;0;Convencional
IMD_42398;Guadalajara|N-204|54.9|67;0;0;Convencional
IMD_42399;Guadalajara|N-211|0|2.4;0;0;Convencional
IMD_42400;Guadalajara|N-211|2.4|4.2;0;0;Convencional
IMD_42401;Guadalajara|N-211|4.2|16.6;2;1;Convencional
IMD_42402;Guadalajara|N-211|16.6|17.9;1;1;Convencional
IMD_42403;Guadalajara|N-211|17.9|22;0;0;Convencional
IMD_42404;Guadalajara|N-211|22|22.1;0;0;Convencional
IMD_42405;Guadalajara|N-211|22.1|22.7;0;0;Convencional
IMD_42406;Guadalajara|N-211|22.7|30.3;1;1;Convencional
IMD_42407;Guadalajara|N-211|30.3|30.9;0;0;Convencional
IMD_42408;Guadalajara|N-211|30.9|33.8;1;1;Convencional
IMD_42409;Guadalajara|N-211|33.8|43;2;1;Convencional
IMD_42410;Guadalajara|N-211|43|43.2;0;0;Convencional
IMD_42411;Guadalajara|N-211|43.2|50.4;1;1;Convencional
IMD_42412;Guadalajara|N-211|50.4|55.9;1;1;Convencional
IMD_42413;Guadalajara|N-211|55.9|60;0;0;Convencional
IMD_42414;Guadalajara|N-211|60|60.3;0;0;Convencional
IMD_42415;Guadalajara|N-211|60.3|66.5;0;0;Convencional
IMD_42416;Guadalajara|N-211|66.5|66.9;0;0;Convencional
IMD_42417;Guadalajara|N-211|66.9|68;0;0;Convencional
IMD_42418;Guadalajara|N-211|68|76.2;3;1;Convencional
IMD_42419;Guadalajara|N-211|76.2|78.5;0;0;Convencional
IMD_42420;Guadalajara|N-211|78.5|82.4;0;0;Convencional
IMD_42421;Guadalajara|N-211|82.4|91.55;0;0;Convencional
IMD_42422;Teruel|N-211|91.55|98.9;0;0;Convencional
IMD_42423;Teruel|N-211|98.9|101.4;0;0;Convencional
IMD_42424;Teruel|N-211|101.4|107.8;0;0;Convencional
IMD_42425;Teruel|N-211|107.8|108.45;0;0;Convencional
IMD_42426;Teruel|N-211|119.685|119.9;0;0;Convencional
IMD_42427;Teruel|N-211|119.9|121.9;0;0;Convencional
IMD_42428;Teruel|N-211|121.9|129.9;0;0;Convencional
IMD_42429;Teruel|N-211|129.9|132;0;0;Convencional
IMD_42430;Teruel|N-211|132|134.5;1;1;Convencional
IMD_42431;Teruel|N-211|134.5|139.3;0;0;Convencional
IMD_42432;Teruel|N-211|139.3|139.7;0;0;Convencional
IMD_42433;Teruel|N-211|139.7|144.2;0;0;Convencional
IMD_42434;Teruel|N-211|144.2|148;0;0;Convencional
IMD_42435;Teruel|N-211|148|150;0;0;Convencional
IMD_42436;Teruel|N-211|150|153.2;0;0;Convencional
IMD_42437;Teruel|N-211|153.2|155;0;0;Convencional
IMD_42438;Teruel|N-211|155|156;0;0;Convencional
IMD_42439;Teruel|N-211|156|164.7;0;0;Convencional
IMD_42440;Teruel|N-211|164.7|167.4;0;0;Convencional
IMD_42441;Teruel|N-211|167.4|178.1;1;1;Convencional
IMD_42442;Teruel|N-211|178.1|178.3;0;0;Convencional
IMD_42443;Teruel|N-211|178.3|180.1;0;0;Convencional
IMD_42444;Teruel|N-211|180.1|183.5;0;0;Convencional
IMD_42445;Teruel|N-211|183.5|189.9;2;1;Convencional
IMD_42446;Teruel|N-211|189.9|193.6;1;1;Convencional
IMD_42447;Teruel|N-211|193.6|193.8;0;0;Convencional
IMD_42448;Teruel|N-211|193.8|200.5;1;1;Convencional
IMD_42449;Teruel|N-211|200.5|209.5;0;0;Convencional
IMD_42450;Teruel|N-211|209.5|211.6;0;0;Convencional
IMD_42451;Teruel|N-211|211.6|213.1;0;0;Convencional
IMD_42452;Teruel|N-211|213.1|223.3;2;1;Convencional
IMD_42453;Teruel|N-211|223.3|226.7;0;0;Convencional
IMD_42454;Teruel|N-211|226.7|226.9;0;0;Convencional
IMD_42455;Teruel|N-211|226.9|235.4;0;0;Convencional
IMD_42456;Teruel|N-211|235.4|238.2;1;1;Convencional
IMD_42457;Teruel|N-211|238.2|240.57;0;0;Convencional
IMD_42458;Teruel|N-211|242.146|245;0;0;Convencional
IMD_42459;Teruel|N-211|245|259.08;3;1;Convencional
IMD_42460;Zaragoza|N-211|259.08|269.9;2;1;Convencional
IMD_42461;Zaragoza|N-211|269.9|292.1;3;1;Convencional
IMD_42462;Zaragoza|N-211|292.1|311.2;2;1;Convencional
IMD_42463;Zaragoza|N-211|311.2|312.8;0;0;Convencional
IMD_42464;Zaragoza|N-211|312.8|318.4;2;1;Convencional
IMD_42465;Huesca|N-211|318.4|328.2;0;0;Convencional
IMD_42466;Huesca|N-211|328.2|330.18;0;0;Convencional
IMD_42467;Teruel|N-211A|130.35|133.714;0;0;Convencional
IMD_42468;Teruel|N-211A|134.5|135.77;0;0;Convencional
IMD_42469;Teruel|N-211A|180.15|185.57;0;0;Convencional
IMD_42470;Teruel|N-211A|207.6|214;0;0;Convencional
IMD_42471;Teruel|N-211A|243.6|245.4;0;0;Convencional
IMD_42472;Valencia|N-220|0|1.7;1;1;Convencional
IMD_42473;Valencia|N-220|1.7|2.05;0;0;Convencional
IMD_42474;Teruel|N-223|0|1.03;0;0;Multicarril
IMD_42475;Teruel|N-223|1.03|2.06;0;0;Convencional
IMD_42476;Teruel|N-223|2.06|2.37;0;0;Multicarril
IMD_42477;Castellón|N-225|0|0.3;;;Convencional
IMD_42478;Valencia|N-225|0.3|2.3;1;1;Convencional
IMD_42479;Valencia|N-225|2.3|4.1;0;0;Convencional
IMD_42480;Valencia|N-225|4.1|7;1;1;Convencional
IMD_42481;Valencia|N-225|7|9.3;0;0;Convencional
IMD_42482;Castellón|N-225|9.3|13.4;;;Convencional
IMD_42483;Castellón|N-225|13.4|16;;;Convencional
IMD_42484;Castellón|N-225|19|22.4;;;Convencional
IMD_42485;Castellón|N-225|22.4|23.36;;;Convencional
IMD_42486;Castellón|N-225|42.7|43.6;;;Convencional
IMD_42487;Castellón|N-225|47.92|49.2;;;Convencional
IMD_42488;Castellón|N-225|49.2|51.49;;;Convencional
IMD_42489;Valencia|N-225A|5.002|6;0;0;Convencional
IMD_42490;Valencia|N-225A|6|10.95;0;0;Convencional
IMD_42491;Lleida|N-230|6.45|10.054;;;Convencional
IMD_42492;Lleida|N-230|10.054|23.8;;;Convencional
IMD_42493;Lleida|N-230|23.8|26.5;;;Convencional
IMD_42494;Lleida|N-230|26.5|28.98;;;Convencional
IMD_42495;Huesca|N-230|28.98|32.7;0;0;Convencional
IMD_42496;Huesca|N-230|32.7|41.6;1;1;Convencional
IMD_42497;Huesca|N-230|41.6|44.5;0;0;Convencional
IMD_42498;Huesca|N-230|44.5|46.7;1;1;Convencional
IMD_42499;Huesca|N-230|46.7|48.9;0;0;Convencional
IMD_42500;Huesca|N-230|48.9|54;0;0;Convencional
IMD_42501;Huesca|N-230|54|55.5;1;1;Convencional
IMD_42502;Huesca|N-230|55.5|56.6;0;0;Convencional
IMD_42503;Huesca|N-230|56.6|61.8;1;1;Convencional
IMD_42504;Huesca|N-230|61.8|64.2;0;0;Convencional
IMD_42505;Huesca|N-230|64.2|74.6;3;1;Convencional
IMD_42506;Huesca|N-230|74.6|81.5;1;1;Convencional
IMD_42507;Huesca|N-230|81.5|88;0;0;Convencional
IMD_42508;Huesca|N-230|88|89;0;0;Convencional
IMD_42509;Huesca|N-230|89|100.8;3;1;Convencional
IMD_42510;Huesca|N-230|100.8|112.7;2;1;Convencional
IMD_42511;Huesca|N-230|112.7|116.2;1;1;Convencional
IMD_42512;Lleida|N-230|116.2|119.48;;;Convencional
IMD_42513;Huesca|N-230|119.48|121.1;0;0;Convencional
IMD_42514;Lleida|N-230|121.1|122.3;;;Convencional
IMD_42515;Lleida|N-230|122.3|125.3;;;Convencional
IMD_42516;Lleida|N-230|125.3|129.1;;;Convencional
IMD_42517;Lleida|N-230|129.1|133.61;;;Convencional
IMD_42518;Huesca|N-230|133.61|149.12;1;1;Convencional
IMD_42519;Lleida|N-230|149.12|163.1;;;Convencional
IMD_42520;Lleida|N-230|163.1|164.7;;;Convencional
IMD_42521;Lleida|N-230|164.7|169;;;Convencional
IMD_42522;Lleida|N-230|169|178.1;;;Convencional
IMD_42523;Lleida|N-230|178.1|181.859;;;Convencional
IMD_42524;Lleida|N-230|181.859|187.09;;;Convencional
IMD_42525;Castellón|N-232|0|0.38;0;0;Multicarril
IMD_42526;Castellón|N-232|0.38|1.6;0;0;Convencional
IMD_42527;Castellón|N-232|1.6|2.3;1;1;Convencional
IMD_42528;Castellón|N-232|2.3|12.2;1;1;Convencional
IMD_42529;Castellón|N-232|12.2|15.9;0;0;Convencional
IMD_42530;Castellón|N-232|15.9|20;1;1;Convencional
IMD_42531;Castellón|N-232|20|20.4;0;0;Convencional
IMD_42532;Castellón|N-232|20.4|20.8;0;0;Convencional
IMD_42533;Castellón|N-232|20.8|27.2;1;1;Convencional
IMD_42534;Castellón|N-232|27.2|29;0;0;Convencional
IMD_42535;Castellón|N-232|29|37.2;1;1;Convencional
IMD_42536;Castellón|N-232|37.2|48.3;1;1;Convencional
IMD_42537;Castellón|N-232|48.3|60.8;2;1;Convencional
IMD_42538;Castellón|N-232|60.8|61.2;0;0;Convencional
IMD_42539;Castellón|N-232|61.2|62.2;2;1;Convencional
IMD_42540;Castellón|N-232|62.2|63.6;1;1;Convencional
IMD_42541;Castellón|N-232|63.6|70.9;1;1;Convencional
IMD_42542;Castellón|N-232|70.9|76.1;0;0;Convencional
IMD_42543;Castellón|N-232|76.1|77.4;0;0;Convencional
IMD_42544;Teruel|N-232|77.4|93.2;0;0;Convencional
IMD_42545;Teruel|N-232|93.2|108;1;1;Convencional
IMD_42546;Teruel|N-232|108|109.8;0;0;Convencional
IMD_42547;Teruel|N-232|109.8|112.5;0;0;Convencional
IMD_42548;Teruel|N-232|112.5|112.8;0;0;Convencional
IMD_42549;Teruel|N-232|112.8|118.9;0;0;Convencional
IMD_42550;Teruel|N-232|118.9|119.7;0;0;Convencional
IMD_42551;Teruel|N-232|119.7|127.4;1;1;Convencional
IMD_42552;Teruel|N-232|127.4|127.6;0;0;Convencional
IMD_42553;Teruel|N-232|127.6|131.2;1;1;Multicarril
IMD_42554;Teruel|N-232|131.2|135.7;2;1;Convencional
IMD_42555;Teruel|N-232|135.7|138.3;2;1;Convencional
IMD_42556;Teruel|N-232|138.3|140.3;0;0;Convencional
IMD_42557;Teruel|N-232|140.3|141;0;0;Convencional
IMD_42558;Teruel|N-232|141|149;2;1;Convencional
IMD_42559;Teruel|N-232|149|151;0;0;Convencional
IMD_42560;Teruel|N-232|151|165.1;5;1;Convencional
IMD_42561;Teruel|N-232|165.1|165.9;0;0;Convencional
IMD_42562;Teruel|N-232|165.9|166.5;0;0;Convencional
IMD_42563;Teruel|N-232|166.5|170.1;2;1;Convencional
IMD_42564;Teruel|N-232|170.1|178.6;0;0;Convencional
IMD_42565;Teruel|N-232|178.6|180.7;0;0;Convencional
IMD_42566;Teruel|N-232|180.7|186.83;0;0;Convencional
IMD_42567;Zaragoza|N-232|186.83|194.2;4;1;Convencional
IMD_42568;Zaragoza|N-232|194.2|196.2;0;0;Convencional
IMD_42569;Zaragoza|N-232|196.2|204;3;1;Convencional
IMD_42570;Zaragoza|N-232|204|208.4;4;1;Convencional
IMD_42571;Zaragoza|N-232|208.4|210.8;0;0;Convencional
IMD_42572;Zaragoza|N-232|210.8|216.8;1;1;Convencional
IMD_42573;Zaragoza|N-232|216.8|223.82;2;1;Convencional
IMD_42574;Zaragoza|N-232|242.6|243.8;0;0;Convencional
IMD_42575;Zaragoza|N-232|243.8|248.2;5;1;Multicarril
IMD_42576;Zaragoza|N-232|248.2|251.96;10;1;Multicarril
IMD_42577;Zaragoza|N-232|293.6|294.9;0;0;Convencional
IMD_42578;Zaragoza|N-232|294.9|296.78;1;1;Convencional
IMD_42579;La Rioja|N-232|330.875|331.9;0;0;Convencional
IMD_42580;La Rioja|N-232|331.9|333.8;0;0;Convencional
IMD_42581;La Rioja|N-232|333.8|336.7;0;0;Convencional
IMD_42582;La Rioja|N-232|336.7|345.6;1;1;Convencional
IMD_42583;La Rioja|N-232|345.6|347.3;0;0;Convencional
IMD_42584;La Rioja|N-232|347.3|351.4;1;1;Convencional
IMD_42585;La Rioja|N-232|351.4|360.6;1;1;Convencional
IMD_42586;La Rioja|N-232|360.6|361.1;0;0;Convencional
IMD_42587;La Rioja|N-232|361.1|367.1;0;0;Convencional
IMD_42588;La Rioja|N-232|367.1|371.5;4;1;Convencional
IMD_42589;La Rioja|N-232|371.5|374.6;0;0;Convencional
IMD_42590;La Rioja|N-232|374.6|379.5;0;0;Convencional
IMD_42591;La Rioja|N-232|379.5|384;3;1;Convencional
IMD_42592;La Rioja|N-232|384|384.1;0;0;Convencional
IMD_42593;La Rioja|N-232|384.1|390.8;0;0;Convencional
IMD_42594;La Rioja|N-232|390.8|393.8;0;0;Convencional
IMD_42595;La Rioja|N-232|393.8|395.1;0;0;Convencional
IMD_42596;La Rioja|N-232|395.1|395.3;0;0;Convencional
IMD_42597;La Rioja|N-232|395.3|396.7;1;1;Convencional
IMD_42598;La Rioja|N-232|396.7|399.585;1;1;Convencional
IMD_42599;La Rioja|N-232|417.925|419.8;1;1;Convencional
IMD_42600;La Rioja|N-232|419.8|420.3;0;0;Convencional
IMD_42601;La Rioja|N-232|420.3|420.7;1;1;Convencional
IMD_42602;La Rioja|N-232|420.7|426.6;7;1;Convencional
IMD_42603;La Rioja|N-232|426.6|427.4;0;0;Convencional
IMD_42604;La Rioja|N-232|427.4|429;0;0;Convencional
IMD_42605;La Rioja|N-232|429|434;2;1;Convencional
IMD_42606;La Rioja|N-232|434|437.4;1;1;Convencional
IMD_42607;La Rioja|N-232|437.4|438.6;0;0;Convencional
IMD_42608;La Rioja|N-232|438.6|442.3;1;1;Convencional
IMD_42609;La Rioja|N-232|442.3|444;0;0;Convencional
IMD_42610;La Rioja|N-232|444|446.4;1;1;Convencional
IMD_42611;La Rioja|N-232|446.4|446.8;0;0;Convencional
IMD_42612;La Rioja|N-232|446.8|449.3;1;1;Convencional
IMD_42613;La Rioja|N-232|449.3|452.4;1;1;Convencional
IMD_42614;La Rioja|N-232|452.4|454.6;0;0;Convencional
IMD_42615;La Rioja|N-232|454.6|456.1;0;0;Convencional
IMD_42616;La Rioja|N-232|456.1|456.9;0;0;Convencional
IMD_42617;La Rioja|N-232|456.9|457.5;0;0;Convencional
IMD_42618;La Rioja|N-232|457.5|459;0;0;Convencional
IMD_42619;La Rioja|N-232|459|460.5;0;0;Convencional
IMD_42620;La Rioja|N-232|460.5|461.5;0;0;Convencional
IMD_42621;La Rioja|N-232|461.5|463.5;2;1;Convencional
IMD_42622;La Rioja|N-232|463.5|467.963;3;1;Convencional
IMD_42623;Burgos|N-232|467.963|469.5;0;0;Convencional
IMD_42624;Burgos|N-232|469.5|473;0;0;Convencional
IMD_42625;Burgos|N-232|473|473.4;0;0;Convencional
IMD_42626;Burgos|N-232|480.7|482.2;0;0;Convencional
IMD_42627;Burgos|N-232|482.2|483.3;0;0;Convencional
IMD_42628;Burgos|N-232|483.3|486.2;0;0;Convencional
IMD_42629;Burgos|N-232|486.2|486.6;0;0;Convencional
IMD_42630;Burgos|N-232|486.6|487;0;0;Convencional
IMD_42631;Burgos|N-232|487|487.9;0;0;Convencional
IMD_42632;Burgos|N-232|487.9|492.1;0;0;Convencional
IMD_42633;Burgos|N-232|492.1|492.7;0;0;Convencional
IMD_42634;Burgos|N-232|492.7|500.5;0;0;Convencional
IMD_42635;Burgos|N-232|500.5|505.2;1;1;Convencional
IMD_42636;Burgos|N-232|505.2|508.8;0;0;Convencional
IMD_42637;Burgos|N-232|508.8|510.7;0;0;Convencional
IMD_42638;Burgos|N-232|510.7|513.4;0;0;Convencional
IMD_42639;Burgos|N-232|513.4|516.6;1;1;Convencional
IMD_42640;Burgos|N-232|516.6|525.4;0;0;Convencional
IMD_42641;Burgos|N-232|525.4|531.5;1;1;Convencional
IMD_42642;Burgos|N-232|531.5|533.1;0;0;Convencional
IMD_42643;Burgos|N-232|533.1|538.4;0;0;Convencional
IMD_42644;Burgos|N-232|538.4|539.3;0;0;Convencional
IMD_42645;Burgos|N-232|539.3|560.8;1;1;Convencional
IMD_42646;Burgos|N-232|560.8|561.3;0;0;Convencional
IMD_42647;Burgos|N-232|561.3|561.4;0;0;Convencional
IMD_42648;Burgos|N-232|561.4|562;0;0;Convencional
IMD_42649;Burgos|N-232|562|569.72;0;0;Convencional
IMD_42650;Castellón|N-232A|31.905|33.301;0;0;Convencional
IMD_42651;Castellón|N-232A|34.57|35.7;0;0;Convencional
IMD_42652;Castellón|N-232A|35.7|36;0;0;Convencional
IMD_42653;Castellón|N-232A|71.38|72.8;0;0;Convencional
IMD_42654;Castellón|N-232A|72.8|74.45;0;0;Convencional
IMD_42655;Castellón|N-232A|79.75|83.7;0;0;Convencional
IMD_42656;Teruel|N-232A|83.7|84.14;0;0;Convencional
IMD_42657;Teruel|N-232A|92.069|93.7;0;0;Convencional
IMD_42658;Teruel|N-232A|93.7|94.32;0;0;Convencional
IMD_42659;Teruel|N-232A|100.05|100.865;0;0;Convencional
IMD_42660;Teruel|N-232A|131.473|132.8;0;0;Convencional
IMD_42661;Teruel|N-232A|132.8|134.5;1;1;Convencional
IMD_42662;Teruel|N-232A|134.5|136.77;0;0;Convencional
IMD_42663;Zaragoza|N-232A|208.8|210.2;0;0;Convencional
IMD_42664;Zaragoza|N-232A|210.2|213.5;0;0;Convencional
IMD_42665;Zaragoza|N-232A|217.4|219;0;0;Convencional
IMD_42666;La Rioja|N-232A|375.3|377.9;0;0;Convencional
IMD_42667;La Rioja|N-232A|399.518|402.35;1;1;Convencional
IMD_42668;Teruel|N-232B|131.74|132.95;0;0;Convencional
IMD_42669;Valencia|N-234|0|2.8;0;0;Convencional
IMD_42670;Valencia|N-234|2.8|3.71;1;1;Convencional
IMD_42671;Valencia|N-234|5.38|5.9;0;0;Convencional
IMD_42672;Valencia|N-234|5.9|7.6;1;1;Convencional
IMD_42673;Valencia|N-234|7.6|8.325;0;0;Convencional
IMD_42674;Castellón|N-234|17.78|19.5;1;1;Convencional
IMD_42675;Castellón|N-234|19.5|20;0;0;Convencional
IMD_42676;Castellón|N-234|20|21.9;0;0;Convencional
IMD_42677;Castellón|N-234|24.84|25.53;0;0;Convencional
IMD_42678;Castellón|N-234|25.69|27.13;0;0;Convencional
IMD_42679;Castellón|N-234|35.67|42.6;0;0;Convencional
IMD_42680;Castellón|N-234|42.6|43.6;1;1;Convencional
IMD_42681;Castellón|N-234|43.6|47.1;0;0;Convencional
IMD_42682;Castellón|N-234|47.1|47.8;0;0;Convencional
IMD_42683;Castellón|N-234|47.8|48.27;0;0;Convencional
IMD_42684;Castellón|N-234|57.18|59.3;0;0;Convencional
IMD_42685;Castellón|N-234|59.3|60.2;0;0;Convencional
IMD_42686;Castellón|N-234|60.2|60.9;0;0;Convencional
IMD_42687;Castellón|N-234|60.9|63.64;0;0;Convencional
IMD_42688;Teruel|N-234|63.64|63.8;0;0;Convencional
IMD_42689;Teruel|N-234|63.8|72.2;0;0;Convencional
IMD_42690;Teruel|N-234|72.2|72.5;0;0;Convencional
IMD_42691;Teruel|N-234|72.5|75.7;0;0;Convencional
IMD_42692;Teruel|N-234|75.7|76.3;0;0;Convencional
IMD_42693;Teruel|N-234|76.3|80.9;0;0;Convencional
IMD_42694;Teruel|N-234|80.9|83.3;0;0;Convencional
IMD_42695;Teruel|N-234|93|96.53;0;0;Convencional
IMD_42696;Teruel|N-234|108.25|115.8;2;1;Convencional
IMD_42697;Teruel|N-234|115.8|117.1;0;0;Convencional
IMD_42698;Teruel|N-234|117.1|118.7;0;0;Convencional
IMD_42699;Teruel|N-234|118.7|119.2;0;0;Convencional
IMD_42700;Teruel|N-234|119.2|120.7;0;0;Convencional
IMD_42701;Teruel|N-234|120.7|122.2;0;0;Convencional
IMD_42702;Teruel|N-234|122.2|122.6;0;0;Convencional
IMD_42703;Teruel|N-234|122.6|128.5;4;1;Convencional
IMD_42704;Teruel|N-234|128.5|138;1;1;Convencional
IMD_42705;Teruel|N-234|138|143.4;0;0;Convencional
IMD_42706;Teruel|N-234|143.4|150.6;0;0;Convencional
IMD_42707;Teruel|N-234|150.6|156.4;1;1;Convencional
IMD_42708;Teruel|N-234|156.4|166.3;0;0;Convencional
IMD_42709;Teruel|N-234|166.3|172.3;1;1;Convencional
IMD_42710;Teruel|N-234|172.3|175.7;0;0;Convencional
IMD_42711;Teruel|N-234|175.7|180.4;1;1;Convencional
IMD_42712;Teruel|N-234|180.4|182.6;0;0;Convencional
IMD_42713;Teruel|N-234|182.6|185.3;1;1;Convencional
IMD_42714;Teruel|N-234|185.3|187.6;0;0;Convencional
IMD_42715;Teruel|N-234|187.6|188.5;0;0;Convencional
IMD_42716;Teruel|N-234|188.5|192;1;1;Convencional
IMD_42717;Teruel|N-234|192|192.3;1;1;Convencional
IMD_42718;Teruel|N-234|192.3|198.2;0;0;Convencional
IMD_42719;Teruel|N-234|198.2|207;0;0;Convencional
IMD_42720;Teruel|N-234|207|212.9;0;0;Convencional
IMD_42721;Teruel|N-234|212.9|213.41;0;0;Convencional
IMD_42722;Zaragoza|N-234|213.41|214.5;0;0;Convencional
IMD_42723;Zaragoza|N-234|214.5|217.9;0;0;Convencional
IMD_42724;Zaragoza|N-234|217.9|221;1;1;Convencional
IMD_42725;Zaragoza|N-234|221|223;0;0;Convencional
IMD_42726;Zaragoza|N-234|223|236.7;0;0;Convencional
IMD_42727;Zaragoza|N-234|236.7|245.5;1;1;Convencional
IMD_42728;Zaragoza|N-234|245.5|250.4;0;0;Convencional
IMD_42729;Zaragoza|N-234|250.4|255.8;1;1;Convencional
IMD_42730;Zaragoza|N-234|255.8|256.41;0;0;Convencional
IMD_42731;Zaragoza|N-234|259.5|259.704;0;0;Convencional
IMD_42732;Zaragoza|N-234|259.704|260.717;0;0;Convencional
IMD_42733;Zaragoza|N-234|260.717|269.539;0;0;Convencional
IMD_42734;Zaragoza|N-234|269.539|272.3;1;1;Convencional
IMD_42735;Zaragoza|N-234|272.3|274.4;0;0;Convencional
IMD_42736;Zaragoza|N-234|274.4|287.7;2;1;Convencional
IMD_42737;Zaragoza|N-234|287.7|290.3;0;0;Convencional
IMD_42738;Zaragoza|N-234|290.3|290.6;0;0;Convencional
IMD_42739;Zaragoza|N-234|290.6|294.2;1;1;Convencional
IMD_42740;Zaragoza|N-234|294.2|300.9;0;0;Convencional
IMD_42741;Zaragoza|N-234|300.9|304.01;0;0;Convencional
IMD_42742;Soria|N-234|304.01|308;0;0;Convencional
IMD_42743;Soria|N-234|308|309;1;1;Convencional
IMD_42744;Soria|N-234|309|314.1;1;1;Convencional
IMD_42745;Soria|N-234|314.1|315.8;0;0;Convencional
IMD_42746;Soria|N-234|315.8|318.5;0;0;Convencional
IMD_42747;Soria|N-234|318.5|320.1;0;0;Convencional
IMD_42748;Soria|N-234|320.1|320.6;1;1;Convencional
IMD_42749;Soria|N-234|320.6|321.4;0;0;Convencional
IMD_42750;Soria|N-234|321.4|325.2;0;0;Convencional
IMD_42751;Soria|N-234|325.2|325.7;0;0;Convencional
IMD_42752;Soria|N-234|325.7|328;0;0;Convencional
IMD_42753;Soria|N-234|328|331.8;0;0;Convencional
IMD_42754;Soria|N-234|331.8|334.4;0;0;Convencional
IMD_42755;Soria|N-234|334.4|336.4;0;0;Convencional
IMD_42756;Soria|N-234|336.4|340.2;0;0;Convencional
IMD_42757;Soria|N-234|340.2|342;0;0;Convencional
IMD_42758;Soria|N-234|342|344.715;0;0;Convencional
IMD_42759;Soria|N-234|345.8|349.2;0;0;Convencional
IMD_42760;Soria|N-234|349.2|350.23;0;0;Convencional
IMD_42761;Soria|N-234|351.5|352.75;0;0;Convencional
IMD_42762;Soria|N-234|352.75|356.4;1;1;Convencional
IMD_42763;Soria|N-234|356.4|360.8;1;1;Convencional
IMD_42764;Soria|N-234|360.8|366.7;0;0;Convencional
IMD_42765;Soria|N-234|366.7|378.6;1;1;Convencional
IMD_42766;Soria|N-234|378.6|379.3;0;0;Convencional
IMD_42767;Soria|N-234|379.3|385;1;1;Convencional
IMD_42768;Soria|N-234|385|386.8;0;0;Convencional
IMD_42769;Soria|N-234|386.8|393.7;0;0;Convencional
IMD_42770;Soria|N-234|393.7|398.5;0;0;Convencional
IMD_42771;Soria|N-234|398.5|404;0;0;Convencional
IMD_42772;Soria|N-234|404|408.41;1;1;Convencional
IMD_42773;Burgos|N-234|408.41|419.7;3;1;Convencional
IMD_42774;Burgos|N-234|419.7|424.6;0;0;Convencional
IMD_42775;Burgos|N-234|424.6|427;0;0;Convencional
IMD_42776;Burgos|N-234|427|429.1;0;0;Convencional
IMD_42777;Burgos|N-234|429.1|434;0;0;Convencional
IMD_42778;Burgos|N-234|434|435.6;0;0;Convencional
IMD_42779;Burgos|N-234|435.6|438;0;0;Convencional
IMD_42780;Burgos|N-234|438|439.9;0;0;Convencional
IMD_42781;Burgos|N-234|439.9|443.1;0;0;Convencional
IMD_42782;Burgos|N-234|443.1|443.2;0;0;Convencional
IMD_42783;Burgos|N-234|443.2|447.4;3;1;Convencional
IMD_42784;Burgos|N-234|447.4|449.7;0;0;Convencional
IMD_42785;Burgos|N-234|449.7|454.1;0;0;Convencional
IMD_42786;Burgos|N-234|454.1|456.9;0;0;Convencional
IMD_42787;Burgos|N-234|456.9|464;1;1;Convencional
IMD_42788;Burgos|N-234|464|478.7;4;1;Convencional
IMD_42789;Burgos|N-234|478.7|479.6;0;0;Convencional
IMD_42790;Burgos|N-234|479.6|482.1;0;0;Convencional
IMD_42791;Burgos|N-234|482.1|482.2;0;0;Convencional
IMD_42792;Zaragoza|N-234A|235.435|236.7;0;0;Convencional
IMD_42793;Burgos|N-234A|435.71|438.2;0;0;Convencional
IMD_42794;Burgos|N-234A|438.2|438.6;0;0;Convencional
IMD_42795;Burgos|N-234A|438.6|440;0;0;Convencional
IMD_42796;Burgos|N-234A|449.35|450.8;0;0;Convencional
IMD_42797;Tarragona|N-235|10.95|11.72;0;0;Convencional
IMD_42798;Castellón|N-238|0|1.9;1;1;Convencional
IMD_42799;Castellón|N-238|1.9|5.6;2;1;Convencional
IMD_42800;Castellón|N-238|5.6|7.3;0;0;Convencional
IMD_42801;Castellón|N-238|7.3|8.89;0;0;Convencional
IMD_42802;Tarragona|N-240|0.82|1;0;0;Multicarril
IMD_42803;Tarragona|N-240|1|2.3;5;1;Multicarril
IMD_42804;Tarragona|N-240|2.3|3.784;1;1;Multicarril
IMD_42805;Tarragona|N-240|3.784|7.6;6;1;Convencional
IMD_42806;Tarragona|N-240|7.6|8.3;1;1;Convencional
IMD_42807;Tarragona|N-240|8.3|9.2;2;1;Convencional
IMD_42808;Tarragona|N-240|9.2|10;1;1;Convencional
IMD_42809;Tarragona|N-240|10|11.4;1;1;Convencional
IMD_42810;Tarragona|N-240|11.4|13;1;1;Convencional
IMD_42811;Tarragona|N-240|13|13.7;1;1;Convencional
IMD_42812;Tarragona|N-240|13.7|17.3;1;1;Convencional
IMD_42813;Tarragona|N-240|17.3|18.15;2;1;Convencional
IMD_42814;Tarragona|N-240|18.97|19.9;1;1;Convencional
IMD_42815;Tarragona|N-240|19.9|21.7;1;1;Convencional
IMD_42816;Tarragona|N-240|21.7|22.4;1;1;Convencional
IMD_42817;Tarragona|N-240|22.4|24.6;3;1;Convencional
IMD_42818;Tarragona|N-240|24.6|31.5;7;1;Convencional
IMD_42819;Tarragona|N-240|31.5|33.2;0;0;Convencional
IMD_42820;Tarragona|N-240|33.2|35.385;5;1;Convencional
IMD_42821;Tarragona|N-240|35.385|35.65;0;0;Convencional
IMD_42822;Tarragona|N-240|35.65|36.49;0;0;Multicarril
IMD_42823;Tarragona|N-240|36.49|37.6;0;0;Multicarril
IMD_42824;Tarragona|N-240|37.6|39.9;0;0;Convencional
IMD_42825;Tarragona|N-240|39.9|42;1;1;Convencional
IMD_42826;Tarragona|N-240|42|46;2;1;Convencional
IMD_42827;Tarragona|N-240|46|47.1;0;0;Convencional
IMD_42828;Tarragona|N-240|47.1|47.7;0;0;Convencional
IMD_42829;Tarragona|N-240|47.7|49.14;0;0;Convencional
IMD_42830;Lleida|N-240|49.14|50.6;0;0;Convencional
IMD_42831;Lleida|N-240|50.6|53.5;0;0;Convencional
IMD_42832;Lleida|N-240|53.5|55.4;0;0;Convencional
IMD_42833;Lleida|N-240|55.4|66;1;1;Convencional
IMD_42834;Lleida|N-240|66|67;0;0;Convencional
IMD_42835;Lleida|N-240|67|68.7;0;0;Convencional
IMD_42836;Lleida|N-240|68.7|69.3;0;0;Convencional
IMD_42837;Lleida|N-240|69.3|74.5;5;1;Convencional
IMD_42838;Lleida|N-240|74.5|78.9;5;1;Convencional
IMD_42839;Lleida|N-240|78.9|87.4;7;1;Convencional
IMD_42840;Lleida|N-240|87.4|87.95;2;1;Convencional
IMD_42841;Lleida|N-240|87.95|89;1;1;Multicarril
IMD_42842;Lleida|N-240|89|89.729;0;0;Multicarril
IMD_42843;Lleida|N-240|103.6|112.4;2;1;Multicarril
IMD_42844;Lleida|N-240|112.4|114;0;0;Convencional
IMD_42845;Lleida|N-240|114|115.8;0;0;Convencional
IMD_42846;Lleida|N-240|115.8|118.41;1;1;Convencional
IMD_42847;Huesca|N-240|118.41|121;0;0;Convencional
IMD_42848;Huesca|N-240|121|126.5;0;0;Convencional
IMD_42849;Huesca|N-240|126.5|128.85;1;1;Convencional
IMD_42850;Huesca|N-240|130.9|132;0;0;Convencional
IMD_42851;Huesca|N-240|132|132.5;0;0;Convencional
IMD_42852;Huesca|N-240|132.5|134.1;0;0;Convencional
IMD_42853;Huesca|N-240|134.1|139.6;0;0;Convencional
IMD_42854;Huesca|N-240|139.6|141.3;0;0;Convencional
IMD_42855;Huesca|N-240|145|145.6;1;1;Convencional
IMD_42856;Huesca|N-240|145.6|151.7;1;1;Convencional
IMD_42857;Huesca|N-240|151.7|157.7;4;1;Convencional
IMD_42858;Huesca|N-240|157.7|160.4;0;0;Convencional
IMD_42859;Huesca|N-240|160.4|160.8;1;1;Convencional
IMD_42860;Huesca|N-240|160.8|165.4;1;1;Convencional
IMD_42861;Huesca|N-240|165.4|172.5;2;1;Convencional
IMD_42862;Huesca|N-240|172.5|173.3;0;0;Convencional
IMD_42863;Huesca|N-240|173.3|175.5;0;0;Convencional
IMD_42864;Huesca|N-240|175.5|175.6;0;0;Convencional
IMD_42865;Huesca|N-240|175.6|180.4;0;0;Convencional
IMD_42866;Huesca|N-240|180.4|186;0;0;Convencional
IMD_42867;Huesca|N-240|186|193;1;1;Convencional
IMD_42868;Huesca|N-240|193|196.5;1;1;Convencional
IMD_42869;Huesca|N-240|196.5|197.8;0;0;Convencional
IMD_42870;Huesca|N-240|197.8|198.4;0;0;Convencional
IMD_42871;Huesca|N-240|198.4|202.25;1;1;Convencional
IMD_42872;Huesca|N-240|202.25|204.5;1;1;Convencional
IMD_42873;Huesca|N-240|204.5|205;0;0;Convencional
IMD_42874;Huesca|N-240|205|205.35;0;0;Convencional
IMD_42875;Huesca|N-240|205.35|210.3;4;1;Convencional
IMD_42876;Huesca|N-240|210.3|211;0;0;Convencional
IMD_42877;Huesca|N-240|283.48|294.4;4;1;Convencional
IMD_42878;Huesca|N-240|294.4|296;0;0;Convencional
IMD_42879;Huesca|N-240|296|296.7;0;0;Convencional
IMD_42880;Huesca|N-240|296.7|303;0;0;Convencional
IMD_42881;Huesca|N-240|303|303.2;0;0;Convencional
IMD_42882;Huesca|N-240|303.2|303.8;0;0;Convencional
IMD_42883;Huesca|N-240|303.8|311.3;1;1;Convencional
IMD_42884;Huesca|N-240|311.3|311.9;0;0;Convencional
IMD_42885;Huesca|N-240|311.9|316.7;0;0;Convencional
IMD_42886;Huesca|N-240|316.7|316.79;0;0;Convencional
IMD_42887;Zaragoza|N-240|316.79|317;0;0;Convencional
IMD_42888;Zaragoza|N-240|317|325.2;0;0;Convencional
IMD_42889;Zaragoza|N-240|325.2|327.8;1;1;Convencional
IMD_42890;Zaragoza|N-240|327.8|329.4;0;0;Convencional
IMD_42891;Zaragoza|N-240|329.4|336.7;0;0;Convencional
IMD_42892;Zaragoza|N-240|336.7|340.65;0;0;Convencional
IMD_42893;Huesca|N-240A|196.5|197.3;0;0;Convencional
IMD_42894;Huesca|N-240A|197.3|198.05;0;0;Convencional
IMD_42895;Huesca|N-240A|205.275|206.6;0;0;Convencional
IMD_42896;Zaragoza|N-240R|59.6|62.415;0;0;Convencional
IMD_42897;Huesca|N-240R|286.741|287.761;0;0;Convencional
IMD_42898;Huesca|N-240R|292.27|292.945;0;0;Convencional
IMD_42899;Zaragoza|N-240R|317|317.5;0;0;Convencional
IMD_42900;Zaragoza|N-240R|336.75|337.65;0;0;Convencional
IMD_42901;Girona|N-260|0|4.3;;;Convencional
IMD_42902;Girona|N-260|4.3|7.45;;;Convencional
IMD_42903;Girona|N-260|7.45|17.4;;;Convencional
IMD_42904;Girona|N-260|17.4|25.5;;;Convencional
IMD_42905;Girona|N-260|25.5|31.6;;;Convencional
IMD_42906;Girona|N-260|31.6|35.8;;;Convencional
IMD_42907;Girona|N-260|35.8|36.2;;;Convencional
IMD_42908;Girona|N-260|37.55|40.3;;;Convencional
IMD_42909;Girona|N-260|40.3|41.7;;;Convencional
IMD_42910;Girona|N-260|41.7|45.5;;;Convencional
IMD_42911;Girona|N-260|45.5|47.6;;;Convencional
IMD_42912;Girona|N-260|47.6|50.5;;;Convencional
IMD_42913;Girona|N-260|50.5|50.65;;;Convencional
IMD_42914;Girona|N-260|50.65|51.32;;;Convencional
IMD_42915;Girona|N-260|51.32|53.2;;;Convencional
IMD_42916;Girona|N-260|53.2|56.7;;;Convencional
IMD_42917;Girona|N-260|56.7|58.7;;;Convencional
IMD_42918;Girona|N-260|58.7|61.1;;;Convencional
IMD_42919;Girona|N-260|61.1|61.45;;;Convencional
IMD_42920;Girona|N-260|61.45|62.6;;;Convencional
IMD_42921;Girona|N-260|64.3|65;;;Convencional
IMD_42922;Girona|N-260|65|67.55;;;Convencional
IMD_42923;Girona|N-260|83.93|85.35;;;Convencional
IMD_42924;Girona|N-260|85.35|94.8;;;Convencional
IMD_42925;Girona|N-260|94.8|102.6;;;Convencional
IMD_42926;Girona|N-260|102.6|106.2;;;Convencional
IMD_42927;Girona|N-260|106.2|114;;;Convencional
IMD_42928;Girona|N-260|117.35|120;;;Convencional
IMD_42929;Girona|N-260|120|129.9;;;Convencional
IMD_42930;Girona|N-260|129.9|134.2;;;Convencional
IMD_42931;Girona|N-260|134.2|137.4;;;Convencional
IMD_42932;Girona|N-260|137.4|155.4;;;Convencional
IMD_42933;Girona|N-260|155.4|174.8;;;Convencional
IMD_42934;Girona|N-260|174.8|175.1;;;Convencional
IMD_42935;Girona|N-260|175.1|176.6;;;Convencional
IMD_42936;Girona|N-260|176.6|179.5;;;Convencional
IMD_42937;Girona|N-260|179.5|180.3;;;Convencional
IMD_42938;Girona|N-260|180.3|187.7;;;Convencional
IMD_42939;Girona|N-260|187.7|191.1;;;Convencional
IMD_42940;Girona|N-260|191.1|193.84;;;Convencional
IMD_42941;Lleida|N-260|193.84|194.4;0;0;Convencional
IMD_42942;Lleida|N-260|194.4|196.7;1;1;Convencional
IMD_42943;Lleida|N-260|196.7|199.3;1;1;Convencional
IMD_42944;Lleida|N-260|199.3|204.2;6;1;Convencional
IMD_42945;Lleida|N-260|204.2|204.5;0;0;Convencional
IMD_42946;Lleida|N-260|204.5|215.6;6;1;Convencional
IMD_42947;Lleida|N-260|215.6|223.5;6;1;Convencional
IMD_42948;Lleida|N-260|223.5|227.5;0;0;Convencional
IMD_42949;Lleida|N-260|227.5|233.93;11;1;Convencional
IMD_42950;Lleida|N-260|233.93|262.224;7;1;Convencional
IMD_42951;Lleida|N-260|262.224|280.2;3;1;Convencional
IMD_42952;Lleida|N-260|280.2|280.8;0;0;Convencional
IMD_42953;Lleida|N-260|280.8|282.6;0;0;Convencional
IMD_42954;Lleida|N-260|282.6|308.3;6;1;Convencional
IMD_42955;Lleida|N-260|308.3|308.6;0;0;Convencional
IMD_42956;Lleida|N-260|308.6|308.7;0;0;Convencional
IMD_42957;Lleida|N-260|308.7|314.1;0;0;Convencional
IMD_42958;Lleida|N-260|314.1|315.2;0;0;Convencional
IMD_42959;Lleida|N-260|315.2|318.7;0;0;Convencional
IMD_42960;Lleida|N-260|318.7|325;0;0;Convencional
IMD_42961;Lleida|N-260|325|326.9;0;0;Convencional
IMD_42962;Lleida|N-260|326.9|341.9;1;1;Convencional
IMD_42963;Lleida|N-260|341.9|347.23;1;1;Convencional
IMD_42964;Lleida|N-260|353.986|354.3;0;0;Convencional
IMD_42965;Huesca|N-260|354.3|356.3;0;0;Convencional
IMD_42966;Huesca|N-260|356.3|360.6;1;1;Convencional
IMD_42967;Huesca|N-260|360.6|366.5;0;0;Convencional
IMD_42968;Huesca|N-260|366.5|369;0;0;Convencional
IMD_42969;Huesca|N-260|369|374.8;0;0;Convencional
IMD_42970;Huesca|N-260|374.8|383.8;0;0;Convencional
IMD_42971;Huesca|N-260|383.8|385.8;0;0;Convencional
IMD_42972;Huesca|N-260|385.8|392.9;1;1;Convencional
IMD_42973;Huesca|N-260|392.9|402.4;0;0;Convencional
IMD_42974;Huesca|N-260|402.4|405.3;1;1;Convencional
IMD_42975;Huesca|N-260|405.3|407;0;0;Convencional
IMD_42976;Huesca|N-260|407|423.5;1;1;Convencional
IMD_42977;Huesca|N-260|423.5|424.1;1;1;Convencional
IMD_42978;Huesca|N-260|424.1|426.2;0;0;Convencional
IMD_42979;Huesca|N-260|426.2|432.3;1;1;Convencional
IMD_42980;Huesca|N-260|432.3|432.6;0;0;Convencional
IMD_42981;Huesca|N-260|432.6|433.6;1;1;Convencional
IMD_42982;Huesca|N-260|433.6|436.2;0;0;Convencional
IMD_42983;Huesca|N-260|436.2|436.5;1;1;Convencional
IMD_42984;Huesca|N-260|436.5|442.7;0;0;Convencional
IMD_42985;Huesca|N-260|442.7|445.1;0;0;Convencional
IMD_42986;Huesca|N-260|445.1|463.9;0;0;Convencional
IMD_42987;Huesca|N-260|463.9|465.5;1;1;Convencional
IMD_42988;Huesca|N-260|465.5|476.8;0;0;Convencional
IMD_42989;Huesca|N-260|476.8|480.6;0;0;Convencional
IMD_42990;Huesca|N-260|480.6|487.286;0;0;Convencional
IMD_42991;Girona|N-260A|3.88|8.57;0;0;Convencional
IMD_42992;Girona|N-260A|51.251|52.628;0;0;Convencional
IMD_42993;Girona|N-260A|53.15|56.855;0;0;Convencional
IMD_42994;Girona|N-260A|83.93|84.3;0;0;Convencional
IMD_42995;Huesca|N-260A|464|468.3;1;1;Convencional
IMD_42996;Huesca|N-260A|468.3|474.4;1;1;Convencional
IMD_42997;Huesca|N-260A|474.4|476.4;1;1;Convencional
IMD_42998;Huesca|N-260A|476.4|477.8;0;0;Convencional
IMD_42999;Huesca|N-260A|477.8|480.3;0;0;Convencional
IMD_43000;Huesca|N-260A|480.3|482.5;0;0;Convencional
IMD_43001;Huesca|N-260A|482.5|496.8;1;1;Convencional
IMD_43002;Huesca|N-260A|496.8|503.515;2;1;Convencional
IMD_43003;Huesca|N-260A|503.515|504.8;0;0;Convencional
IMD_43004;Huesca|N-260A|504.8|510.7;1;1;Convencional
IMD_43005;Huesca|N-260A|510.7|517.6;0;0;Convencional
IMD_43006;Lleida|N-260R|0|0.4;0;0;Convencional
IMD_43007;Lleida|N-260R|0.4|1.428;0;0;Convencional
IMD_43008;Girona|N-2A|0|2.2;1;1;Convencional
IMD_43009;Girona|N-2A|2.2|6;11;1;Convencional
IMD_43010;Girona|N-2A|6|9.64;0;0;Convencional
IMD_43011;Zaragoza|N-2A|223.31|227.11;;;Convencional
IMD_43012;Zaragoza|N-2A|326.18|326.35;;;Convencional
IMD_43013;Huesca|N-2A|407.97|409.3;0;0;Convencional
IMD_43014;Huesca|N-2A|409.3|409.8;0;0;Convencional
IMD_43015;Huesca|N-2A|409.8|411.21;0;0;Convencional
IMD_43016;Huesca|N-2A|427.775|430.41;0;0;Convencional
IMD_43017;Girona|N-2A|718.36|719.4;0;0;Convencional
IMD_43018;Girona|N-2A|719.4|722;1;1;Convencional
IMD_43019;Girona|N-2A|722|722.2;2;1;Convencional
IMD_43020;Girona|N-2A|722.2|725.16;0;0;Convencional
IMD_43021;Zaragoza|N-2R|204|205.03;0;0;Convencional
IMD_43022;Zaragoza|N-2R|211.14|212;0;0;Convencional
IMD_43023;Zaragoza|N-2R|219.5|220.6;0;0;Convencional
IMD_43024;Zaragoza|N-2R|226.64|227.1;0;0;Convencional
IMD_43025;Zaragoza|N-2R|227.1|227.84;0;0;Convencional
IMD_43026;Madrid|N-3|29.3|32.4;0;0;Convencional
IMD_43027;Madrid|N-3|32.4|32.8;0;0;Convencional
IMD_43028;Madrid|N-3|32.8|34.9;0;0;Convencional
IMD_43029;Madrid|N-3|34.9|40.1;0;0;Convencional
IMD_43030;Madrid|N-3|40.1|40.81;0;0;Convencional
IMD_43031;Cuenca|N-3|165.386|167.2;0;0;Convencional
IMD_43032;Cuenca|N-3|167.2|167.4;0;0;Convencional
IMD_43033;Cuenca|N-3|167.4|187.1;1;1;Convencional
IMD_43034;Cuenca|N-3|187.1|191.9;0;0;Convencional
IMD_43035;Cuenca|N-3|191.9|194.4;0;0;Convencional
IMD_43036;Cuenca|N-3|194.4|199.2;2;1;Convencional
IMD_43037;Cuenca|N-3|199.2|199.4;0;0;Convencional
IMD_43038;Cuenca|N-3|199.4|200.2;1;1;Convencional
IMD_43039;Cuenca|N-3|200.2|200.5;0;0;Convencional
IMD_43040;Cuenca|N-3|200.5|211.45;0;0;Convencional
IMD_43041;Cuenca|N-3|211.45|219.25;0;0;Convencional
IMD_43042;Cuenca|N-3|219.25|225;0;0;Convencional
IMD_43043;Cuenca|N-3|225|228;0;0;Convencional
IMD_43044;Cuenca|N-3|228|228.9;0;0;Convencional
IMD_43045;Cuenca|N-3|228.9|234.1;0;0;Convencional
IMD_43046;Cuenca|N-3|234.1|235.55;0;0;Convencional
IMD_43047;Valencia|N-3|235.55|241.1;0;0;Convencional
IMD_43048;Valencia|N-3|241.1|249.8;0;0;Convencional
IMD_43049;Valencia|N-3|249.8|253.5;1;1;Convencional
IMD_43050;Valencia|N-3|253.5|255.8;0;0;Convencional
IMD_43051;Valencia|N-3|255.8|256.2;0;0;Convencional
IMD_43052;Valencia|N-3|256.2|262.39;1;1;Convencional
IMD_43053;Valencia|N-3|264.45|267.9;0;0;Convencional
IMD_43054;Valencia|N-3|267.9|269.9;1;1;Convencional
IMD_43055;Valencia|N-3|269.9|272.2;0;0;Convencional
IMD_43056;Valencia|N-3|272.2|275.45;0;0;Convencional
IMD_43057;Valencia|N-3|294|298.2;1;1;Convencional
IMD_43058;Valencia|N-3|298.2|298.8;0;0;Convencional
IMD_43059;Valencia|N-3|298.8|304.8;1;1;Convencional
IMD_43060;Valencia|N-3|304.8|306.3;0;0;Convencional
IMD_43061;Toledo|N-301|65|68.5;0;0;Convencional
IMD_43062;Toledo|N-301|68.5|78.058;1;1;Convencional
IMD_43063;Toledo|N-301|78.058|79.8;0;0;Convencional
IMD_43064;Toledo|N-301|79.8|95;1;1;Convencional
IMD_43065;Toledo|N-301|95|99.1;0;0;Convencional
IMD_43066;Toledo|N-301|99.1|99.6;0;0;Convencional
IMD_43067;Toledo|N-301|99.6|99.8;0;0;Convencional
IMD_43068;Toledo|N-301|99.8|101.2;0;0;Convencional
IMD_43069;Toledo|N-301|101.2|112.2;1;1;Convencional
IMD_43070;Toledo|N-301|112.2|116.8;0;0;Convencional
IMD_43071;Toledo|N-301|116.8|118.9;1;1;Convencional
IMD_43072;Toledo|N-301|118.9|120.9;0;0;Convencional
IMD_43073;Toledo|N-301|120.9|123.1;0;0;Convencional
IMD_43074;Toledo|N-301|123.1|124.6;0;0;Convencional
IMD_43075;Toledo|N-301|124.6|131.3;2;1;Convencional
IMD_43076;Toledo|N-301|131.3|134.351;0;0;Convencional
IMD_43077;Cuenca|N-301|134.351|135.6;0;0;Convencional
IMD_43078;Cuenca|N-301|135.6|138;0;0;Convencional
IMD_43079;Cuenca|N-301|138|140.2;0;0;Convencional
IMD_43080;Cuenca|N-301|140.2|142;0;0;Convencional
IMD_43081;Cuenca|N-301|142|150.4;0;0;Convencional
IMD_43082;Cuenca|N-301|150.4|151.5;1;1;Convencional
IMD_43083;Cuenca|N-301|151.5|154;1;1;Convencional
IMD_43084;Cuenca|N-301|154|158.7;2;1;Convencional
IMD_43085;Cuenca|N-301|158.7|171.6;2;1;Convencional
IMD_43086;Cuenca|N-301|171.6|178.2;2;1;Convencional
IMD_43087;Cuenca|N-301|178.2|182.2;0;0;Convencional
IMD_43088;Cuenca|N-301|182.2|184.5;0;0;Convencional
IMD_43089;Cuenca|N-301|184.5|190.9;0;0;Convencional
IMD_43090;Cuenca|N-301|190.9|193.84;0;0;Convencional
IMD_43091;Albacete|N-301|193.84|195.6;0;0;Convencional
IMD_43092;Albacete|N-301|195.6|197.95;1;1;Convencional
IMD_43093;Cuenca|N-301|197.95|203.02;0;0;Convencional
IMD_43094;Albacete|N-301|203.02|207.3;0;0;Convencional
IMD_43095;Albacete|N-301|207.3|208.9;0;0;Convencional
IMD_43096;Albacete|N-301|208.9|209.9;1;1;Convencional
IMD_43097;Albacete|N-301|209.9|210.92;1;1;Convencional
IMD_43098;Albacete|N-301|256.75|258.5;0;0;Convencional
IMD_43099;Albacete|N-301|258.5|274.972;0;0;Convencional
IMD_43100;Albacete|N-301|277.209|277.6;0;0;Convencional
IMD_43101;Albacete|N-301|277.6|281.4;0;0;Convencional
IMD_43102;Albacete|N-301|281.4|285.1;0;0;Convencional
IMD_43103;Albacete|N-301|285.1|285.9;0;0;Convencional
IMD_43104;Albacete|N-301|285.9|289.9;0;0;Convencional
IMD_43105;Albacete|N-301|289.9|297;0;0;Convencional
IMD_43106;Albacete|N-301|297|300.712;0;0;Convencional
IMD_43107;Albacete|N-301|303.117|303.3;0;0;Convencional
IMD_43108;Albacete|N-301|303.3|304.2;0;0;Convencional
IMD_43109;Albacete|N-301|304.2|308.8;0;0;Convencional
IMD_43110;Albacete|N-301|308.8|309.3;0;0;Convencional
IMD_43111;Albacete|N-301|309.3|314;0;0;Convencional
IMD_43112;Albacete|N-301|314|316.8;1;1;Convencional
IMD_43113;Albacete|N-301|316.8|320.2;1;1;Convencional
IMD_43114;Albacete|N-301|320.2|322.7;0;0;Convencional
IMD_43115;Albacete|N-301|322.7|327.78;0;0;Convencional
IMD_43116;Albacete|N-301|328.3|335.5;0;0;Convencional
IMD_43117;Albacete|N-301|335.5|337.54;0;0;Convencional
IMD_43118;Murcia|N-301|337.54|341.1;0;0;Convencional
IMD_43119;Murcia|N-301|341.1|342.8;0;0;Convencional
IMD_43120;Murcia|N-301|342.8|349.9;0;0;Convencional
IMD_43121;Murcia|N-301|356.6|357.3;1;1;Convencional
IMD_43122;Murcia|N-301|357.3|359.3;1;1;Convencional
IMD_43123;Murcia|N-301|359.3|360.27;1;1;Convencional
IMD_43124;Murcia|N-301|361.115|363;0;0;Convencional
IMD_43125;Murcia|N-301|363|368.5;0;0;Convencional
IMD_43126;Murcia|N-301|368.5|369.4;0;0;Convencional
IMD_43127;Murcia|N-301|369.4|372.98;0;0;Convencional
IMD_43128;Murcia|N-301|426|428;0;0;Convencional
IMD_43129;Ciudad Real|N-310|52.7|53.2;0;0;Convencional
IMD_43130;Ciudad Real|N-310|53.2|53.3;0;0;Convencional
IMD_43131;Ciudad Real|N-310|53.3|54;0;0;Convencional
IMD_43132;Ciudad Real|N-310|58.86|69;0;0;Convencional
IMD_43133;Ciudad Real|N-310|69|72;0;0;Convencional
IMD_43134;Ciudad Real|N-310|72|75.4;0;0;Convencional
IMD_43135;Ciudad Real|N-310|75.4|79.1;1;1;Convencional
IMD_43136;Ciudad Real|N-310|79.1|81.2;1;1;Convencional
IMD_43137;Ciudad Real|N-310|81.2|83;0;0;Convencional
IMD_43138;Ciudad Real|N-310|83|84.9;0;0;Convencional
IMD_43139;Ciudad Real|N-310|84.9|92.2;1;1;Convencional
IMD_43140;Ciudad Real|N-310|92.2|94.6;0;0;Convencional
IMD_43141;Ciudad Real|N-310|94.6|96.1;0;0;Convencional
IMD_43142;Ciudad Real|N-310|96.1|104.3;0;0;Convencional
IMD_43143;Ciudad Real|N-310|104.3|105.3;0;0;Convencional
IMD_43144;Ciudad Real|N-310|105.3|111;0;0;Convencional
IMD_43145;Albacete|N-310|111|121;0;0;Convencional
IMD_43146;Albacete|N-310|121|130.5;1;1;Convencional
IMD_43147;Albacete|N-310|130.5|131.9;1;1;Convencional
IMD_43148;Albacete|N-310|131.9|133.4;1;1;Convencional
IMD_43149;Albacete|N-310|133.4|136.5;5;1;Convencional
IMD_43150;Albacete|N-310|136.5|145;2;1;Convencional
IMD_43151;Cuenca|N-310|145|145.6;0;0;Convencional
IMD_43152;Cuenca|N-310|145.6|152.4;1;1;Convencional
IMD_43153;Cuenca|N-310|152.4|154.7;0;0;Convencional
IMD_43154;Cuenca|N-310|154.7|155.9;0;0;Convencional
IMD_43155;Cuenca|N-310|155.9|156.6;0;0;Convencional
IMD_43156;Cuenca|N-310|156.6|158.5;0;0;Convencional
IMD_43157;Cuenca|N-310|158.5|167.2;1;1;Convencional
IMD_43158;Cuenca|N-310|167.2|174;0;0;Convencional
IMD_43159;Cuenca|N-310|174|175.7;1;1;Convencional
IMD_43160;Cuenca|N-310|175.7|180.9;0;0;Convencional
IMD_43161;Cuenca|N-310|180.9|191.3;3;1;Convencional
IMD_43162;Cuenca|N-310|191.3|197.3;0;0;Convencional
IMD_43163;Cuenca|N-310|197.3|198.713;2;1;Convencional
IMD_43164;Cuenca|N-320|134|134.7;0;0;Convencional
IMD_43165;Cuenca|N-320|134.7|136.425;2;1;Convencional
IMD_43166;Cuenca|N-320|136.425|137.3;0;0;Convencional
IMD_43167;Cuenca|N-320|137.3|140.002;1;1;Convencional
IMD_43168;Cuenca|N-320|140.002|144.1;1;1;Convencional
IMD_43169;Cuenca|N-320|144.1|147.9;1;1;Convencional
IMD_43170;Cuenca|N-320|147.9|148.2;0;0;Convencional
IMD_43171;Cuenca|N-320|148.2|154.6;1;1;Convencional
IMD_43172;Cuenca|N-320|154.6|155.3;0;0;Convencional
IMD_43173;Cuenca|N-320|155.3|164.7;1;1;Convencional
IMD_43174;Cuenca|N-320|164.7|165.7;0;0;Convencional
IMD_43175;Cuenca|N-320|165.7|172.2;0;0;Convencional
IMD_43176;Cuenca|N-320|172.2|181.7;2;1;Convencional
IMD_43177;Cuenca|N-320|181.7|189.3;1;1;Convencional
IMD_43178;Cuenca|N-320|189.3|190.4;0;0;Convencional
IMD_43179;Cuenca|N-320|190.4|194.6;0;0;Convencional
IMD_43180;Cuenca|N-320|194.6|197;0;0;Convencional
IMD_43181;Guadalajara|N-320|197|208.6;1;1;Convencional
IMD_43182;Guadalajara|N-320|208.6|214.8;1;1;Convencional
IMD_43183;Guadalajara|N-320|214.8|219.6;1;1;Convencional
IMD_43184;Guadalajara|N-320|219.6|223.4;0;0;Convencional
IMD_43185;Guadalajara|N-320|223.4|224;0;0;Convencional
IMD_43186;Guadalajara|N-320|224|227.1;0;0;Convencional
IMD_43187;Guadalajara|N-320|227.1|238;2;1;Convencional
IMD_43188;Guadalajara|N-320|238|241.2;1;1;Convencional
IMD_43189;Guadalajara|N-320|241.2|248.5;0;0;Convencional
IMD_43190;Guadalajara|N-320|248.5|252.2;1;1;Convencional
IMD_43191;Guadalajara|N-320|252.2|263.3;6;1;Convencional
IMD_43192;Guadalajara|N-320|263.3|265.2;1;1;Convencional
IMD_43193;Guadalajara|N-320|265.2|271.8;4;1;Convencional
IMD_43194;Guadalajara|N-320|271.8|272.37;0;0;Multicarril
IMD_43195;Guadalajara|N-320|290.4|291.2;1;1;Convencional
IMD_43196;Guadalajara|N-320|291.2|293.5;4;1;Convencional
IMD_43197;Guadalajara|N-320|293.5|297.4;0;0;Convencional
IMD_43198;Guadalajara|N-320|297.4|301.9;2;1;Convencional
IMD_43199;Madrid|N-320|301.9|302;0;0;Convencional
IMD_43200;Guadalajara|N-320|302|303.4;0;0;Convencional
IMD_43201;Guadalajara|N-320|303.4|306.6;1;1;Convencional
IMD_43202;Guadalajara|N-320|306.6|309.9;1;1;Convencional
IMD_43203;Guadalajara|N-320|309.9|313.8;7;1;Convencional
IMD_43204;Guadalajara|N-320|313.8|314.5;1;1;Convencional
IMD_43205;Guadalajara|N-320|314.5|317;2;1;Convencional
IMD_43206;Madrid|N-320|317|323.6;2;1;Convencional
IMD_43207;Madrid|N-320|323.6|325.4;1;1;Convencional
IMD_43208;Madrid|N-320|325.4|327.1;3;1;Convencional
IMD_43209;Madrid|N-320|327.1|331.6;0;0;Convencional
IMD_43210;Madrid|N-320|331.6|332.3;0;0;Convencional
IMD_43211;Madrid|N-320|332.3|333.4;1;1;Convencional
IMD_43212;Madrid|N-320|333.4|334.7;0;0;Convencional
IMD_43213;Madrid|N-320|334.7|337.8;0;0;Convencional
IMD_43214;Madrid|N-320|337.8|341.2;1;1;Convencional
IMD_43215;Guadalajara|N-320A|227.57|236.3;0;0;Convencional
IMD_43216;Guadalajara|N-320A|236.3|241.13;0;0;Convencional
IMD_43217;Guadalajara|N-320A|241.28|247.8;0;0;Convencional
IMD_43218;Guadalajara|N-320A|265.03|270.3;1;1;Convencional
IMD_43219;Guadalajara|N-320A|270.3|271;0;0;Convencional
IMD_43220;Jaén|N-322|117.75|119.9;0;0;Convencional
IMD_43221;Jaén|N-322|119.9|124.6;0;0;Convencional
IMD_43222;Jaén|N-322|124.6|127.1;0;0;Convencional
IMD_43223;Jaén|N-322|127.1|133.8;0;0;Convencional
IMD_43224;Jaén|N-322|133.8|135.4;0;0;Convencional
IMD_43225;Jaén|N-322|135.4|137.371;0;0;Convencional
IMD_43226;Jaén|N-322|138.559|142.5;2;1;Convencional
IMD_43227;Jaén|N-322|142.5|145.9;0;0;Convencional
IMD_43228;Jaén|N-322|149.64|152.6;1;1;Convencional
IMD_43229;Jaén|N-322|152.6|153.2;0;0;Convencional
IMD_43230;Jaén|N-322|153.2|153.8;0;0;Convencional
IMD_43231;Jaén|N-322|153.8|154.6;0;0;Convencional
IMD_43232;Jaén|N-322|154.6|164.9;0;0;Convencional
IMD_43233;Jaén|N-322|164.9|176;0;0;Convencional
IMD_43234;Jaén|N-322|176|179.6;1;1;Convencional
IMD_43235;Jaén|N-322|179.6|183.8;0;0;Convencional
IMD_43236;Jaén|N-322|183.8|185.9;0;0;Convencional
IMD_43237;Jaén|N-322|193.75|205.4;2;1;Convencional
IMD_43238;Jaén|N-322|205.4|207.4;0;0;Convencional
IMD_43239;Jaén|N-322|207.4|214.5;1;1;Convencional
IMD_43240;Jaén|N-322|214.5|222.4;1;1;Convencional
IMD_43241;Jaén|N-322|222.4|223.8;0;0;Convencional
IMD_43242;Jaén|N-322|223.8|225.1;0;0;Convencional
IMD_43243;Jaén|N-322|225.1|228.5;2;1;Convencional
IMD_43244;Jaén|N-322|228.5|232.2;0;0;Convencional
IMD_43245;Jaén|N-322|232.2|235.9;0;0;Convencional
IMD_43246;Jaén|N-322|235.9|239.5;1;1;Convencional
IMD_43247;Jaén|N-322|239.5|244.8;0;0;Convencional
IMD_43248;Jaén|N-322|244.8|246.4;0;0;Convencional
IMD_43249;Albacete|N-322|246.4|249.4;0;0;Convencional
IMD_43250;Albacete|N-322|249.4|253.3;0;0;Convencional
IMD_43251;Albacete|N-322|253.3|258.3;0;0;Convencional
IMD_43252;Albacete|N-322|258.3|265;2;1;Convencional
IMD_43253;Albacete|N-322|265|266.3;0;0;Convencional
IMD_43254;Albacete|N-322|266.3|268.7;0;0;Convencional
IMD_43255;Albacete|N-322|268.7|270.3;0;0;Convencional
IMD_43256;Albacete|N-322|270.3|275;0;0;Convencional
IMD_43257;Albacete|N-322|275|275.4;0;0;Convencional
IMD_43258;Albacete|N-322|275.4|276.6;0;0;Convencional
IMD_43259;Albacete|N-322|276.6|278;0;0;Convencional
IMD_43260;Albacete|N-322|278|279.6;1;1;Convencional
IMD_43261;Albacete|N-322|279.6|289.3;0;0;Convencional
IMD_43262;Albacete|N-322|289.3|289.6;0;0;Convencional
IMD_43263;Albacete|N-322|289.6|298.5;0;0;Convencional
IMD_43264;Albacete|N-322|298.5|301.1;3;1;Convencional
IMD_43265;Albacete|N-322|301.1|316.3;5;1;Convencional
IMD_43266;Albacete|N-322|316.3|326.3;0;0;Convencional
IMD_43267;Albacete|N-322|326.3|326.9;0;0;Convencional
IMD_43268;Albacete|N-322|326.9|329.9;0;0;Convencional
IMD_43269;Albacete|N-322|329.9|337.6;2;1;Convencional
IMD_43270;Albacete|N-322|337.6|347.2;2;1;Convencional
IMD_43271;Albacete|N-322|347.2|352.2;0;0;Autovía
IMD_43272;Albacete|N-322|352.2|354.5;0;0;Autovía
IMD_43273;Albacete|N-322|354.5|356.4;2;1;Autovía
IMD_43274;Albacete|N-322|356.4|360.9;5;1;Autovía
IMD_43275;Albacete|N-322|360.9|373.4;1;1;Convencional
IMD_43276;Albacete|N-322|373.4|375.3;0;0;Convencional
IMD_43277;Albacete|N-322|375.3|381.4;0;0;Convencional
IMD_43278;Albacete|N-322|381.4|381.7;0;0;Convencional
IMD_43279;Albacete|N-322|381.7|382.2;0;0;Convencional
IMD_43280;Albacete|N-322|382.2|383;0;0;Convencional
IMD_43281;Albacete|N-322|383|392.3;0;0;Convencional
IMD_43282;Albacete|N-322|392.3|394.9;0;0;Convencional
IMD_43283;Albacete|N-322|394.9|398.2;0;0;Convencional
IMD_43284;Albacete|N-322|398.2|403.2;1;1;Convencional
IMD_43285;Albacete|N-322|403.2|404.9;0;0;Convencional
IMD_43286;Albacete|N-322|404.9|406.7;0;0;Convencional
IMD_43287;Albacete|N-322|406.7|408.5;0;0;Convencional
IMD_43288;Albacete|N-322|408.5|412.3;1;1;Convencional
IMD_43289;Albacete|N-322|412.3|417.5;2;1;Convencional
IMD_43290;Albacete|N-322|417.5|422.3;1;1;Convencional
IMD_43291;Albacete|N-322|422.3|423;0;0;Convencional
IMD_43292;Albacete|N-322|423|425.6;0;0;Convencional
IMD_43293;Valencia|N-322|425.6|425.7;0;0;Convencional
IMD_43294;Valencia|N-322|425.7|437.2;0;0;Convencional
IMD_43295;Valencia|N-322|437.2|441.2;0;0;Convencional
IMD_43296;Valencia|N-322|441.2|442.2;0;0;Convencional
IMD_43297;Valencia|N-322|442.2|446;0;0;Convencional
IMD_43298;Valencia|N-322|446|446.6;0;0;Convencional
IMD_43299;Valencia|N-322|446.6|453.9;1;1;Convencional
IMD_43300;Valencia|N-322|453.9|454.4;0;0;Convencional
IMD_43301;Valencia|N-322|454.4|456.01;1;1;Convencional
IMD_43302;Jaén|N-322A|126|126.9;0;0;Convencional
IMD_43303;Jaén|N-322A|186.2|186.7;0;0;Convencional
IMD_43304;Jaén|N-322A|186.7|187.2;0;0;Convencional
IMD_43305;Jaén|N-322A|206.3|207.4;0;0;Convencional
IMD_43306;Albacete|N-322A|394.95|398.7;0;0;Convencional
IMD_43307;Albacete|N-322A|398.7|403.2;0;0;Convencional
IMD_43308;Albacete|N-322A|403.2|405.8;0;0;Convencional
IMD_43309;Albacete|N-322A|405.8|406.1;0;0;Convencional
IMD_43310;Albacete|N-322A|406.1|406.3;0;0;Convencional
IMD_43311;Albacete|N-322A|406.3|409;1;1;Convencional
IMD_43312;Albacete|N-322A|423.8|425.38;0;0;Convencional
IMD_43313;Valencia|N-322A|425.38|425.8;0;0;Convencional
IMD_43314;Jaén|N-323|1|7.8;0;0;Convencional
IMD_43315;Jaén|N-323|7.8|12.2;0;0;Convencional
IMD_43316;Jaén|N-323|12.2|12.9;0;0;Convencional
IMD_43317;Jaén|N-323|15.05|17.7;0;0;Convencional
IMD_43318;Jaén|N-323|17.7|21.6;0;0;Convencional
IMD_43319;Jaén|N-323|21.6|22.3;0;0;Convencional
IMD_43320;Jaén|N-323|22.3|32.72;0;0;Convencional
IMD_43321;Jaén|N-323|37.98|38;0;0;Convencional
IMD_43322;Jaén|N-323|38|39.1;0;0;Convencional
IMD_43323;Jaén|N-323|39.1|40.48;0;0;Convencional
IMD_43324;Jaén|N-323|46|48;0;0;Convencional
IMD_43325;Jaén|N-323|48|49.5;0;0;Convencional
IMD_43326;Jaén|N-323|49.5|57.5;1;1;Convencional
IMD_43327;Jaén|N-323|57.5|57.9;0;0;Convencional
IMD_43328;Jaén|N-323|57.9|58.3;0;0;Convencional
IMD_43329;Jaén|N-323|58.3|59.2;0;0;Convencional
IMD_43330;Jaén|N-323|59.2|62.7;0;0;Convencional
IMD_43331;Jaén|N-323|62.7|62.9;0;0;Convencional
IMD_43332;Jaén|N-323|62.9|65.24;0;0;Convencional
IMD_43333;Granada|N-323|166.97|168.5;1;1;Convencional
IMD_43334;Granada|N-323|168.5|175.2;0;0;Convencional
IMD_43335;Granada|N-323|175.2|181.2;2;1;Convencional
IMD_43336;Granada|N-323|181.2|187.1;2;1;Convencional
IMD_43337;Granada|N-323|187.6|188.4;0;0;Convencional
IMD_43338;Granada|N-323|188.4|189.8;0;0;Convencional
IMD_43339;Granada|N-323|190.3|193.362;2;1;Convencional
IMD_43340;Granada|N-323|193.362|194.02;0;0;Convencional
IMD_43341;Granada|N-323A|82.6|84;0;0;Convencional
IMD_43342;Granada|N-323A|84|86.6;0;0;Convencional
IMD_43343;Granada|N-323A|86.6|87.92;0;0;Convencional
IMD_43344;Granada|N-323A|88.1|88.5;0;0;Convencional
IMD_43345;Granada|N-323A|88.5|99.8;0;0;Convencional
IMD_43346;Granada|N-323A|99.8|100.8;0;0;Convencional
IMD_43347;Granada|N-323A|108.05|112.4;0;0;Convencional
IMD_43348;Granada|N-323A|112.4|114;0;0;Convencional
IMD_43349;Granada|N-323A|114|118.4;1;1;Convencional
IMD_43350;Granada|N-323A|118.4|119.8;1;1;Convencional
IMD_43351;Granada|N-323A|143.3|145;0;0;Convencional
IMD_43352;Granada|N-323A|145|147.3;2;1;Convencional
IMD_43353;Granada|N-323A|147.3|154.59;1;1;Convencional
IMD_43354;Granada|N-323A|163.4|166.97;0;0;Convencional
IMD_43355;Granada|N-323A|169.13|169.28;0;0;Convencional
IMD_43356;Granada|N-323A|463.8|465.543;1;1;Convencional
IMD_43357;Granada|N-323A|466.5|469.26;0;0;Convencional
IMD_43358;Alicante|N-325|3.789|6;2;1;Multicarril
IMD_43359;Alicante|N-325|6|8.2;0;0;Convencional
IMD_43360;Alicante|N-325|8.2|9;0;0;Convencional
IMD_43361;Alicante|N-325|9|20.15;8;1;Convencional
IMD_43362;Albacete|N-330|93.46|99.056;2;1;Convencional
IMD_43363;Valencia|N-330|99.056|99.8;0;0;Convencional
IMD_43364;Valencia|N-330|99.8|103.9;1;1;Convencional
IMD_43365;Valencia|N-330|103.9|113.3;0;0;Convencional
IMD_43366;Valencia|N-330|113.3|114.5;0;0;Convencional
IMD_43367;Valencia|N-330|114.5|119.4;2;1;Convencional
IMD_43368;Valencia|N-330|119.4|124.6;0;0;Convencional
IMD_43369;Valencia|N-330|124.6|124.7;0;0;Convencional
IMD_43370;Valencia|N-330|124.7|135.2;2;1;Convencional
IMD_43371;Valencia|N-330|135.2|136.4;0;0;Convencional
IMD_43372;Valencia|N-330|136.4|149.5;1;1;Convencional
IMD_43373;Valencia|N-330|149.5|152.3;1;1;Convencional
IMD_43374;Valencia|N-330|152.3|153.3;1;1;Convencional
IMD_43375;Valencia|N-330|153.3|157.7;0;0;Convencional
IMD_43376;Valencia|N-330|157.7|162.7;0;0;Convencional
IMD_43377;Valencia|N-330|162.7|164.1;0;0;Convencional
IMD_43378;Valencia|N-330|164.1|167.8;0;0;Convencional
IMD_43379;Valencia|N-330|167.8|170.4;0;0;Convencional
IMD_43380;Valencia|N-330|187.5|190;0;0;Convencional
IMD_43381;Valencia|N-330|190|191.9;0;0;Convencional
IMD_43382;Valencia|N-330|191.9|196.7;0;0;Convencional
IMD_43383;Valencia|N-330|196.7|199.6;0;0;Convencional
IMD_43384;Valencia|N-330|199.6|202.8;1;1;Convencional
IMD_43385;Valencia|N-330|202.8|215.58;1;1;Convencional
IMD_43386;Cuenca|N-330|215.58|217.7;0;0;Convencional
IMD_43387;Cuenca|N-330|217.7|227.9;0;0;Convencional
IMD_43388;Cuenca|N-330|227.9|239;1;1;Convencional
IMD_43389;Cuenca|N-330|239|245;0;0;Convencional
IMD_43390;Cuenca|N-330|245|255.13;0;0;Convencional
IMD_43391;Valencia|N-330|255.13|261;0;0;Convencional
IMD_43392;Valencia|N-330|261|262.5;0;0;Convencional
IMD_43393;Valencia|N-330|262.5|268.5;0;0;Convencional
IMD_43394;Valencia|N-330|268.5|274;2;1;Convencional
IMD_43395;Valencia|N-330|274|274.44;0;0;Convencional
IMD_43396;Teruel|N-330|274.44|274.6;0;0;Convencional
IMD_43397;Teruel|N-330|274.6|287.9;2;1;Convencional
IMD_43398;Teruel|N-330|287.9|297.8;0;0;Convencional
IMD_43399;Teruel|N-330|297.8|301.2;0;0;Convencional
IMD_43400;Teruel|N-330|301.2|301.44;0;0;Convencional
IMD_43401;Alicante|N-330|406.35|408.5;0;0;Convencional
IMD_43402;Zaragoza|N-330|417.34|418.4;0;0;Convencional
IMD_43403;Zaragoza|N-330|418.4|420.2;1;1;Convencional
IMD_43404;Zaragoza|N-330|420.2|420.4;0;0;Convencional
IMD_43405;Zaragoza|N-330|420.4|424.2;0;0;Convencional
IMD_43406;Zaragoza|N-330|424.2|428.5;0;0;Convencional
IMD_43407;Zaragoza|N-330|428.5|428.8;0;0;Convencional
IMD_43408;Zaragoza|N-330|428.8|434;1;1;Convencional
IMD_43409;Zaragoza|N-330|434|444;0;0;Convencional
IMD_43410;Zaragoza|N-330|444|445.2;0;0;Convencional
IMD_43411;Zaragoza|N-330|445.2|449.4;0;0;Convencional
IMD_43412;Zaragoza|N-330|449.4|450.1;1;1;Convencional
IMD_43413;Zaragoza|N-330|450.1|453.1;0;0;Convencional
IMD_43414;Zaragoza|N-330|453.1|453.7;0;0;Convencional
IMD_43415;Zaragoza|N-330|453.7|458.8;1;1;Convencional
IMD_43416;Zaragoza|N-330|458.8|467.9;0;0;Convencional
IMD_43417;Zaragoza|N-330|469.24|471.1;0;0;Convencional
IMD_43418;Zaragoza|N-330|471.1|475.6;4;1;Convencional
IMD_43419;Zaragoza|N-330|475.6|476;1;1;Convencional
IMD_43420;Zaragoza|N-330|476|478.6;1;1;Convencional
IMD_43421;Zaragoza|N-330|481.9|482.71;1;1;Convencional
IMD_43422;Zaragoza|N-330|482.71|483.9;1;1;Multicarril
IMD_43423;Zaragoza|N-330|483.9|488;4;1;Multicarril
IMD_43424;Zaragoza|N-330|488|491;3;1;Multicarril
IMD_43425;Zaragoza|N-330|502.2|510.25;7;1;Multicarril
IMD_43426;Zaragoza|N-330|515.5|521.3;3;1;Convencional
IMD_43427;Zaragoza|N-330|521.3|524.18;1;1;Convencional
IMD_43428;Zaragoza|N-330|528.23|531.6;2;1;Convencional
IMD_43429;Zaragoza|N-330|531.6|532;0;0;Convencional
IMD_43430;Zaragoza|N-330|532|536.3;0;0;Convencional
IMD_43431;Zaragoza|N-330|536.3|537.9;0;0;Convencional
IMD_43432;Huesca|N-330|537.9|538.6;0;0;Convencional
IMD_43433;Huesca|N-330|538.6|539.4;0;0;Convencional
IMD_43434;Huesca|N-330|539.4|544;0;0;Convencional
IMD_43435;Huesca|N-330|544|545.1;0;0;Convencional
IMD_43436;Huesca|N-330|545.1|552.425;1;1;Convencional
IMD_43437;Huesca|N-330|553.95|558.8;1;1;Convencional
IMD_43438;Huesca|N-330|558.8|563.3;1;1;Convencional
IMD_43439;Huesca|N-330|563.3|564;0;0;Convencional
IMD_43440;Huesca|N-330|564|567.853;0;0;Convencional
IMD_43441;Huesca|N-330|573.6|575.1;1;1;Convencional
IMD_43442;Huesca|N-330|575.1|575.75;1;1;Convencional
IMD_43443;Huesca|N-330|576.68|579.6;1;1;Convencional
IMD_43444;Huesca|N-330|579.6|583.5;1;1;Convencional
IMD_43445;Huesca|N-330|583.5|583.6;0;0;Convencional
IMD_43446;Huesca|N-330|583.6|585.87;0;0;Convencional
IMD_43447;Huesca|N-330|609.3|611.9;0;0;Convencional
IMD_43448;Huesca|N-330|611.9|612.7;0;0;Convencional
IMD_43449;Huesca|N-330|612.7|613.9;0;0;Convencional
IMD_43450;Huesca|N-330|613.9|616.7;0;0;Convencional
IMD_43451;Huesca|N-330|616.7|617;0;0;Convencional
IMD_43452;Huesca|N-330|617|617.2;0;0;Convencional
IMD_43453;Huesca|N-330|617.2|622.4;2;1;Convencional
IMD_43454;Huesca|N-330|622.4|624.625;2;1;Convencional
IMD_43455;Huesca|N-330|625.6|626.7;0;0;Convencional
IMD_43456;Huesca|N-330|626.7|630;0;0;Convencional
IMD_43457;Huesca|N-330|630|632.8;0;0;Convencional
IMD_43458;Huesca|N-330|632.8|636;1;1;Convencional
IMD_43459;Huesca|N-330|636|641.1;0;0;Convencional
IMD_43460;Huesca|N-330|641.1|642.1;0;0;Convencional
IMD_43461;Huesca|N-330|642.1|643.4;0;0;Convencional
IMD_43462;Huesca|N-330|643.4|643.8;0;0;Convencional
IMD_43463;Huesca|N-330|643.8|646.4;0;0;Convencional
IMD_43464;Huesca|N-330|646.4|651.6;3;1;Convencional
IMD_43465;Huesca|N-330|651.6|654.4;0;0;Convencional
IMD_43466;Huesca|N-330|654.4|665.833;4;1;Convencional
IMD_43467;Huesca|N-330|665.833|666.3;0;0;Convencional
IMD_43468;Huesca|N-330|666.3|672.28;1;1;Convencional
IMD_43469;Valencia|N-330A|137.8|140.6;0;0;Convencional
IMD_43470;Valencia|N-330A|160.885|161.65;0;0;Convencional
IMD_43471;Valencia|N-330A|261.86|269.69;0;0;Convencional
IMD_43472;Valencia|N-330A|275.23|277;0;0;Convencional
IMD_43473;Huesca|N-330A|597.44|598.1;0;0;Convencional
IMD_43474;Huesca|N-330A|602.72|606.3;0;0;Convencional
IMD_43475;Huesca|N-330A|606.3|611.95;0;0;Convencional
IMD_43476;Huesca|N-330A|629.85|631;0;0;Convencional
IMD_43477;Huesca|N-330A|643.21|645.69;1;1;Convencional
IMD_43478;Huesca|N-330A|646.67|647.1;0;0;Convencional
IMD_43479;Huesca|N-330A|647.1|648.925;4;1;Convencional
IMD_43480;Huesca|N-330A|666.75|673.3;2;1;Convencional
IMD_43481;Huesca|N-330A|673.3|675.18;0;0;Convencional
IMD_43482;Huesca|N-330B|673.28|675.6;0;0;Convencional
IMD_43483;Córdoba|N-331|17|22.2;0;0;Convencional
IMD_43484;Córdoba|N-331|22.2|30.15;1;1;Convencional
IMD_43485;Córdoba|N-331|34.03|36.3;1;1;Convencional
IMD_43486;Córdoba|N-331|36.3|39.5;1;1;Convencional
IMD_43487;Córdoba|N-331|39.5|45.1;5;1;Convencional
IMD_43488;Córdoba|N-331|45.1|46.4;0;0;Convencional
IMD_43489;Córdoba|N-331|46.4|49.7;1;1;Convencional
IMD_43490;Córdoba|N-331|49.7|50.2;0;0;Convencional
IMD_43491;Córdoba|N-331|57.21|61.8;0;0;Convencional
IMD_43492;Córdoba|N-331|61.8|62.2;0;0;Convencional
IMD_43493;Córdoba|N-331|62.2|62.7;0;0;Convencional
IMD_43494;Córdoba|N-331|62.7|67.85;1;1;Convencional
IMD_43495;Córdoba|N-331|81|89.1;2;1;Convencional
IMD_43496;Córdoba|N-331|89.1|94.9;1;1;Convencional
IMD_43497;Córdoba|N-331|100.1|102.59;0;0;Convencional
IMD_43498;Málaga|N-331|102.59|107.6;0;0;Convencional
IMD_43499;Málaga|N-331|107.6|109.8;0;0;Convencional
IMD_43500;Málaga|N-331|109.8|114.3;0;0;Convencional
IMD_43501;Málaga|N-331|114.3|118.39;0;0;Convencional
IMD_43502;Málaga|N-331|125.6|127.5;0;0;Multicarril
IMD_43503;Málaga|N-331|127.5|133.135;1;1;Convencional
IMD_43504;Córdoba|N-331R|0|0.76;0;0;Convencional
IMD_43505;Alicante|N-332|38.8|42.2;2;1;Convencional
IMD_43506;Alicante|N-332|42.2|42.7;0;0;Multicarril
IMD_43507;Alicante|N-332|42.7|44.4;3;1;Multicarril
IMD_43508;Alicante|N-332|44.4|47.724;2;1;Multicarril
IMD_43509;Alicante|N-332|47.724|54.4;24;1;Multicarril
IMD_43510;Alicante|N-332|54.4|57.3;8;1;Convencional
IMD_43511;Alicante|N-332|57.3|62.36;8;1;Convencional
IMD_43512;Alicante|N-332|62.36|67.6;2;1;Multicarril
IMD_43513;Alicante|N-332|67.6|71.7;3;1;Multicarril
IMD_43514;Alicante|N-332|71.7|72.2;0;0;Convencional
IMD_43515;Alicante|N-332|72.2|73.7;2;1;Convencional
IMD_43516;Alicante|N-332|73.7|75;2;1;Convencional
IMD_43517;Alicante|N-332|75|79.3;1;1;Convencional
IMD_43518;Alicante|N-332|79.3|87.2;7;1;Convencional
IMD_43519;Alicante|N-332|87.2|94.5;23;1;Convencional
IMD_43520;Alicante|N-332|94.5|95.81;5;1;Convencional
IMD_43521;Alicante|N-332|95.81|97.85;5;1;Convencional
IMD_43522;Alicante|N-332|97.85|98.683;1;1;Multicarril
IMD_43523;Alicante|N-332|118.92|120.6;0;0;Multicarril
IMD_43524;Alicante|N-332|120.6|122.807;0;0;Convencional
IMD_43525;Alicante|N-332|122.807|137.4;7;1;Convencional
IMD_43526;Alicante|N-332|137.4|142.4;2;1;Convencional
IMD_43527;Alicante|N-332|142.4|144.7;11;1;Convencional
IMD_43528;Alicante|N-332|144.7|147.1;8;1;Convencional
IMD_43529;Alicante|N-332|147.1|148.4;6;1;Multicarril
IMD_43530;Alicante|N-332|148.4|149.3;4;1;Multicarril
IMD_43531;Alicante|N-332|149.3|151.4;2;1;Multicarril
IMD_43532;Alicante|N-332|151.4|152.36;2;1;Multicarril
IMD_43533;Alicante|N-332|160.375|160.8;2;1;Multicarril
IMD_43534;Alicante|N-332|160.8|168;9;1;Multicarril
IMD_43535;Alicante|N-332|168|175.6;7;1;Multicarril
IMD_43536;Alicante|N-332|175.6|176.579;0;0;Convencional
IMD_43537;Alicante|N-332|176.579|178.7;1;1;Convencional
IMD_43538;Alicante|N-332|178.7|179.625;0;0;Convencional
IMD_43539;Alicante|N-332|179.625|189.4;3;1;Convencional
IMD_43540;Alicante|N-332|189.4|190.2;0;0;Multicarril
IMD_43541;Alicante|N-332|190.2|190.6;1;1;Convencional
IMD_43542;Alicante|N-332|194.22|195.3;2;1;Convencional
IMD_43543;Alicante|N-332|195.3|196;0;0;Convencional
IMD_43544;Alicante|N-332|196|196.5;4;1;Convencional
IMD_43545;Alicante|N-332|196.5|197.6;1;1;Convencional
IMD_43546;Alicante|N-332|197.6|201.4;1;1;Convencional
IMD_43547;Alicante|N-332|201.4|203.5;0;0;Convencional
IMD_43548;Alicante|N-332|203.5|204.64;0;0;Convencional
IMD_43549;Valencia|N-332|204.64|206.8;1;1;Convencional
IMD_43550;Valencia|N-332|206.8|211.6;6;1;Convencional
IMD_43551;Valencia|N-332|211.6|213.5;1;1;Convencional
IMD_43552;Valencia|N-332|216.4|217.575;3;1;Convencional
IMD_43553;Valencia|N-332|218.42|218.85;0;0;Convencional
IMD_43554;Valencia|N-332|219.105|220.5;3;1;Convencional
IMD_43555;Valencia|N-332|220.5|221.9;12;1;Convencional
IMD_43556;Valencia|N-332|221.9|223.3;3;1;Convencional
IMD_43557;Valencia|N-332|223.3|225;1;1;Convencional
IMD_43558;Valencia|N-332|225|226;3;1;Convencional
IMD_43559;Valencia|N-332|229|236.5;2;1;Convencional
IMD_43560;Valencia|N-332|236.5|241.4;3;1;Convencional
IMD_43561;Valencia|N-332|241.4|242.65;0;0;Convencional
IMD_43562;Valencia|N-332|244.15|244.2;0;0;Convencional
IMD_43563;Valencia|N-332|244.2|246.7;1;1;Convencional
IMD_43564;Valencia|N-332|246.7|250.8;0;0;Convencional
IMD_43565;Valencia|N-332|250.8|256.1;2;1;Convencional
IMD_43566;Valencia|N-332|256.1|257.275;1;1;Convencional
IMD_43567;Alicante|N-332A|74.922|75.85;0;0;Convencional
IMD_43568;Alicante|N-332A|175.6|177.8;0;0;Convencional
IMD_43569;Alicante|N-332A|177.8|179.06;0;0;Convencional
IMD_43570;Valencia|N-332A|212.21|216.4;0;0;Convencional
IMD_43571;Valencia|N-332A|272.06|274.12;0;0;Convencional
IMD_43572;Valencia|N-332R|250.837|253.5;0;0;Convencional
IMD_43573;Alicante|N-334|0|0.94;0;0;Multicarril
IMD_43574;Valencia|N-337|0|2.5;4;1;Multicarril
IMD_43575;Valencia|N-337|2.5|4.2;0;0;Convencional
IMD_43576;Valencia|N-337A|0|1.6;3;1;Convencional
IMD_43577;Alicante|N-338|0|1.552;0;0;Convencional
IMD_43578;Alicante|N-338|1.552|3.1;1;1;Convencional
IMD_43579;Alicante|N-338|3.1|5.37;1;1;Convencional
IMD_43580;Sevilla|N-339|0|2.4;1;1;Convencional
IMD_43581;Cádiz|N-340|10.29|15.43;0;0;Convencional
IMD_43582;Cádiz|N-340|23.5|28.1;1;1;Convencional
IMD_43583;Cádiz|N-340|28.1|34.23;0;0;Convencional
IMD_43584;Cádiz|N-340|35|36.28;1;1;Convencional
IMD_43585;Cádiz|N-340|36.28|36.7;0;0;Convencional
IMD_43586;Cádiz|N-340|36.7|44.1;1;1;Convencional
IMD_43587;Cádiz|N-340|44.1|55.75;1;1;Convencional
IMD_43588;Cádiz|N-340|55.75|65.7;1;1;Convencional
IMD_43589;Cádiz|N-340|65.7|67.65;0;0;Convencional
IMD_43590;Cádiz|N-340|67.65|70.25;0;0;Convencional
IMD_43591;Cádiz|N-340|70.25|74.05;1;1;Convencional
IMD_43592;Cádiz|N-340|74.05|81.35;7;1;Convencional
IMD_43593;Cádiz|N-340|81.35|102.4;16;1;Convencional
IMD_43594;Cádiz|N-340|119|123.8;0;0;Convencional
IMD_43595;Cádiz|N-340|123.8|127.2;0;0;Convencional
IMD_43596;Cádiz|N-340|127.2|130.9;0;0;Convencional
IMD_43597;Cádiz|N-340|130.9|131.8;0;0;Convencional
IMD_43598;Cádiz|N-340|131.8|132.7;0;0;Convencional
IMD_43599;Málaga|N-340|296|302.68;;;Convencional
IMD_43600;Granada|N-340|302.68|306.138;0;0;Convencional
IMD_43601;Granada|N-340|306.138|314.1;4;1;Convencional
IMD_43602;Granada|N-340|314.1|318.585;5;1;Convencional
IMD_43603;Granada|N-340|318.585|328.5;6;1;Convencional
IMD_43604;Granada|N-340|328.5|332.2;6;1;Convencional
IMD_43605;Granada|N-340|332.2|334.4;2;1;Convencional
IMD_43606;Granada|N-340|334.4|338.666;6;1;Convencional
IMD_43607;Granada|N-340|338.666|351.9;5;1;Convencional
IMD_43608;Granada|N-340|351.9|353.3;0;0;Convencional
IMD_43609;Granada|N-340|353.3|355;1;1;Convencional
IMD_43610;Granada|N-340|358.19|359.25;0;0;Convencional
IMD_43611;Granada|N-340|359.25|363.5;1;1;Convencional
IMD_43612;Granada|N-340|363.5|371.4;0;0;Convencional
IMD_43613;Granada|N-340|371.4|372.1;0;0;Convencional
IMD_43614;Granada|N-340|372.1|373.05;1;1;Convencional
IMD_43615;Granada|N-340|375.6|377.5;0;0;Convencional
IMD_43616;Almería|N-340|377.5|383.82;0;0;Convencional
IMD_43617;Alicante|N-340|678.78|682.8;3;1;Convencional
IMD_43618;Alicante|N-340|682.8|688;3;1;Convencional
IMD_43619;Alicante|N-340|688|688.4;0;0;Multicarril
IMD_43620;Alicante|N-340|688.4|694.1;5;1;Convencional
IMD_43621;Alicante|N-340|694.1|695.7;2;1;Convencional
IMD_43622;Alicante|N-340|695.7|697.4;1;1;Convencional
IMD_43623;Alicante|N-340|697.4|699.5;4;1;Convencional
IMD_43624;Alicante|N-340|699.5|699.7;0;0;Convencional
IMD_43625;Alicante|N-340|699.7|706.1;3;1;Convencional
IMD_43626;Alicante|N-340|706.1|708.07;1;1;Convencional
IMD_43627;Alicante|N-340|708.07|709.46;0;0;Multicarril
IMD_43628;Alicante|N-340|709.46|709.98;0;0;Convencional
IMD_43629;Alicante|N-340|709.98|712.5;3;1;Multicarril
IMD_43630;Alicante|N-340|712.5|716.2;2;1;Multicarril
IMD_43631;Alicante|N-340|716.2|721.7;0;0;Convencional
IMD_43632;Alicante|N-340|721.7|722.5;0;0;Convencional
IMD_43633;Alicante|N-340|722.5|726.1;6;1;Convencional
IMD_43634;Alicante|N-340|726.1|726.9;4;1;Multicarril
IMD_43635;Alicante|N-340|726.9|727.2;0;0;Convencional
IMD_43636;Alicante|N-340|727.2|729.5;1;1;Convencional
IMD_43637;Alicante|N-340|729.5|730.3;3;1;Convencional
IMD_43638;Alicante|N-340|730.3|730.9;1;1;Multicarril
IMD_43639;Alicante|N-340|730.9|733.856;3;1;Convencional
IMD_43640;Alicante|N-340|785.75|790;1;1;Convencional
IMD_43641;Alicante|N-340|790|790.8;1;1;Convencional
IMD_43642;Alicante|N-340|790.8|791.5;0;0;Convencional
IMD_43643;Alicante|N-340|797.3|799;1;1;Multicarril
IMD_43644;Alicante|N-340|799|800.115;0;0;Convencional
IMD_43645;Alicante|N-340|800.4|802.35;2;1;Convencional
IMD_43646;Alicante|N-340|802.35|805.8;1;1;Multicarril
IMD_43647;Alicante|N-340|805.8|807.2;0;0;Convencional
IMD_43648;Valencia|N-340|930.15|932;0;0;Convencional
IMD_43649;Valencia|N-340|936|941;3;1;Convencional
IMD_43650;Castellón|N-340|941|952.4;6;1;Convencional
IMD_43651;Castellón|N-340|952.4|956.3;4;1;Convencional
IMD_43652;Castellón|N-340|956.3|957;0;0;Convencional
IMD_43653;Castellón|N-340|957|958.5;2;1;Convencional
IMD_43654;Castellón|N-340|958.5|963.1;2;1;Convencional
IMD_43655;Castellón|N-340|963.1|969.4;13;1;Convencional
IMD_43656;Castellón|N-340|969.4|972.4;11;1;Convencional
IMD_43657;Castellón|N-340|972.4|974.1;5;1;Convencional
IMD_43658;Castellón|N-340|974.1|975.05;5;1;Convencional
IMD_43659;Castellón|N-340|975.05|976.2;3;1;Convencional
IMD_43660;Castellón|N-340|976.2|987.724;12;1;Convencional
IMD_43661;Castellón|N-340|987.724|992.862;2;1;Convencional
IMD_43662;Castellón|N-340|992.862|996.7;1;1;Convencional
IMD_43663;Castellón|N-340|996.7|1009.67;5;1;Convencional
IMD_43664;Castellón|N-340|1009.67|1012.4;1;1;Convencional
IMD_43665;Castellón|N-340|1012.4|1017.675;3;1;Convencional
IMD_43666;Castellón|N-340|1017.675|1023.717;1;1;Convencional
IMD_43667;Castellón|N-340|1023.717|1030.85;2;1;Convencional
IMD_43668;Castellón|N-340|1030.85|1037.4;0;0;Convencional
IMD_43669;Castellón|N-340|1037.4|1039.7;0;0;Convencional
IMD_43670;Castellón|N-340|1039.7|1043.6;2;1;Convencional
IMD_43671;Castellón|N-340|1043.6|1050.1;3;1;Convencional
IMD_43672;Castellón|N-340|1050.1|1053.3;1;1;Convencional
IMD_43673;Castellón|N-340|1053.3|1057.3;1;1;Convencional
IMD_43674;Castellón|N-340|1057.3|1058.41;0;0;Convencional
IMD_43675;Tarragona|N-340|1058.41|1058.45;0;0;Convencional
IMD_43676;Tarragona|N-340|1058.45|1060.6;1;1;Convencional
IMD_43677;Tarragona|N-340|1060.6|1062.5;1;1;Convencional
IMD_43678;Tarragona|N-340|1062.5|1065.3;2;1;Convencional
IMD_43679;Tarragona|N-340|1065.3|1073.7;11;1;Convencional
IMD_43680;Tarragona|N-340|1073.7|1079.8;2;1;Convencional
IMD_43681;Tarragona|N-340|1079.8|1081.3;0;0;Multicarril
IMD_43682;Tarragona|N-340|1081.3|1083.7;3;1;Multicarril
IMD_43683;Tarragona|N-340|1083.7|1086.4;2;1;Convencional
IMD_43684;Tarragona|N-340|1086.4|1089.2;2;1;Convencional
IMD_43685;Tarragona|N-340|1089.2|1096;1;1;Convencional
IMD_43686;Tarragona|N-340|1096|1097.2;4;1;Convencional
IMD_43687;Tarragona|N-340|1097.2|1097.869;0;0;Convencional
IMD_43688;Tarragona|N-340|1097.869|1108;1;1;Convencional
IMD_43689;Tarragona|N-340|1108|1113.1;2;1;Convencional
IMD_43690;Tarragona|N-340|1113.1|1120.7;3;1;Convencional
IMD_43691;Tarragona|N-340|1120.7|1121.9;1;1;Convencional
IMD_43692;Tarragona|N-340|1121.9|1128.82;1;1;Convencional
IMD_43693;Tarragona|N-340|1133.02|1138.9;4;1;Convencional
IMD_43694;Tarragona|N-340|1138.9|1140.48;1;1;Convencional
IMD_43695;Tarragona|N-340|1144.79|1146.515;5;1;Convencional
IMD_43696;Tarragona|N-340|1154.275|1155.2;2;1;Convencional
IMD_43697;Tarragona|N-340|1155.2|1156.4;1;1;Convencional
IMD_43698;Tarragona|N-340|1156.4|1159.5;23;1;Convencional
IMD_43699;Tarragona|N-340|1159.5|1159.8;0;0;Convencional
IMD_43700;Tarragona|N-340|1159.8|1160.5;6;1;Convencional
IMD_43701;Tarragona|N-340|1160.77|1160.93;0;0;Multicarril
IMD_43702;Tarragona|N-340|1165.34|1167.4;4;1;Convencional
IMD_43703;Tarragona|N-340|1167.4|1167.7;0;0;Convencional
IMD_43704;Tarragona|N-340|1167.7|1171.4;3;1;Convencional
IMD_43705;Tarragona|N-340|1171.4|1172.9;0;0;Convencional
IMD_43706;Tarragona|N-340|1172.9|1174.8;1;1;Convencional
IMD_43707;Tarragona|N-340|1174.8|1178;5;1;Convencional
IMD_43708;Tarragona|N-340|1178|1179.3;10;1;Convencional
IMD_43709;Tarragona|N-340|1179.3|1181.8;1;1;Convencional
IMD_43710;Tarragona|N-340|1181.8|1188.3;30;1;Convencional
IMD_43711;Tarragona|N-340|1188.3|1189.8;2;1;Convencional
IMD_43712;Tarragona|N-340|1189.8|1189.985;0;0;Convencional
IMD_43713;Tarragona|N-340|1189.985|1191.3;3;1;Convencional
IMD_43714;Tarragona|N-340|1191.3|1192.6;1;1;Convencional
IMD_43715;Tarragona|N-340|1192.6|1195.4;7;1;Convencional
IMD_43716;Tarragona|N-340|1195.4|1195.66;0;0;Convencional
IMD_43717;Barcelona|N-340|1195.66|1197.7;;;Convencional
IMD_43718;Barcelona|N-340|1197.7|1197.78;;;Convencional
IMD_43719;Tarragona|N-340|1197.78|1199.7;1;1;Convencional
IMD_43720;Tarragona|N-340|1199.7|1203.28;5;1;Convencional
IMD_43721;Barcelona|N-340|1203.28|1203.9;;;Convencional
IMD_43722;Barcelona|N-340|1203.9|1205.1;;;Convencional
IMD_43723;Barcelona|N-340|1205.1|1207;;;Convencional
IMD_43724;Barcelona|N-340|1207|1209.3;;;Convencional
IMD_43725;Barcelona|N-340|1209.3|1211.3;;;Convencional
IMD_43726;Barcelona|N-340|1211.3|1212.9;;;Convencional
IMD_43727;Barcelona|N-340|1212.9|1213.7;;;Convencional
IMD_43728;Barcelona|N-340|1213.7|1215.5;;;Convencional
IMD_43729;Barcelona|N-340|1215.5|1216;;;Convencional
IMD_43730;Barcelona|N-340|1216|1218.5;;;Convencional
IMD_43731;Barcelona|N-340|1218.5|1222.1;;;Convencional
IMD_43732;Barcelona|N-340|1222.1|1222.4;;;Convencional
IMD_43733;Barcelona|N-340|1222.4|1229.07;;;Convencional
IMD_43734;Barcelona|N-340|1229.07|1234.5;;;Convencional
IMD_43735;Barcelona|N-340|1234.5|1237.18;;;Convencional
IMD_43736;Barcelona|N-340|1239.68|1240.955;;;Convencional
IMD_43737;Barcelona|N-340|1240.955|1242.6;;;Multicarril
IMD_43738;Barcelona|N-340|1242.6|1242.8;;;Multicarril
IMD_43739;Barcelona|N-340|1242.8|1243.87;;;Multicarril
IMD_43740;Málaga|N-340A|262.7|263.5;0;0;Convencional
IMD_43741;Málaga|N-340A|263.5|269.3;0;0;Convencional
IMD_43742;Granada|N-340A|352.782|359.4;0;0;Convencional
IMD_43743;Almería|N-340A|383.82|384.5;;;Convencional
IMD_43744;Almería|N-340A|384.5|385.862;;;Convencional
IMD_43745;Almería|N-340A|391.7|392.1;;;Convencional
IMD_43746;Almería|N-340A|392.1|399.4;;;Convencional
IMD_43747;Almería|N-340A|399.4|401.7;;;Convencional
IMD_43748;Almería|N-340A|405.83|406.3;;;Convencional
IMD_43749;Almería|N-340A|419.8|420.25;;;Convencional
IMD_43750;Almería|N-340A|431.82|438.455;;;Convencional
IMD_43751;Almería|N-340A|438.455|439.35;;;Multicarril
IMD_43752;Almería|N-340A|448.025|448.55;;;Convencional
IMD_43753;Almería|N-340A|449.43|452.36;;;Convencional
IMD_43754;Almería|N-340A|453.088|454.02;;;Convencional
IMD_43755;Almería|N-340A|456.79|456.9;;;Convencional
IMD_43756;Almería|N-340A|456.9|463.7;;;Convencional
IMD_43757;Almería|N-340A|463.7|471.4;;;Convencional
IMD_43758;Almería|N-340A|471.4|478.7;;;Convencional
IMD_43759;Almería|N-340A|478.7|480.4;;;Convencional
IMD_43760;Almería|N-340A|480.4|488.8;;;Convencional
IMD_43761;Almería|N-340A|488.8|494.565;;;Convencional
IMD_43762;Almería|N-340A|497.62|510.2;;;Convencional
IMD_43763;Almería|N-340A|510.2|511.3;;;Convencional
IMD_43764;Almería|N-340A|511.3|514;;;Convencional
IMD_43765;Almería|N-340A|514|518.2;;;Convencional
IMD_43766;Almería|N-340A|518.2|519.4;;;Convencional
IMD_43767;Almería|N-340A|519.4|519.65;;;Convencional
IMD_43768;Almería|N-340A|520.2|520.6;;;Convencional
IMD_43769;Almería|N-340A|520.6|523.6;;;Convencional
IMD_43770;Almería|N-340A|547.77|550.9;;;Convencional
IMD_43771;Almería|N-340A|550.9|553;;;Convencional
IMD_43772;Almería|N-340A|556.74|557.6;;;Convencional
IMD_43773;Almería|N-340A|557.6|560.15;;;Convencional
IMD_43774;Almería|N-340A|566|566.9;;;Convencional
IMD_43775;Almería|N-340A|566.9|567.1;;;Convencional
IMD_43776;Castellón|N-340A|969.48|970.07;3;1;Multicarril
IMD_43777;Castellón|N-340A|970.07|971.35;4;1;Convencional
IMD_43778;Castellón|N-340A|978.55|979.9;1;1;Convencional
IMD_43779;Castellón|N-340A|979.9|981;0;0;Convencional
IMD_43780;Castellón|N-340A|981|981.3;0;0;Convencional
IMD_43781;Castellón|N-340A|1048.068|1051.2;3;1;Convencional
IMD_43782;Castellón|N-340A|1051.2|1052.7;1;1;Convencional
IMD_43783;Castellón|N-340A|1052.7|1057.3;2;1;Convencional
IMD_43784;Castellón|N-340A|1057.3|1058.27;0;0;Convencional
IMD_43785;Tarragona|N-340A|1081.75|1082.9;0;0;Convencional
IMD_43786;Tarragona|N-340A|1082.9|1083.3;0;0;Convencional
IMD_43787;Tarragona|N-340A|1083.3|1084.13;1;1;Convencional
IMD_43788;Tarragona|N-340A|1089.145|1089.43;0;0;Convencional
IMD_43789;Tarragona|N-340A|1159.8|1160.558;3;1;Convencional
IMD_43790;Tarragona|N-340A|1171.435|1172.4;0;0;Convencional
IMD_43791;Tarragona|N-340A|1172.4|1172.73;0;0;Convencional
IMD_43792;Tarragona|N-340A|1203.479|1203.845;0;0;Convencional
IMD_43793;Tarragona|N-340R|0|0.877;0;0;Convencional
IMD_43794;Almería|N-341|0|2.5;1;1;Convencional
IMD_43795;Almería|N-341|2.5|8.6;1;1;Convencional
IMD_43796;Almería|N-341|8.6|14.4;1;1;Convencional
IMD_43797;Almería|N-341|14.4|17.57;0;0;Convencional
IMD_43798;Murcia|N-342|83.06|89.9;0;0;Convencional
IMD_43799;Murcia|N-342|89.9|92.1;0;0;Convencional
IMD_43800;Murcia|N-342|92.1|95.2;0;0;Convencional
IMD_43801;Murcia|N-342|95.2|98.667;0;0;Convencional
IMD_43802;Murcia|N-343|9.02|9.29;0;0;Convencional
IMD_43803;Murcia|N-344|8.64|9.6;;;Convencional
IMD_43804;Murcia|N-344|30.89|32.3;;;Convencional
IMD_43805;Murcia|N-344|32.3|35.1;;;Convencional
IMD_43806;Murcia|N-344|35.1|36.2;;;Convencional
IMD_43807;Murcia|N-344|36.2|37.3;;;Convencional
IMD_43808;Murcia|N-344|37.3|44.1;;;Convencional
IMD_43809;Murcia|N-344|44.1|49.4;;;Convencional
IMD_43810;Murcia|N-344|49.4|55.9;;;Convencional
IMD_43811;Murcia|N-344|55.9|59.1;;;Convencional
IMD_43812;Murcia|N-344|59.1|61.8;;;Convencional
IMD_43813;Murcia|N-344|61.8|67.1;;;Convencional
IMD_43814;Murcia|N-344|67.1|69.1;;;Convencional
IMD_43815;Murcia|N-344|69.1|70.5;;;Convencional
IMD_43816;Murcia|N-344|70.5|71.7;;;Convencional
IMD_43817;Murcia|N-344|71.7|92.2;;;Convencional
IMD_43818;Murcia|N-344|92.2|96.75;;;Convencional
IMD_43819;Murcia|N-344|96.75|98.2;;;Convencional
IMD_43820;Murcia|N-344|98.2|105.426;;;Convencional
IMD_43821;Albacete|N-344|105.426|111.9;0;0;Convencional
IMD_43822;Albacete|N-344|115.2|118.3;1;1;Convencional
IMD_43823;Albacete|N-344|118.3|118.6;0;0;Convencional
IMD_43824;Alicante|N-344|118.6|120.9;1;1;Convencional
IMD_43825;Murcia|N-345|0|2.9;0;0;Convencional
IMD_43826;Murcia|N-345|2.9|7.2;1;1;Convencional
IMD_43827;Cádiz|N-346|0|1;0;0;Convencional
IMD_43828;Almería|N-347AL|0|4.17;1;1;Convencional
IMD_43829;Cádiz|N-349|0|0.9;0;0;Convencional
IMD_43830;Cádiz|N-349|0.9|3.22;3;1;Convencional
IMD_43831;Cádiz|N-350|0|1.2;1;1;Convencional
IMD_43832;Cádiz|N-351|3.1|4.6;10;1;Convencional
IMD_43833;Cádiz|N-351|4.6|7.3;16;1;Multicarril
IMD_43838;Cádiz|N-357|0|2.05;2;1;Multicarril
IMD_43840;Ciudad Real|N-4|144.35|149.1;0;0;Convencional
IMD_43841;Córdoba|N-4|368.742|371.3;0;0;Convencional
IMD_43842;Córdoba|N-4|371.3|372.7;0;0;Convencional
IMD_43843;Córdoba|N-4|372.7|377.55;0;0;Convencional
IMD_43844;Córdoba|N-4|381.909|389.4;0;0;Convencional
IMD_43845;Córdoba|N-4|389.4|390.2;0;0;Convencional
IMD_43846;Córdoba|N-4|390.2|391.6;1;1;Convencional
IMD_43847;Córdoba|N-4|391.6|394.75;2;1;Convencional
IMD_43848;Córdoba|N-4|422.8|424.3;0;0;Convencional
IMD_43849;Córdoba|N-4|424.3|424.6;0;0;Convencional
IMD_43850;Córdoba|N-4|424.6|427.5;0;0;Convencional
IMD_43851;Córdoba|N-4|427.5|429;0;0;Convencional
IMD_43852;Sevilla|N-4|549.6|552.9;;;Multicarril
IMD_43853;Sevilla|N-4|557.215|558.75;;;Multicarril
IMD_43854;Sevilla|N-4|566.2|570.85;;;Convencional
IMD_43855;Sevilla|N-4|570.85|578.3;;;Convencional
IMD_43856;Sevilla|N-4|578.3|579.3;;;Convencional
IMD_43857;Sevilla|N-4|579.3|585.5;;;Convencional
IMD_43858;Sevilla|N-4|585.5|595.1;;;Convencional
IMD_43859;Sevilla|N-4|595.1|600.2;;;Convencional
IMD_43860;Sevilla|N-4|600.2|607.9;;;Convencional
IMD_43861;Sevilla|N-4|607.9|613.1;;;Convencional
IMD_43862;Sevilla|N-4|613.1|615.3;;;Convencional
IMD_43863;Sevilla|N-4|615.3|615.8;;;Convencional
IMD_43864;Cádiz|N-4|615.8|619.3;2;1;Convencional
IMD_43865;Cádiz|N-4|619.3|627.87;1;1;Convencional
IMD_43866;Cádiz|N-4|642.65|645;0;0;Multicarril
IMD_43867;Toledo|N-400|7.055|12.38;2;1;Convencional
IMD_43868;Madrid|N-400|12.38|12.8;0;0;Convencional
IMD_43869;Madrid|N-400|12.8|23.93;1;1;Convencional
IMD_43870;Toledo|N-400|23.93|24.2;0;0;Convencional
IMD_43871;Toledo|N-400|24.2|24.32;0;0;Convencional
IMD_43872;Madrid|N-400|24.32|25.5;3;1;Convencional
IMD_43873;Madrid|N-400|25.5|26.6;5;1;Convencional
IMD_43874;Toledo|N-400|26.6|27.26;0;0;Convencional
IMD_43875;Madrid|N-400|27.26|34.388;1;1;Convencional
IMD_43876;Toledo|N-400|34.388|37.1;0;0;Convencional
IMD_43877;Toledo|N-400|37.1|37.388;0;0;Convencional
IMD_43878;Toledo|N-400|51.47|53.193;2;1;Convencional
IMD_43879;Toledo|N-400|54|55.3;1;1;Convencional
IMD_43880;Toledo|N-400|55.3|56.554;0;0;Convencional
IMD_43881;Toledo|N-400|57.64|59.882;0;0;Convencional
IMD_43882;Toledo|N-400|63.843|69;0;0;Convencional
IMD_43883;Toledo|N-400|69|78.2;0;0;Convencional
IMD_43884;Toledo|N-400|78.2|80.2;0;0;Convencional
IMD_43885;Toledo|N-400|80.2|80.9;0;0;Convencional
IMD_43886;Toledo|N-400|80.9|81.6;0;0;Convencional
IMD_43887;Toledo|N-400|81.6|82.5;1;1;Convencional
IMD_43888;Toledo|N-400|82.5|87;0;0;Convencional
IMD_43889;Toledo|N-400|87|88;0;0;Convencional
IMD_43890;Toledo|N-400|88|88.3;0;0;Convencional
IMD_43891;Cuenca|N-400|88.3|91.5;0;0;Convencional
IMD_43892;Cuenca|N-400|91.5|94.7;1;1;Convencional
IMD_43893;Cuenca|N-400|94.7|95.06;0;0;Convencional
IMD_43894;Cuenca|N-400|98.08|101;0;0;Convencional
IMD_43895;Cuenca|N-400|101|103.6;0;0;Convencional
IMD_43896;Cuenca|N-400|103.6|109.2;1;1;Convencional
IMD_43897;Cuenca|N-400|109.2|113.3;0;0;Convencional
IMD_43898;Cuenca|N-400|113.3|116.3;0;0;Convencional
IMD_43899;Cuenca|N-400|116.3|119.8;0;0;Convencional
IMD_43900;Cuenca|N-400|119.8|122.32;0;0;Convencional
IMD_43901;Cuenca|N-400|125.67|129;0;0;Convencional
IMD_43902;Cuenca|N-400|129|132.1;0;0;Convencional
IMD_43903;Cuenca|N-400|132.1|133.7;0;0;Convencional
IMD_43904;Cuenca|N-400|133.7|139.1;0;0;Convencional
IMD_43905;Cuenca|N-400|139.1|145.5;0;0;Convencional
IMD_43906;Cuenca|N-400|145.5|145.6;0;0;Convencional
IMD_43907;Cuenca|N-400|145.6|150.1;0;0;Convencional
IMD_43908;Cuenca|N-400|150.1|155.3;0;0;Convencional
IMD_43909;Cuenca|N-400|155.3|162.9;0;0;Convencional
IMD_43910;Cuenca|N-400|162.9|169.6;0;0;Convencional
IMD_43911;Cuenca|N-400|169.6|173.5;0;0;Convencional
IMD_43912;Cuenca|N-400|173.5|174.3;0;0;Convencional
IMD_43913;Cuenca|N-400A|116.606|121.1;0;0;Convencional
IMD_43914;Toledo|N-401|78.879|80;0;0;Convencional
IMD_43915;Toledo|N-401|80|83.3;2;1;Convencional
IMD_43916;Toledo|N-401|83.3|88;2;1;Convencional
IMD_43917;Toledo|N-401|88|90.4;2;1;Convencional
IMD_43918;Toledo|N-401|90.4|95.8;0;0;Convencional
IMD_43919;Toledo|N-401|95.8|98.4;0;0;Convencional
IMD_43920;Toledo|N-401|98.4|104.5;2;1;Convencional
IMD_43921;Toledo|N-401|104.5|104.7;0;0;Convencional
IMD_43922;Toledo|N-401|104.7|107.5;1;1;Convencional
IMD_43923;Toledo|N-401|107.5|112.5;0;0;Convencional
IMD_43924;Toledo|N-401|112.5|114.2;1;1;Convencional
IMD_43925;Toledo|N-401|114.2|120.9;0;0;Convencional
IMD_43926;Toledo|N-401|120.9|131.5;0;0;Convencional
IMD_43927;Toledo|N-401|131.5|136.3;3;1;Convencional
IMD_43928;Toledo|N-401|136.3|144;3;1;Convencional
IMD_43929;Toledo|N-401|144|149.1;1;1;Convencional
IMD_43930;Ciudad Real|N-401|149.1|155.8;2;1;Convencional
IMD_43931;Ciudad Real|N-401|155.8|156.4;0;0;Convencional
IMD_43932;Ciudad Real|N-401|156.4|162.6;1;1;Convencional
IMD_43933;Ciudad Real|N-401|162.6|165.1;1;1;Convencional
IMD_43934;Ciudad Real|N-401|165.1|170.7;0;0;Convencional
IMD_43935;Ciudad Real|N-401|170.7|172.1;0;0;Convencional
IMD_43936;Ciudad Real|N-401|172.1|174.3;0;0;Convencional
IMD_43937;Ciudad Real|N-401|174.3|187.2;3;1;Convencional
IMD_43938;Toledo|N-401A|49.997|50.296;0;0;Convencional
IMD_43939;Toledo|N-401A|54.662|55.163;0;0;Convencional
IMD_43940;Toledo|N-401A|90.97|92.4;0;0;Convencional
IMD_43941;Toledo|N-401A|92.4|94.4;1;1;Convencional
IMD_43942;Toledo|N-401A|96.49|99.35;0;0;Convencional
IMD_43943;Toledo|N-401A|107.525|108.6;0;0;Convencional
IMD_43944;Toledo|N-401A|108.6|111.352;0;0;Convencional
IMD_43945;Toledo|N-403|6|8.1;0;0;Convencional
IMD_43946;Toledo|N-403|8.1|13.3;0;0;Convencional
IMD_43947;Toledo|N-403|13.3|13.8;0;0;Convencional
IMD_43948;Toledo|N-403|13.8|21.7;1;1;Convencional
IMD_43949;Toledo|N-403|21.7|24.1;1;1;Convencional
IMD_43950;Toledo|N-403|24.1|26.8;0;0;Convencional
IMD_43951;Toledo|N-403|30.214|34.4;0;0;Convencional
IMD_43952;Toledo|N-403|34.4|36;0;0;Convencional
IMD_43953;Toledo|N-403|36|40.3;1;1;Convencional
IMD_43954;Toledo|N-403|40.3|40.6;0;0;Convencional
IMD_43955;Toledo|N-403|40.6|42.2;0;0;Convencional
IMD_43956;Toledo|N-403|42.2|48.1;3;1;Convencional
IMD_43957;Toledo|N-403|48.1|51.9;1;1;Convencional
IMD_43958;Toledo|N-403|51.9|55.9;0;0;Convencional
IMD_43959;Toledo|N-403|55.9|59.6;1;1;Convencional
IMD_43960;Toledo|N-403|59.6|61.5;0;0;Convencional
IMD_43961;Toledo|N-403|61.5|68;2;1;Convencional
IMD_43962;Toledo|N-403|68|70.97;1;1;Convencional
IMD_43963;Madrid|N-403|70.97|72.8;1;1;Convencional
IMD_43964;Madrid|N-403|72.8|78.5;2;1;Convencional
IMD_43965;Madrid|N-403|78.5|79.8;0;0;Convencional
IMD_43966;Madrid|N-403|79.8|82.825;0;0;Convencional
IMD_43967;Ávila|N-403|82.825|82.9;0;0;Convencional
IMD_43968;Ávila|N-403|82.9|83.2;0;0;Convencional
IMD_43969;Ávila|N-403|83.2|88.5;3;1;Convencional
IMD_43970;Ávila|N-403|88.5|91.2;2;1;Convencional
IMD_43971;Ávila|N-403|91.2|93.9;2;1;Convencional
IMD_43972;Ávila|N-403|93.9|94.7;0;0;Convencional
IMD_43973;Ávila|N-403|94.7|103.2;1;1;Convencional
IMD_43974;Ávila|N-403|103.2|108.3;0;0;Convencional
IMD_43975;Ávila|N-403|108.3|109.7;1;1;Convencional
IMD_43976;Ávila|N-403|109.7|127.5;3;1;Convencional
IMD_43977;Ávila|N-403|127.5|130.53;0;0;Convencional
IMD_43978;Ávila|N-403|130.53|132;0;0;Convencional
IMD_43979;Ávila|N-403|132|134.1;1;1;Multicarril
IMD_43980;Ávila|N-403|134.1|134.4;0;0;Multicarril
IMD_43981;Ávila|N-403|134.4|135.12;0;0;Multicarril
IMD_43982;Ávila|N-403|140.6|146.523;2;1;Convencional
IMD_43983;Ávila|N-403|146.523|149.8;1;1;Convencional
IMD_43984;Ávila|N-403|149.8|150.2;0;0;Convencional
IMD_43985;Ávila|N-403|150.2|157.3;0;0;Convencional
IMD_43986;Ávila|N-403|157.3|160.1;0;0;Convencional
IMD_43987;Ávila|N-403|160.1|164.8;1;1;Convencional
IMD_43988;Ávila|N-403|164.8|174.8;0;0;Convencional
IMD_43989;Ávila|N-403|174.8|176.33;0;0;Convencional
IMD_43990;Segovia|N-403|176.33|177.45;0;0;Convencional
IMD_43991;Toledo|N-403A|51.966|52.844;0;0;Convencional
IMD_43992;Toledo|N-403A|55.2|55.975;0;0;Convencional
IMD_43993;Madrid|N-403A|78.578|79.5;0;0;Convencional
IMD_43994;Madrid|N-403A|79.5|81;0;0;Convencional
IMD_43995;Ávila|N-403A|127|132.15;0;0;Convencional
IMD_43996;Córdoba|N-420|48.74|51.8;0;0;Convencional
IMD_43997;Córdoba|N-420|51.8|53.8;0;0;Convencional
IMD_43998;Córdoba|N-420|53.8|72.728;0;0;Convencional
IMD_43999;Córdoba|N-420|72.728|79.1;0;0;Convencional
IMD_44000;Córdoba|N-420|79.1|81.5;0;0;Convencional
IMD_44001;Córdoba|N-420|81.5|93.2;1;1;Convencional
IMD_44002;Ciudad Real|N-420|93.2|114.66;0;0;Convencional
IMD_44003;Ciudad Real|N-420|114.66|133.1;1;1;Convencional
IMD_44004;Ciudad Real|N-420|133.1|139.5;1;1;Convencional
IMD_44005;Ciudad Real|N-420|139.5|139.9;0;0;Convencional
IMD_44006;Ciudad Real|N-420|139.9|144.7;1;1;Convencional
IMD_44007;Ciudad Real|N-420|144.7|145.1;0;0;Convencional
IMD_44008;Ciudad Real|N-420|145.1|147.7;1;1;Convencional
IMD_44009;Ciudad Real|N-420|147.7|148.9;1;1;Convencional
IMD_44010;Ciudad Real|N-420|148.9|158;1;1;Convencional
IMD_44011;Ciudad Real|N-420|158|159.6;1;1;Convencional
IMD_44012;Ciudad Real|N-420|159.6|161;0;0;Convencional
IMD_44013;Ciudad Real|N-420|161|161.2;0;0;Convencional
IMD_44014;Ciudad Real|N-420|161.2|164.3;2;1;Convencional
IMD_44015;Ciudad Real|N-420|164.3|165.2;0;0;Convencional
IMD_44016;Ciudad Real|N-420|165.2|170.2;1;1;Convencional
IMD_44017;Ciudad Real|N-420|170.2|176.4;0;0;Convencional
IMD_44018;Ciudad Real|N-420|176.4|178.2;0;0;Convencional
IMD_44019;Ciudad Real|N-420|178.2|180.6;0;0;Convencional
IMD_44020;Ciudad Real|N-420|180.6|187.9;0;0;Convencional
IMD_44021;Ciudad Real|N-420|229.9|231.1;0;0;Convencional
IMD_44022;Cuenca|N-420|324.8|325.3;0;0;Convencional
IMD_44023;Cuenca|N-420|325.3|335.7;1;1;Convencional
IMD_44024;Cuenca|N-420|335.7|340.3;0;0;Convencional
IMD_44025;Cuenca|N-420|340.3|342.2;0;0;Convencional
IMD_44026;Cuenca|N-420|342.2|346.5;0;0;Convencional
IMD_44027;Cuenca|N-420|346.5|346.6;0;0;Convencional
IMD_44028;Cuenca|N-420|346.6|354.5;0;0;Convencional
IMD_44029;Cuenca|N-420|354.5|359.8;0;0;Convencional
IMD_44030;Cuenca|N-420|359.8|363.4;0;0;Convencional
IMD_44031;Cuenca|N-420|363.4|374.6;0;0;Convencional
IMD_44032;Cuenca|N-420|374.6|382.5;0;0;Convencional
IMD_44033;Cuenca|N-420|382.5|384;1;1;Convencional
IMD_44034;Cuenca|N-420|384|386.1;0;0;Convencional
IMD_44035;Cuenca|N-420|386.1|394;0;0;Convencional
IMD_44036;Cuenca|N-420|394|400.9;1;1;Convencional
IMD_44037;Cuenca|N-420|400.9|407.7;0;0;Convencional
IMD_44038;Cuenca|N-420|407.7|409.5;0;0;Convencional
IMD_44039;Cuenca|N-420|409.5|421.5;0;0;Convencional
IMD_44040;Cuenca|N-420|421.5|432.46;5;1;Convencional
IMD_44041;Cuenca|N-420|434.86|440.2;0;0;Convencional
IMD_44042;Cuenca|N-420|440.2|461.2;3;1;Convencional
IMD_44043;Cuenca|N-420|461.2|462.2;0;0;Convencional
IMD_44044;Cuenca|N-420|462.2|469;0;0;Convencional
IMD_44045;Cuenca|N-420|469|472;0;0;Convencional
IMD_44046;Cuenca|N-420|472|473.2;0;0;Convencional
IMD_44047;Cuenca|N-420|473.2|473.7;0;0;Convencional
IMD_44048;Cuenca|N-420|473.7|481;0;0;Convencional
IMD_44049;Cuenca|N-420|481|490;4;1;Convencional
IMD_44050;Cuenca|N-420|490|493.5;0;0;Convencional
IMD_44051;Cuenca|N-420|493.5|496.6;0;0;Convencional
IMD_44052;Cuenca|N-420|496.6|500.5;0;0;Convencional
IMD_44053;Cuenca|N-420|500.5|502.4;0;0;Convencional
IMD_44054;Cuenca|N-420|502.4|507.3;0;0;Convencional
IMD_44055;Cuenca|N-420|507.3|515.4;0;0;Convencional
IMD_44056;Cuenca|N-420|515.4|516.3;0;0;Convencional
IMD_44057;Cuenca|N-420|516.3|525.19;0;0;Convencional
IMD_44058;Valencia|N-420|525.19|528;0;0;Convencional
IMD_44059;Valencia|N-420|528|536.2;0;0;Convencional
IMD_44060;Valencia|N-420|536.2|538.1;1;1;Convencional
IMD_44061;Valencia|N-420|538.1|538.4;0;0;Convencional
IMD_44062;Valencia|N-420|538.4|541.278;0;0;Convencional
IMD_44063;Teruel|N-420|580.72|581.2;2;1;Convencional
IMD_44064;Teruel|N-420|581.2|584.2;0;0;Convencional
IMD_44065;Teruel|N-420|584.2|586;0;0;Convencional
IMD_44066;Teruel|N-420|586|589.5;0;0;Convencional
IMD_44067;Teruel|N-420|589.5|606.3;1;1;Convencional
IMD_44068;Teruel|N-420|606.3|607.1;1;1;Convencional
IMD_44069;Teruel|N-420|607.1|611.9;1;1;Convencional
IMD_44070;Teruel|N-420|611.9|617.5;0;0;Convencional
IMD_44071;Teruel|N-420|617.5|618.7;0;0;Convencional
IMD_44072;Teruel|N-420|618.7|625;0;0;Convencional
IMD_44073;Teruel|N-420|625|629.5;1;1;Convencional
IMD_44074;Teruel|N-420|629.5|635.8;0;0;Convencional
IMD_44075;Teruel|N-420|635.8|643.1;0;0;Convencional
IMD_44076;Teruel|N-420|643.1|653;1;1;Convencional
IMD_44077;Teruel|N-420|653|656.4;2;1;Convencional
IMD_44078;Teruel|N-420|754.4|759.7;2;1;Convencional
IMD_44079;Teruel|N-420|759.7|764.9;2;1;Convencional
IMD_44080;Teruel|N-420|764.9|768.6;0;0;Convencional
IMD_44081;Teruel|N-420|768.6|769.3;0;0;Convencional
IMD_44082;Teruel|N-420|769.3|775.8;0;0;Convencional
IMD_44083;Teruel|N-420|775.8|781.4;1;1;Convencional
IMD_44084;Tarragona|N-420|781.4|794.4;1;1;Convencional
IMD_44085;Tarragona|N-420|794.4|795.3;1;1;Convencional
IMD_44086;Tarragona|N-420|795.3|801;2;1;Convencional
IMD_44087;Tarragona|N-420|801|801.5;0;0;Convencional
IMD_44088;Tarragona|N-420|801.5|812.1;2;1;Convencional
IMD_44089;Tarragona|N-420|812.1|821.7;4;1;Convencional
IMD_44090;Tarragona|N-420|821.7|822.6;0;0;Convencional
IMD_44091;Tarragona|N-420|822.6|824.7;1;1;Convencional
IMD_44092;Tarragona|N-420|824.7|826.6;3;1;Convencional
IMD_44093;Tarragona|N-420|826.6|828.6;2;1;Convencional
IMD_44094;Tarragona|N-420|828.6|831.5;2;1;Convencional
IMD_44095;Tarragona|N-420|831.5|836;2;1;Convencional
IMD_44096;Tarragona|N-420|836|836.4;0;0;Convencional
IMD_44097;Tarragona|N-420|836.4|838.4;4;1;Convencional
IMD_44098;Tarragona|N-420|838.4|840;0;0;Convencional
IMD_44099;Tarragona|N-420|840|848.6;7;1;Convencional
IMD_44100;Tarragona|N-420|848.6|850.9;0;0;Convencional
IMD_44101;Tarragona|N-420|850.9|864.8;6;1;Convencional
IMD_44102;Tarragona|N-420|864.8|865.5;1;1;Convencional
IMD_44103;Tarragona|N-420|865.5|866.1;3;1;Convencional
IMD_44104;Tarragona|N-420|866.1|866.4;1;1;Convencional
IMD_44105;Tarragona|N-420|866.4|869;9;1;Convencional
IMD_44106;Tarragona|N-420|878.8|879.52;0;0;Multicarril
IMD_44107;Tarragona|N-420|887.566|887.73;0;0;Multicarril
IMD_44108;Ciudad Real|N-420A|160.97|162.58;0;0;Convencional
IMD_44109;Ciudad Real|N-420A|190.35|192.6;0;0;Convencional
IMD_44110;Ciudad Real|N-420A|192.6|195.6;2;1;Convencional
IMD_44111;Cuenca|N-420A|382.517|388.177;0;0;Convencional
IMD_44112;Cuenca|N-420A|490|491.9;0;0;Convencional
IMD_44113;Cuenca|N-420A|491.9|493.7;0;0;Convencional
IMD_44114;Valencia|N-420A|526.3|527;0;0;Convencional
IMD_44115;Valencia|N-420A|527|529.25;0;0;Convencional
IMD_44116;Teruel|N-420A|584.05|586.75;0;0;Convencional
IMD_44117;Tarragona|N-420A|794.9|798.05;;;Convencional
IMD_44118;Tarragona|N-420A|813.805|814.79;;;Convencional
IMD_44119;Tarragona|N-420A|823.375|823.652;;;Convencional
IMD_44120;Tarragona|N-420A|825.025|826.16;;;Convencional
IMD_44121;Tarragona|N-420A|830.2|830.91;;;Convencional
IMD_44122;Tarragona|N-420A|851.725|856.805;;;Convencional
IMD_44123;Tarragona|N-420A|878.09|878.52;;;Convencional
IMD_44124;Tarragona|N-420A|878.52|880.05;;;Convencional
IMD_44125;Teruel|N-420B|768.48|769.28;0;0;Convencional
IMD_44126;Badajoz|N-430|0|1.2;0;0;Multicarril
IMD_44127;Badajoz|N-430|1.2|1.54;0;0;Convencional
IMD_44128;Badajoz|N-430|83.5|92;0;0;Convencional
IMD_44129;Badajoz|N-430|92|92.2;0;0;Convencional
IMD_44130;Badajoz|N-430|92.2|104.2;0;0;Convencional
IMD_44131;Badajoz|N-430|104.2|110;0;0;Convencional
IMD_44132;Badajoz|N-430|110|113.6;0;0;Convencional
IMD_44133;Badajoz|N-430|113.6|118.158;1;1;Convencional
IMD_44134;Badajoz|N-430|118.158|131.5;1;1;Convencional
IMD_44135;Badajoz|N-430|131.5|133.5;0;0;Convencional
IMD_44136;Badajoz|N-430|133.5|138.5;0;0;Convencional
IMD_44137;Badajoz|N-430|138.5|140.6;1;1;Convencional
IMD_44138;Badajoz|N-430|140.6|143.8;0;0;Convencional
IMD_44139;Badajoz|N-430|143.8|153.5;0;0;Convencional
IMD_44140;Badajoz|N-430|153.5|154.3;0;0;Convencional
IMD_44141;Badajoz|N-430|154.3|166.6;1;1;Convencional
IMD_44142;Badajoz|N-430|166.6|182.1;0;0;Convencional
IMD_44143;Badajoz|N-430|182.1|193.1;0;0;Convencional
IMD_44144;Badajoz|N-430|193.1|202.3;1;1;Convencional
IMD_44145;Badajoz|N-430|202.3|203.5;0;0;Convencional
IMD_44146;Ciudad Real|N-430|203.5|203.8;;;Convencional
IMD_44147;Ciudad Real|N-430|203.8|229.4;;;Convencional
IMD_44148;Ciudad Real|N-430|229.4|230.2;;;Convencional
IMD_44149;Ciudad Real|N-430|230.2|234.696;;;Convencional
IMD_44150;Ciudad Real|N-430|234.696|245;;;Convencional
IMD_44151;Ciudad Real|N-430|245|279.1;;;Convencional
IMD_44152;Ciudad Real|N-430|279.1|279.8;;;Convencional
IMD_44153;Ciudad Real|N-430|279.8|280.3;;;Convencional
IMD_44154;Ciudad Real|N-430|280.3|280.8;;;Convencional
IMD_44155;Ciudad Real|N-430|280.8|285;;;Convencional
IMD_44156;Ciudad Real|N-430|285|285.7;;;Convencional
IMD_44157;Ciudad Real|N-430|285.7|289.2;;;Convencional
IMD_44158;Ciudad Real|N-430|289.2|294.7;;;Convencional
IMD_44159;Ciudad Real|N-430|294.7|297.5;;;Convencional
IMD_44160;Ciudad Real|N-430|297.5|298.8;;;Convencional
IMD_44161;Ciudad Real|N-430|298.8|306.1;;;Convencional
IMD_44162;Ciudad Real|N-430|306.1|306.676;;;Convencional
IMD_44163;Ciudad Real|N-430|306.676|308.6;;;Multicarril
IMD_44164;Ciudad Real|N-430|310.25|310.8;;;Convencional
IMD_44165;Ciudad Real|N-430|311.85|314.3;;;Convencional
IMD_44166;Ciudad Real|N-430|328.855|334.8;;;Convencional
IMD_44167;Ciudad Real|N-430|344.694|359.1;;;Convencional
IMD_44168;Ciudad Real|N-430|359.1|361.2;;;Convencional
IMD_44169;Ciudad Real|N-430|361.2|362;;;Convencional
IMD_44170;Ciudad Real|N-430|364.5|369.3;;;Convencional
IMD_44171;Ciudad Real|N-430|369.3|375.1;;;Convencional
IMD_44172;Ciudad Real|N-430|375.1|378.1;;;Convencional
IMD_44173;Ciudad Real|N-430|378.1|385.4;;;Convencional
IMD_44174;Ciudad Real|N-430|385.4|395.341;;;Convencional
IMD_44175;Ciudad Real|N-430|395.341|399;;;Convencional
IMD_44176;Ciudad Real|N-430|399|414.5;;;Convencional
IMD_44177;Ciudad Real|N-430|414.5|414.8;;;Convencional
IMD_44178;Ciudad Real|N-430|414.8|419.4;;;Convencional
IMD_44179;Albacete|N-430|419.4|427.1;0;0;Convencional
IMD_44180;Albacete|N-430|427.1|429.4;0;0;Convencional
IMD_44181;Albacete|N-430|429.4|431.8;0;0;Convencional
IMD_44182;Albacete|N-430|431.8|446;1;1;Convencional
IMD_44183;Albacete|N-430|446|448.2;1;1;Convencional
IMD_44184;Albacete|N-430|448.2|449;0;0;Convencional
IMD_44185;Albacete|N-430|449|455.8;0;0;Convencional
IMD_44186;Albacete|N-430|455.8|460.6;0;0;Convencional
IMD_44187;Albacete|N-430|460.6|463.7;0;0;Convencional
IMD_44188;Albacete|N-430|463.7|476;0;0;Convencional
IMD_44189;Albacete|N-430|476|486.4;2;1;Convencional
IMD_44190;Albacete|N-430|486.4|511.6;2;1;Convencional
IMD_44191;Albacete|N-430|511.6|512.43;0;0;Convencional
IMD_44192;Badajoz|N-430A|166.842|168.356;0;0;Convencional
IMD_44193;Badajoz|N-430A|181.7|194.3;0;0;Convencional
IMD_44194;Ciudad Real|N-430A|296.985|297.9;0;0;Convencional
IMD_44195;Ciudad Real|N-430A|297.9|298.1;0;0;Convencional
IMD_44196;Ciudad Real|N-430A|298.1|299.2;0;0;Convencional
IMD_44197;Ciudad Real|N-430A|394.6|397;0;0;Convencional
IMD_44198;Albacete|N-430A|426.454|428.281;;;Convencional
IMD_44199;Albacete|N-430A|430.735|432.5;;;Convencional
IMD_44200;Albacete|N-430A|454.666|455.7;;;Convencional
IMD_44201;Albacete|N-430A|455.7|457;;;Convencional
IMD_44202;Albacete|N-430A|457|458.8;;;Convencional
IMD_44203;Albacete|N-430A|458.8|460.91;;;Convencional
IMD_44204;Albacete|N-430A|589.82|595.62;;;Convencional
IMD_44205;Ciudad Real|N-430C|0|0.6;0;0;Multicarril
IMD_44206;Ciudad Real|N-430C|0.6|1.465;0;0;Multicarril
IMD_44207;Ciudad Real|N-430C|305.8|306;0;0;Convencional
IMD_44208;Huelva|N-431|79.8|81.9;3;1;Convencional
IMD_44209;Huelva|N-431|81.9|85.93;0;0;Convencional
IMD_44210;Huelva|N-431|89|90.5;5;1;Convencional
IMD_44211;Huelva|N-431|90.5|93;2;1;Convencional
IMD_44212;Huelva|N-431|93|103.4;2;1;Convencional
IMD_44213;Huelva|N-431|103.4|107.92;2;1;Convencional
IMD_44214;Huelva|N-431|113.33|114.4;1;1;Convencional
IMD_44215;Huelva|N-431|114.4|115.6;0;0;Convencional
IMD_44216;Huelva|N-431|119.5|120.8;0;0;Convencional
IMD_44217;Huelva|N-431|120.8|121.6;1;1;Convencional
IMD_44218;Huelva|N-431|121.6|127.4;0;0;Convencional
IMD_44219;Huelva|N-431|127.4|127.7;1;1;Convencional
IMD_44220;Huelva|N-431|127.7|130.4;2;1;Convencional
IMD_44221;Huelva|N-431|130.4|131.5;0;0;Convencional
IMD_44222;Huelva|N-431|131.5|134.63;1;1;Convencional
IMD_44223;Badajoz|N-432|-0.75|0.005;0;0;Convencional
IMD_44224;Badajoz|N-432|0.01|1.69;0;0;Multicarril
IMD_44225;Badajoz|N-432|1.69|5.887;0;0;Convencional
IMD_44226;Badajoz|N-432|5.887|19.5;2;1;Convencional
IMD_44227;Badajoz|N-432|19.5|22.8;0;0;Convencional
IMD_44228;Badajoz|N-432|22.8|25;0;0;Convencional
IMD_44229;Badajoz|N-432|25|30.6;1;1;Convencional
IMD_44230;Badajoz|N-432|30.6|39.9;2;1;Convencional
IMD_44231;Badajoz|N-432|39.9|51.2;0;0;Convencional
IMD_44232;Badajoz|N-432|51.2|56.8;0;0;Convencional
IMD_44233;Badajoz|N-432|56.8|64.7;0;0;Convencional
IMD_44234;Badajoz|N-432|64.7|67.3;1;1;Convencional
IMD_44235;Badajoz|N-432|67.3|70.6;0;0;Convencional
IMD_44236;Badajoz|N-432|70.6|72;0;0;Convencional
IMD_44237;Badajoz|N-432|72|72.7;1;1;Multicarril
IMD_44238;Badajoz|N-432|72.7|74.58;1;1;Multicarril
IMD_44239;Badajoz|N-432|74.58|79.48;0;0;Convencional
IMD_44240;Badajoz|N-432|79.48|79.8;0;0;Convencional
IMD_44241;Badajoz|N-432|79.8|95.7;1;1;Convencional
IMD_44242;Badajoz|N-432|95.7|105.891;1;1;Convencional
IMD_44243;Badajoz|N-432|105.891|113.314;2;1;Convencional
IMD_44244;Badajoz|N-432|113.314|127;2;1;Convencional
IMD_44245;Badajoz|N-432|127|127.5;0;0;Convencional
IMD_44246;Badajoz|N-432|127.5|130.2;0;0;Convencional
IMD_44247;Badajoz|N-432|130.2|130.7;1;1;Convencional
IMD_44248;Badajoz|N-432|130.7|131.5;0;0;Convencional
IMD_44249;Badajoz|N-432|131.5|140.7;0;0;Convencional
IMD_44250;Badajoz|N-432|140.7|144.9;1;1;Convencional
IMD_44251;Badajoz|N-432|144.9|146.3;1;1;Convencional
IMD_44252;Badajoz|N-432|146.3|153.6;1;1;Convencional
IMD_44253;Badajoz|N-432|153.6|156.2;0;0;Convencional
IMD_44254;Badajoz|N-432|156.2|158.4;0;0;Convencional
IMD_44255;Badajoz|N-432|158.4|160;0;0;Convencional
IMD_44256;Córdoba|N-432|160|162;0;0;Convencional
IMD_44257;Córdoba|N-432|162|165.7;0;0;Convencional
IMD_44258;Córdoba|N-432|165.7|169.2;0;0;Convencional
IMD_44259;Córdoba|N-432|169.2|171.7;0;0;Convencional
IMD_44260;Córdoba|N-432|171.7|173.6;0;0;Convencional
IMD_44261;Córdoba|N-432|173.6|176;0;0;Convencional
IMD_44262;Córdoba|N-432|176|177.7;0;0;Convencional
IMD_44263;Córdoba|N-432|177.7|185.2;0;0;Convencional
IMD_44264;Córdoba|N-432|185.2|189.8;4;1;Convencional
IMD_44265;Córdoba|N-432|189.8|191.1;0;0;Convencional
IMD_44266;Córdoba|N-432|191.1|198.9;1;1;Convencional
IMD_44267;Córdoba|N-432|198.9|200.7;0;0;Convencional
IMD_44268;Córdoba|N-432|200.7|208.3;0;0;Convencional
IMD_44269;Córdoba|N-432|208.3|219.3;1;1;Convencional
IMD_44270;Córdoba|N-432|219.3|223.1;0;0;Convencional
IMD_44271;Córdoba|N-432|223.1|226.5;0;0;Convencional
IMD_44272;Córdoba|N-432|226.5|231.34;3;1;Convencional
IMD_44273;Córdoba|N-432|231.34|233;0;0;Convencional
IMD_44274;Córdoba|N-432|233|238.6;1;1;Convencional
IMD_44275;Córdoba|N-432|238.6|241.7;0;0;Convencional
IMD_44276;Córdoba|N-432|241.7|246;2;1;Convencional
IMD_44277;Córdoba|N-432|246|253.5;0;0;Convencional
IMD_44278;Córdoba|N-432|253.5|257.8;2;1;Convencional
IMD_44279;Córdoba|N-432|257.8|264.7;1;1;Convencional
IMD_44280;Córdoba|N-432|264.7|266;0;0;Convencional
IMD_44281;Córdoba|N-432|276|296;9;1;Convencional
IMD_44282;Córdoba|N-432|296|297.8;0;0;Convencional
IMD_44283;Córdoba|N-432|297.8|306.5;2;1;Convencional
IMD_44284;Córdoba|N-432|306.5|308;0;0;Convencional
IMD_44285;Córdoba|N-432|308|312.3;1;1;Convencional
IMD_44286;Córdoba|N-432|312.3|313.6;0;0;Convencional
IMD_44287;Córdoba|N-432|313.6|315.2;0;0;Convencional
IMD_44288;Córdoba|N-432|315.2|315.4;1;1;Convencional
IMD_44289;Córdoba|N-432|315.4|322.3;0;0;Convencional
IMD_44290;Córdoba|N-432|322.3|328.5;0;0;Convencional
IMD_44291;Córdoba|N-432|328.5|333.7;0;0;Convencional
IMD_44292;Córdoba|N-432|333.7|334.746;0;0;Convencional
IMD_44293;Córdoba|N-432|334.746|336.8;0;0;Convencional
IMD_44294;Córdoba|N-432|336.8|339;0;0;Convencional
IMD_44295;Córdoba|N-432|339|340.3;0;0;Convencional
IMD_44296;Córdoba|N-432|340.3|340.8;0;0;Convencional
IMD_44297;Córdoba|N-432|340.8|341;0;0;Convencional
IMD_44298;Córdoba|N-432|341|342.2;1;1;Convencional
IMD_44299;Córdoba|N-432|342.2|346;0;0;Convencional
IMD_44300;Córdoba|N-432|346|346.2;0;0;Convencional
IMD_44301;Córdoba|N-432|346.2|351.9;3;1;Convencional
IMD_44302;Córdoba|N-432|351.9|352.105;0;0;Convencional
IMD_44303;Jaén|N-432|352.105|354.8;0;0;Convencional
IMD_44304;Jaén|N-432|354.8|356.2;0;0;Convencional
IMD_44305;Jaén|N-432|356.2|361.4;2;1;Convencional
IMD_44306;Jaén|N-432|361.4|366.5;0;0;Convencional
IMD_44307;Jaén|N-432|366.5|371;0;0;Convencional
IMD_44308;Jaén|N-432|371|374.3;0;0;Convencional
IMD_44309;Jaén|N-432|374.3|379.8;0;0;Convencional
IMD_44310;Jaén|N-432|379.8|383.8;0;0;Convencional
IMD_44311;Jaén|N-432|383.8|386.2;0;0;Convencional
IMD_44312;Jaén|N-432|386.2|388;0;0;Convencional
IMD_44313;Jaén|N-432|388|390.6;1;1;Convencional
IMD_44314;Jaén|N-432|390.6|395;2;1;Convencional
IMD_44315;Jaén|N-432|395|399.777;3;1;Convencional
IMD_44316;Granada|N-432|399.777|399.876;0;0;Convencional
IMD_44317;Granada|N-432|399.876|403.5;0;0;Convencional
IMD_44318;Granada|N-432|403.5|406.2;0;0;Convencional
IMD_44319;Granada|N-432|406.2|407;0;0;Convencional
IMD_44320;Granada|N-432|407|410;2;1;Convencional
IMD_44321;Granada|N-432|410|410.7;1;1;Convencional
IMD_44322;Granada|N-432|410.7|413.1;0;0;Convencional
IMD_44323;Granada|N-432|413.1|418.8;2;1;Convencional
IMD_44324;Granada|N-432|418.8|419.8;0;0;Convencional
IMD_44325;Granada|N-432|419.8|425.6;2;1;Convencional
IMD_44326;Granada|N-432|425.6|426.6;1;1;Convencional
IMD_44327;Granada|N-432|426.6|427.7;1;1;Convencional
IMD_44328;Granada|N-432|427.7|428.3;1;1;Convencional
IMD_44329;Granada|N-432|428.3|429.8;4;1;Convencional
IMD_44330;Granada|N-432|429.8|430.2;1;1;Convencional
IMD_44331;Granada|N-432|430.2|431.315;1;1;Convencional
IMD_44332;Granada|N-432|431.315|432.75;0;0;Multicarril
IMD_44333;Badajoz|N-432A|1|1.71;0;0;Convencional
IMD_44334;Badajoz|N-432A|19.419|21.7;0;0;Convencional
IMD_44335;Badajoz|N-432A|21.7|21.9;0;0;Convencional
IMD_44336;Badajoz|N-432A|21.9|22.5;0;0;Convencional
IMD_44337;Badajoz|N-432A|22.5|25.22;1;1;Convencional
IMD_44338;Badajoz|N-432A|39.8|41.4;0;0;Convencional
IMD_44339;Badajoz|N-432A|41.4|43;0;0;Convencional
IMD_44340;Badajoz|N-432A|43|43.7;0;0;Convencional
IMD_44341;Badajoz|N-432A|43.7|45.86;0;0;Convencional
IMD_44342;Badajoz|N-432A|153.579|155.2;0;0;Convencional
IMD_44343;Badajoz|N-432A|155.2|156.27;0;0;Convencional
IMD_44344;Badajoz|N-432A|158.531|159.7;0;0;Convencional
IMD_44345;Córdoba|N-432A|159.7|160.8;0;0;Convencional
IMD_44346;Córdoba|N-432A|160.8|164.2;0;0;Convencional
IMD_44347;Córdoba|N-432A|169.225|171.6;0;0;Convencional
IMD_44348;Córdoba|N-432A|194.575|196.35;0;0;Convencional
IMD_44349;Córdoba|N-432A|201.152|219.05;0;0;Convencional
IMD_44350;Córdoba|N-432A|221.45|222.3;0;0;Convencional
IMD_44351;Córdoba|N-432A|224.2|226.1;0;0;Convencional
IMD_44352;Córdoba|N-432A|226.1|226.6;0;0;Convencional
IMD_44353;Córdoba|N-432A|228.2|231.8;0;0;Convencional
IMD_44354;Córdoba|N-432A|232.9|238.8;0;0;Convencional
IMD_44355;Córdoba|N-432A|238.8|241.9;0;0;Convencional
IMD_44356;Córdoba|N-432A|241.9|244;0;0;Convencional
IMD_44357;Córdoba|N-432A|246.4|248.54;0;0;Convencional
IMD_44358;Córdoba|N-432A|254.1|257.7;1;1;Convencional
IMD_44359;Córdoba|N-432A|257.7|262.065;0;0;Convencional
IMD_44360;Córdoba|N-432A|328.9|331.6;0;0;Convencional
IMD_44361;Córdoba|N-432A|331.6|332.742;2;1;Convencional
IMD_44362;Córdoba|N-432A|333.6|334.1;0;0;Convencional
IMD_44363;Córdoba|N-432A|334.1|337.5;0;0;Convencional
IMD_44364;Jaén|N-432A|356.407|358.8;0;0;Convencional
IMD_44365;Jaén|N-432A|358.8|359;0;0;Convencional
IMD_44366;Jaén|N-432A|361.065|362.6;0;0;Convencional
IMD_44367;Jaén|N-432A|364.775|365.793;0;0;Convencional
IMD_44368;Jaén|N-432A|373.926|377.9;0;0;Convencional
IMD_44369;Jaén|N-432A|377.9|384.5;0;0;Convencional
IMD_44370;Jaén|N-432A|384.5|385.4;0;0;Convencional
IMD_44371;Jaén|N-432A|385.4|386.21;0;0;Convencional
IMD_44372;Jaén|N-432A|394.257|394.8;0;0;Convencional
IMD_44373;Jaén|N-432A|394.8|395.382;0;0;Convencional
IMD_44374;Jaén|N-432A|399.183|399.915;0;0;Convencional
IMD_44375;Granada|N-432A|413.18|419.114;0;0;Convencional
IMD_44376;Córdoba|N-432R|0|1.6;0;0;Convencional
IMD_44377;Sevilla|N-433|35.15|38.5;0;0;Convencional
IMD_44378;Sevilla|N-433|38.5|45.6;2;1;Convencional
IMD_44379;Sevilla|N-433|45.6|52.8;3;1;Convencional
IMD_44380;Sevilla|N-433|52.8|54.2;1;1;Convencional
IMD_44381;Sevilla|N-433|54.2|58.5;1;1;Convencional
IMD_44382;Sevilla|N-433|58.5|60.6;0;0;Convencional
IMD_44383;Sevilla|N-433|60.6|61.31;0;0;Convencional
IMD_44384;Huelva|N-433|61.31|70.6;0;0;Convencional
IMD_44385;Huelva|N-433|70.6|73.1;0;0;Convencional
IMD_44386;Huelva|N-433|73.1|74.6;0;0;Convencional
IMD_44387;Huelva|N-433|74.6|79;0;0;Convencional
IMD_44388;Huelva|N-433|79|83.3;0;0;Convencional
IMD_44389;Huelva|N-433|83.3|84;0;0;Convencional
IMD_44390;Huelva|N-433|84|86.4;0;0;Convencional
IMD_44391;Huelva|N-433|86.4|87.4;0;0;Convencional
IMD_44392;Huelva|N-433|87.4|88.4;0;0;Convencional
IMD_44393;Huelva|N-433|88.4|92.9;3;1;Convencional
IMD_44394;Huelva|N-433|92.9|93.9;1;1;Convencional
IMD_44395;Huelva|N-433|93.9|96.3;1;1;Convencional
IMD_44396;Huelva|N-433|96.3|97.2;1;1;Convencional
IMD_44397;Huelva|N-433|97.2|98.4;1;1;Convencional
IMD_44398;Huelva|N-433|98.4|100.7;0;0;Convencional
IMD_44399;Huelva|N-433|100.7|103.4;2;1;Convencional
IMD_44400;Huelva|N-433|103.4|103.7;0;0;Convencional
IMD_44401;Huelva|N-433|103.7|106.1;1;1;Convencional
IMD_44402;Huelva|N-433|106.1|109.3;0;0;Convencional
IMD_44403;Huelva|N-433|109.3|112;2;1;Convencional
IMD_44404;Huelva|N-433|112|114.2;0;0;Convencional
IMD_44405;Huelva|N-433|114.2|114.5;0;0;Convencional
IMD_44406;Huelva|N-433|114.5|127.1;0;0;Convencional
IMD_44407;Huelva|N-433|127.1|128;1;1;Convencional
IMD_44408;Huelva|N-433|128|152.6;0;0;Convencional
IMD_44409;Huelva|N-433|152.6|155.3;0;0;Convencional
IMD_44410;Badajoz|N-435|23.2|32.8;0;0;Convencional
IMD_44411;Badajoz|N-435|32.8|33.8;0;0;Convencional
IMD_44412;Badajoz|N-435|33.8|35.7;2;1;Convencional
IMD_44413;Badajoz|N-435|35.7|45.4;1;1;Convencional
IMD_44414;Badajoz|N-435|45.4|46.4;0;0;Convencional
IMD_44415;Badajoz|N-435|46.4|53.8;1;1;Convencional
IMD_44416;Badajoz|N-435|53.8|66.2;0;0;Convencional
IMD_44417;Badajoz|N-435|66.2|70.8;1;1;Convencional
IMD_44418;Badajoz|N-435|70.8|92.601;2;1;Convencional
IMD_44419;Badajoz|N-435|92.601|98;2;1;Convencional
IMD_44420;Badajoz|N-435|98|102.3;0;0;Convencional
IMD_44421;Badajoz|N-435|102.3|104.33;0;0;Convencional
IMD_44422;Huelva|N-435|104.33|107.3;1;1;Convencional
IMD_44423;Huelva|N-435|107.3|108.5;0;0;Convencional
IMD_44424;Huelva|N-435|108.5|117;3;1;Convencional
IMD_44425;Huelva|N-435|117|119.3;0;0;Convencional
IMD_44426;Huelva|N-435|119.3|122.5;1;1;Convencional
IMD_44427;Huelva|N-435|122.5|125;0;0;Convencional
IMD_44428;Huelva|N-435|125|128.4;0;0;Convencional
IMD_44429;Huelva|N-435|128.4|129.3;0;0;Convencional
IMD_44430;Huelva|N-435|129.3|131.1;2;1;Convencional
IMD_44431;Huelva|N-435|131.1|132.1;0;0;Convencional
IMD_44432;Huelva|N-435|132.1|133.1;0;0;Convencional
IMD_44433;Huelva|N-435|133.1|137.8;0;0;Convencional
IMD_44434;Huelva|N-435|137.8|138.7;1;1;Convencional
IMD_44435;Huelva|N-435|138.7|145.4;0;0;Convencional
IMD_44436;Huelva|N-435|145.4|148.6;0;0;Convencional
IMD_44437;Huelva|N-435|148.6|151.1;0;0;Convencional
IMD_44438;Huelva|N-435|151.1|155.6;0;0;Convencional
IMD_44439;Huelva|N-435|155.6|169.2;1;1;Convencional
IMD_44440;Huelva|N-435|169.2|171.4;0;0;Convencional
IMD_44441;Huelva|N-435|171.4|175;1;1;Convencional
IMD_44442;Huelva|N-435|175|177;0;0;Convencional
IMD_44443;Huelva|N-435|177|179.9;0;0;Convencional
IMD_44444;Huelva|N-435|179.9|184;2;1;Convencional
IMD_44445;Huelva|N-435|184|189.7;2;1;Convencional
IMD_44446;Huelva|N-435|189.7|190;0;0;Convencional
IMD_44447;Huelva|N-435|190|198;1;1;Convencional
IMD_44448;Huelva|N-435|198|201;1;1;Convencional
IMD_44449;Huelva|N-435|201|203;3;1;Convencional
IMD_44450;Huelva|N-435|203|205.5;0;0;Convencional
IMD_44451;Huelva|N-435|205.5|211;3;1;Convencional
IMD_44452;Huelva|N-435|211|219;1;1;Convencional
IMD_44453;Huelva|N-435|219|222.13;3;1;Convencional
IMD_44454;Badajoz|N-435A|22.3|23.25;1;1;Convencional
IMD_44455;Badajoz|N-435A|32.68|32.8;0;0;Convencional
IMD_44456;Badajoz|N-435A|32.8|33.4;0;0;Convencional
IMD_44457;Badajoz|N-435A|33.4|35.84;0;0;Convencional
IMD_44458;Badajoz|N-435A|104.2|106.86;0;0;Convencional
IMD_44459;Huelva|N-435A|106.86|110.8;0;0;Convencional
IMD_44460;Huelva|N-435A|110.8|111.15;0;0;Convencional
IMD_44461;Huelva|N-435A|111.15|112.15;0;0;Convencional
IMD_44462;Huelva|N-435A|112.15|116.985;0;0;Convencional
IMD_44463;Huelva|N-435A|128.2|129.59;0;0;Convencional
IMD_44464;Huelva|N-435A|173.784|177.04;0;0;Convencional
IMD_44465;Huelva|N-435A|203.9|206;0;0;Convencional
IMD_44466;Huelva|N-435A|206|210;0;0;Convencional
IMD_44467;Huelva|N-435A|210|211.7;0;0;Convencional
IMD_44468;Huelva|N-435A|211.7|214.5;0;0;Convencional
IMD_44469;Huelva|N-435A|214.5|220.7;3;1;Convencional
IMD_44470;Córdoba|N-437|2.66|6.7;;;Convencional
IMD_44471;Huelva|N-442|4.78|7.1;3;1;Multicarril
IMD_44472;Huelva|N-442|7.1|10.514;4;1;Convencional
IMD_44473;Huelva|N-442|10.514|17.87;1;1;Convencional
IMD_44474;Huelva|N-444|0|4.27;1;1;Convencional
IMD_44475;Huelva|N-445|0|2.2;0;0;Convencional
IMD_44476;Huelva|N-445|2.2|3.75;0;0;Convencional
IMD_44477;Huelva|N-446|0|1.87;1;1;Convencional
IMD_44478;Toledo|N-4A|81.952|83.243;0;0;Convencional
IMD_44479;Ciudad Real|N-4A|243.1|245;0;0;Convencional
IMD_44480;Jaén|N-4A|245|250.9;1;1;Convencional
IMD_44481;Jaén|N-4A|250.9|257.7;1;1;Convencional
IMD_44482;Sevilla|N-4A|503.3|506.2;0;0;Convencional
IMD_44483;Sevilla|N-4A|506.2|506.9;0;0;Convencional
IMD_44484;Sevilla|N-4A|508.25|512.6;0;0;Convencional
IMD_44485;Cáceres|N-5|184.025|187;1;1;Convencional
IMD_44486;Cáceres|N-5|193.596|194.8;0;0;Convencional
IMD_44487;Cáceres|N-5|194.8|195.7;0;0;Convencional
IMD_44488;Cáceres|N-5|195.7|196;0;0;Convencional
IMD_44489;Cáceres|N-5|196|198.9;0;0;Convencional
IMD_44490;Cáceres|N-5|198.9|201.8;0;0;Convencional
IMD_44491;Cáceres|N-5|201.8|204.4;0;0;Convencional
IMD_44492;Cáceres|N-5|204.4|209.3;0;0;Convencional
IMD_44493;Cáceres|N-5|209.3|216.4;0;0;Convencional
IMD_44494;Cáceres|N-5|216.4|226.2;0;0;Convencional
IMD_44495;Cáceres|N-5|226.2|231.828;0;0;Convencional
IMD_44496;Cáceres|N-5|254.152|259.334;0;0;Convencional
IMD_44497;Cáceres|N-5|287.15|289.4;0;0;Convencional
IMD_44498;Badajoz|N-5|330.975|332.7;0;0;Convencional
IMD_44499;Badajoz|N-5|332.7|334.4;0;0;Convencional
IMD_44500;Badajoz|N-5|334.4|338.55;2;1;Convencional
IMD_44501;Badajoz|N-5|343.23|345.3;0;0;Convencional
IMD_44502;Badajoz|N-5|372.8|373.815;0;0;Convencional
IMD_44503;Badajoz|N-5|380.5|383;0;0;Convencional
IMD_44504;Badajoz|N-5|383|384.1;1;1;Convencional
IMD_44505;Badajoz|N-5|384.1|390.3;0;0;Convencional
IMD_44506;Badajoz|N-5|390.3|395.265;2;1;Convencional
IMD_44507;Badajoz|N-5|406.933|407.555;0;0;Convencional
IMD_44508;Ávila|N-501|0.88|1.75;0;0;Convencional
IMD_44509;Ávila|N-501|3.66|4;0;0;Convencional
IMD_44510;Ávila|N-501|4|5;0;0;Convencional
IMD_44511;Ávila|N-501|5|13.4;0;0;Convencional
IMD_44512;Ávila|N-501|13.4|16.6;1;1;Convencional
IMD_44513;Ávila|N-501|16.6|21.4;0;0;Convencional
IMD_44514;Ávila|N-501|21.4|22.9;0;0;Convencional
IMD_44515;Ávila|N-501|22.9|27.4;0;0;Convencional
IMD_44516;Ávila|N-501|27.4|27.9;0;0;Convencional
IMD_44517;Ávila|N-501|27.9|32.2;0;0;Convencional
IMD_44518;Ávila|N-501|32.2|34.2;0;0;Convencional
IMD_44519;Ávila|N-501|34.2|41;0;0;Convencional
IMD_44520;Ávila|N-501|41|48.71;0;0;Convencional
IMD_44521;Salamanca|N-501|48.71|50.8;0;0;Convencional
IMD_44522;Salamanca|N-501|50.8|53.8;0;0;Convencional
IMD_44523;Salamanca|N-501|53.8|63.3;0;0;Convencional
IMD_44524;Salamanca|N-501|63.3|69.1;1;1;Convencional
IMD_44525;Salamanca|N-501|69.1|69.7;0;0;Convencional
IMD_44526;Salamanca|N-501|69.7|73.3;0;0;Convencional
IMD_44527;Salamanca|N-501|73.3|76.9;0;0;Convencional
IMD_44528;Salamanca|N-501|76.9|79.7;1;1;Convencional
IMD_44529;Salamanca|N-501|79.7|83.8;0;0;Convencional
IMD_44530;Salamanca|N-501|83.8|86.7;0;0;Convencional
IMD_44531;Salamanca|N-501|86.7|88.824;0;0;Convencional
IMD_44532;Salamanca|N-501A|52.3|52.8;0;0;Convencional
IMD_44533;Ávila|N-502|6.149|12.4;1;1;Convencional
IMD_44534;Ávila|N-502|12.4|20.7;1;1;Convencional
IMD_44535;Ávila|N-502|20.7|21.1;0;0;Convencional
IMD_44536;Ávila|N-502|21.1|29.6;2;1;Convencional
IMD_44537;Ávila|N-502|29.6|38.6;1;1;Convencional
IMD_44538;Ávila|N-502|38.6|39;0;0;Convencional
IMD_44539;Ávila|N-502|39|45.1;0;0;Convencional
IMD_44540;Ávila|N-502|45.1|46.8;0;0;Convencional
IMD_44541;Ávila|N-502|46.8|48.9;0;0;Convencional
IMD_44542;Ávila|N-502|48.9|59.9;1;1;Convencional
IMD_44543;Ávila|N-502|59.9|62.7;1;1;Convencional
IMD_44544;Ávila|N-502|62.7|67.5;2;1;Convencional
IMD_44545;Ávila|N-502|67.5|70;0;0;Convencional
IMD_44546;Ávila|N-502|70|71.3;0;0;Convencional
IMD_44547;Ávila|N-502|71.3|77.4;1;1;Convencional
IMD_44548;Ávila|N-502|77.4|78.4;0;0;Convencional
IMD_44549;Ávila|N-502|78.4|83.3;2;1;Convencional
IMD_44550;Ávila|N-502|83.3|85.3;0;0;Convencional
IMD_44551;Toledo|N-502|85.3|92.7;2;1;Convencional
IMD_44552;Toledo|N-502|92.7|103.3;2;1;Convencional
IMD_44553;Toledo|N-502|103.3|105.4;1;1;Convencional
IMD_44554;Toledo|N-502|105.4|109;1;1;Convencional
IMD_44555;Toledo|N-502|109|110.5;0;0;Convencional
IMD_44556;Toledo|N-502|110.5|111.1;0;0;Convencional
IMD_44557;Toledo|N-502|111.1|114.9;0;0;Convencional
IMD_44558;Toledo|N-502|114.9|119.9;0;0;Convencional
IMD_44559;Toledo|N-502|119.9|127.3;2;1;Convencional
IMD_44560;Toledo|N-502|127.3|131;0;0;Convencional
IMD_44561;Toledo|N-502|131|138.4;3;1;Convencional
IMD_44562;Toledo|N-502|138.4|138.9;0;0;Convencional
IMD_44563;Toledo|N-502|138.9|146.6;1;1;Convencional
IMD_44564;Toledo|N-502|146.6|148.8;2;1;Convencional
IMD_44565;Toledo|N-502|148.8|163.3;0;0;Convencional
IMD_44566;Toledo|N-502|163.3|164;0;0;Convencional
IMD_44567;Toledo|N-502|164|171.289;0;0;Convencional
IMD_44568;Toledo|N-502|171.289|172.5;0;0;Convencional
IMD_44569;Toledo|N-502|172.5|182.8;0;0;Convencional
IMD_44570;Toledo|N-502|182.8|185.4;0;0;Convencional
IMD_44571;Toledo|N-502|185.4|189.96;0;0;Convencional
IMD_44572;Cáceres|N-502|189.96|200.4;1;1;Convencional
IMD_44573;Cáceres|N-502|200.4|204.03;0;0;Convencional
IMD_44574;Badajoz|N-502|204.03|215.5;1;1;Convencional
IMD_44575;Badajoz|N-502|215.5|216.3;0;0;Convencional
IMD_44576;Badajoz|N-502|216.3|218;0;0;Convencional
IMD_44577;Badajoz|N-502|218|241.8;1;1;Convencional
IMD_44578;Badajoz|N-502|241.8|243.1;0;0;Convencional
IMD_44579;Badajoz|N-502|243.1|243.5;0;0;Convencional
IMD_44580;Badajoz|N-502|243.5|244.8;0;0;Convencional
IMD_44581;Badajoz|N-502|262.5|264.072;0;0;Convencional
IMD_44582;Ciudad Real|N-502|264.072|279.4;0;0;Convencional
IMD_44583;Ciudad Real|N-502|279.4|280.4;0;0;Convencional
IMD_44584;Ciudad Real|N-502|280.4|286.6;0;0;Convencional
IMD_44585;Ciudad Real|N-502|286.6|308.3;0;0;Convencional
IMD_44586;Ciudad Real|N-502|308.3|310.2;0;0;Convencional
IMD_44587;Ciudad Real|N-502|310.2|310.7;0;0;Convencional
IMD_44588;Ciudad Real|N-502|310.7|311.6;0;0;Convencional
IMD_44589;Ciudad Real|N-502|311.6|318;1;1;Convencional
IMD_44590;Ciudad Real|N-502|318|322.5;0;0;Convencional
IMD_44591;Ciudad Real|N-502|322.5|327.1;0;0;Convencional
IMD_44592;Ciudad Real|N-502|327.1|328.7;0;0;Convencional
IMD_44593;Córdoba|N-502|328.7|339.6;1;1;Convencional
IMD_44594;Córdoba|N-502|339.6|340;0;0;Convencional
IMD_44595;Córdoba|N-502|340|340.3;0;0;Convencional
IMD_44596;Córdoba|N-502|340.3|354;1;1;Convencional
IMD_44597;Córdoba|N-502|354|354.5;0;0;Convencional
IMD_44598;Córdoba|N-502|354.5|357.5;0;0;Convencional
IMD_44599;Córdoba|N-502|357.5|360.2;0;0;Convencional
IMD_44600;Córdoba|N-502|360.2|361.6;0;0;Convencional
IMD_44601;Córdoba|N-502|361.6|364.8;0;0;Convencional
IMD_44602;Córdoba|N-502|364.8|374.5;3;1;Convencional
IMD_44603;Córdoba|N-502|374.5|379.7;2;1;Convencional
IMD_44604;Córdoba|N-502|379.7|381;0;0;Convencional
IMD_44605;Córdoba|N-502|381|385;0;0;Convencional
IMD_44606;Córdoba|N-502|385|391;0;0;Convencional
IMD_44607;Córdoba|N-502|391|391.4;0;0;Convencional
IMD_44608;Toledo|N-502A|109.758|114.6;0;0;Convencional
IMD_44609;Toledo|N-502A|114.6|115.3;0;0;Multicarril
IMD_44610;Toledo|N-502A|115.3|116.3;0;0;Convencional
IMD_44611;Toledo|N-502A|116.3|117.12;0;0;Convencional
IMD_44612;Toledo|N-502A|117.12|118.4;0;0;Multicarril
IMD_44613;Toledo|N-502A|118.4|119.6;0;0;Convencional
IMD_44614;Ciudad Real|N-502A|278|280.2;0;0;Convencional
IMD_44615;Ciudad Real|N-502A|280.2|280.5;0;0;Convencional
IMD_44616;Ciudad Real|N-502A|325.9|326.75;0;0;Convencional
IMD_44617;Ciudad Real|N-502A|326.75|327.7;0;0;Convencional
IMD_44618;Córdoba|N-502A|379.672|381.05;0;0;Convencional
IMD_44619;Córdoba|N-502A|384.868|391.4;0;0;Convencional
IMD_44620;Cáceres|N-521|0|0.7;0;0;Convencional
IMD_44621;Cáceres|N-521|0.7|4.1;0;0;Convencional
IMD_44622;Cáceres|N-521|4.1|10.3;0;0;Convencional
IMD_44623;Cáceres|N-521|10.3|16.3;0;0;Convencional
IMD_44624;Cáceres|N-521|16.3|30.8;0;0;Convencional
IMD_44625;Cáceres|N-521|30.8|37.7;0;0;Convencional
IMD_44626;Cáceres|N-521|37.7|41.6;0;0;Convencional
IMD_44627;Cáceres|N-521|41.6|42.747;0;0;Multicarril
IMD_44628;Cáceres|N-521|42.747|46.2;0;0;Multicarril
IMD_44629;Cáceres|N-521|46.2|47.13;0;0;Multicarril
IMD_44630;Cáceres|N-521|47.387|47.8;0;0;Multicarril
IMD_44631;Cáceres|N-521|47.8|48.741;0;0;Multicarril
IMD_44632;Cáceres|N-521|49.781|51.6;0;0;Multicarril
IMD_44633;Cáceres|N-521|51.6|52.272;2;1;Multicarril
IMD_44634;Cáceres|N-521|52.272|60.9;4;1;Convencional
IMD_44635;Cáceres|N-521|60.9|62.5;0;0;Convencional
IMD_44636;Cáceres|N-521|62.5|69.6;0;0;Convencional
IMD_44637;Cáceres|N-521|69.6|77.1;1;1;Convencional
IMD_44638;Cáceres|N-521|77.1|80.7;1;1;Convencional
IMD_44639;Cáceres|N-521|80.7|97.4;0;0;Convencional
IMD_44640;Cáceres|N-521|97.4|108.2;1;1;Convencional
IMD_44641;Cáceres|N-521|108.2|114.1;1;1;Convencional
IMD_44642;Cáceres|N-521|114.1|127.1;0;0;Convencional
IMD_44643;Cáceres|N-521|127.1|137.9;1;1;Convencional
IMD_44644;Cáceres|N-521|137.9|141.8;1;1;Convencional
IMD_44645;Cáceres|N-521|141.8|143;0;0;Convencional
IMD_44646;Cáceres|N-521|143|149.4;0;0;Convencional
IMD_44647;Cáceres|N-521|149.4|150.2;0;0;Convencional
IMD_44648;Cáceres|N-521|150.2|152.17;0;0;Convencional
IMD_44649;Cáceres|N-523|1.312|3.2;0;0;Convencional
IMD_44650;Cáceres|N-523|3.2|29.9;4;1;Convencional
IMD_44651;Cáceres|N-523|29.9|37.042;1;1;Convencional
IMD_44652;Badajoz|N-523|37.042|42;0;0;Convencional
IMD_44653;Badajoz|N-523|42|48.5;0;0;Convencional
IMD_44654;Badajoz|N-523|48.5|50.6;0;0;Convencional
IMD_44655;Badajoz|N-523|50.6|64.7;0;0;Convencional
IMD_44656;Badajoz|N-523|64.7|80.4;4;1;Convencional
IMD_44657;Badajoz|N-523|80.4|81.2;0;0;Multicarril
IMD_44658;Badajoz|N-523|81.2|82.4;3;1;Multicarril
IMD_44659;Badajoz|N-523|82.4|84.415;0;0;Multicarril
IMD_44660;Zamora|N-525|0|1.524;0;0;Convencional
IMD_44661;Zamora|N-525|1.524|4.8;0;0;Convencional
IMD_44662;Zamora|N-525|4.8|6;0;0;Convencional
IMD_44663;Zamora|N-525|6|13.4;0;0;Convencional
IMD_44664;Zamora|N-525|13.4|16.1;0;0;Convencional
IMD_44665;Zamora|N-525|16.1|22.5;0;0;Convencional
IMD_44666;Zamora|N-525|22.5|26.9;1;1;Convencional
IMD_44667;Zamora|N-525|26.9|30.7;0;0;Convencional
IMD_44668;Zamora|N-525|30.7|31.7;0;0;Convencional
IMD_44669;Zamora|N-525|31.7|32.3;0;0;Convencional
IMD_44670;Zamora|N-525|32.3|36.4;0;0;Convencional
IMD_44671;Zamora|N-525|36.4|39.9;0;0;Convencional
IMD_44672;Zamora|N-525|39.9|43.2;0;0;Convencional
IMD_44673;Zamora|N-525|43.2|43.4;0;0;Convencional
IMD_44674;Zamora|N-525|43.4|48.5;0;0;Convencional
IMD_44675;Zamora|N-525|48.5|52;1;1;Convencional
IMD_44676;Zamora|N-525|52|54;1;1;Convencional
IMD_44677;Zamora|N-525|54|56;0;0;Convencional
IMD_44678;Zamora|N-525|56|57.7;0;0;Convencional
IMD_44679;Zamora|N-525|57.7|58.2;1;1;Convencional
IMD_44680;Zamora|N-525|58.2|58.6;0;0;Convencional
IMD_44681;Zamora|N-525|58.6|61.6;0;0;Convencional
IMD_44682;Zamora|N-525|61.6|64.5;0;0;Convencional
IMD_44683;Zamora|N-525|64.5|66.3;0;0;Convencional
IMD_44684;Zamora|N-525|66.3|67.5;0;0;Convencional
IMD_44685;Zamora|N-525|67.5|68.7;0;0;Convencional
IMD_44686;Zamora|N-525|68.7|69.6;0;0;Convencional
IMD_44687;Zamora|N-525|69.6|72;0;0;Convencional
IMD_44688;Zamora|N-525|72|74.2;0;0;Convencional
IMD_44689;Zamora|N-525|74.2|75.9;0;0;Convencional
IMD_44690;Zamora|N-525|75.9|76.4;0;0;Convencional
IMD_44691;Zamora|N-525|76.4|76.7;0;0;Convencional
IMD_44692;Zamora|N-525|76.7|77.5;0;0;Convencional
IMD_44693;Zamora|N-525|77.5|79.1;0;0;Convencional
IMD_44694;Zamora|N-525|79.1|82.8;0;0;Convencional
IMD_44695;Zamora|N-525|82.8|84.7;2;1;Convencional
IMD_44696;Zamora|N-525|84.7|85.2;1;1;Convencional
IMD_44697;Zamora|N-525|85.2|86.5;1;1;Convencional
IMD_44698;Zamora|N-525|86.5|87.7;0;0;Convencional
IMD_44699;Zamora|N-525|87.7|89.5;0;0;Convencional
IMD_44700;Zamora|N-525|89.5|91.8;0;0;Convencional
IMD_44701;Zamora|N-525|91.8|94;0;0;Convencional
IMD_44702;Zamora|N-525|94|94.9;0;0;Convencional
IMD_44703;Zamora|N-525|94.9|101.9;0;0;Convencional
IMD_44704;Zamora|N-525|101.9|103.5;0;0;Convencional
IMD_44705;Zamora|N-525|103.5|104.7;0;0;Convencional
IMD_44706;Zamora|N-525|104.7|105.55;0;0;Convencional
IMD_44707;Zamora|N-525|111.34|113.2;1;1;Convencional
IMD_44708;Zamora|N-525|113.2|114.5;0;0;Convencional
IMD_44709;Ourense|N-525|114.5|116;;;Convencional
IMD_44710;Ourense|N-525|116|117.3;;;Convencional
IMD_44711;Ourense|N-525|117.3|117.9;;;Convencional
IMD_44712;Ourense|N-525|117.9|118.9;;;Convencional
IMD_44713;Ourense|N-525|118.9|119.7;;;Convencional
IMD_44714;Ourense|N-525|119.7|120;;;Convencional
IMD_44715;Ourense|N-525|120|120.2;;;Convencional
IMD_44716;Ourense|N-525|120.2|120.5;;;Convencional
IMD_44717;Ourense|N-525|120.5|122.3;;;Convencional
IMD_44718;Ourense|N-525|122.3|126.4;;;Convencional
IMD_44719;Ourense|N-525|126.4|130.6;;;Convencional
IMD_44720;Ourense|N-525|130.6|131.1;;;Convencional
IMD_44721;Ourense|N-525|131.1|142.1;;;Convencional
IMD_44722;Ourense|N-525|142.1|143.3;;;Convencional
IMD_44723;Ourense|N-525|143.3|145;;;Convencional
IMD_44724;Ourense|N-525|145|148.3;;;Convencional
IMD_44725;Ourense|N-525|148.3|149.5;;;Convencional
IMD_44726;Ourense|N-525|149.5|153.2;;;Convencional
IMD_44727;Ourense|N-525|153.2|158;;;Convencional
IMD_44728;Ourense|N-525|158|159;;;Convencional
IMD_44729;Ourense|N-525|159|164.5;;;Convencional
IMD_44730;Ourense|N-525|164.5|165;;;Convencional
IMD_44731;Ourense|N-525|170|171.144;;;Convencional
IMD_44732;Ourense|N-525|171.144|172;;;Convencional
IMD_44733;Ourense|N-525|172|174;;;Convencional
IMD_44734;Ourense|N-525|174|177.3;;;Convencional
IMD_44735;Ourense|N-525|177.3|181;;;Convencional
IMD_44736;Ourense|N-525|181|185.5;;;Convencional
IMD_44737;Ourense|N-525|185.5|186.6;;;Convencional
IMD_44738;Ourense|N-525|186.6|187.7;;;Convencional
IMD_44739;Ourense|N-525|187.7|193.3;;;Convencional
IMD_44740;Ourense|N-525|193.3|195.1;;;Convencional
IMD_44741;Ourense|N-525|195.1|197.4;;;Convencional
IMD_44742;Ourense|N-525|197.4|198.1;;;Convencional
IMD_44743;Ourense|N-525|198.1|198.6;;;Convencional
IMD_44744;Ourense|N-525|198.6|199.6;;;Convencional
IMD_44745;Ourense|N-525|199.6|204;;;Convencional
IMD_44746;Ourense|N-525|204|207.7;;;Convencional
IMD_44747;Ourense|N-525|207.7|208.3;;;Convencional
IMD_44748;Ourense|N-525|208.3|209.5;;;Convencional
IMD_44749;Ourense|N-525|209.5|215.8;;;Convencional
IMD_44750;Ourense|N-525|215.8|217.1;;;Convencional
IMD_44751;Ourense|N-525|217.1|219.1;;;Convencional
IMD_44752;Ourense|N-525|233.08|236.1;;;Convencional
IMD_44753;Ourense|N-525|236.1|237;;;Convencional
IMD_44754;Ourense|N-525|237|238.75;;;Multicarril
IMD_44755;Ourense|N-525|238.75|240.3;;;Convencional
IMD_44756;Ourense|N-525|240.3|240.9;;;Convencional
IMD_44757;Ourense|N-525|240.9|241.3;;;Convencional
IMD_44758;Ourense|N-525|241.3|244.3;;;Convencional
IMD_44759;Ourense|N-525|244.3|246.2;;;Convencional
IMD_44760;Ourense|N-525|246.2|249;;;Convencional
IMD_44761;Ourense|N-525|249|249.2;;;Convencional
IMD_44762;Ourense|N-525|249.2|252;;;Convencional
IMD_44763;Ourense|N-525|252|252.7;;;Convencional
IMD_44764;Ourense|N-525|252.7|254.2;;;Convencional
IMD_44765;Ourense|N-525|254.2|257.7;;;Convencional
IMD_44766;Ourense|N-525|257.7|260.6;;;Convencional
IMD_44767;Ourense|N-525|260.6|260.9;;;Convencional
IMD_44768;Ourense|N-525|260.9|261.2;;;Convencional
IMD_44769;Ourense|N-525|261.2|262.4;;;Convencional
IMD_44770;Ourense|N-525|262.4|265.4;;;Convencional
IMD_44771;Ourense|N-525|265.4|266.8;;;Convencional
IMD_44772;Ourense|N-525|266.8|267.1;;;Convencional
IMD_44773;Ourense|N-525|267.1|269.2;;;Convencional
IMD_44774;Ourense|N-525|269.2|271.5;;;Convencional
IMD_44775;Ourense|N-525|271.5|271.69;;;Convencional
IMD_44776;Pontevedra|N-525|271.69|272.1;0;0;Convencional
IMD_44777;Pontevedra|N-525|272.1|275.9;0;0;Convencional
IMD_44778;Pontevedra|N-525|275.9|276;0;0;Convencional
IMD_44779;Pontevedra|N-525|276|278;0;0;Convencional
IMD_44780;Pontevedra|N-525|278|278.8;0;0;Convencional
IMD_44781;Pontevedra|N-525|278.8|279.7;0;0;Convencional
IMD_44782;Pontevedra|N-525|279.7|280.8;0;0;Convencional
IMD_44783;Pontevedra|N-525|280.8|285.75;0;0;Convencional
IMD_44784;Pontevedra|N-525|290.257|291.15;1;1;Convencional
IMD_44785;Pontevedra|N-525|291.15|294.8;0;0;Convencional
IMD_44786;Pontevedra|N-525|294.8|297.6;2;1;Convencional
IMD_44787;Pontevedra|N-525|297.6|298.1;0;0;Convencional
IMD_44788;Pontevedra|N-525|298.1|302.6;0;0;Convencional
IMD_44789;Pontevedra|N-525|302.6|303.3;0;0;Convencional
IMD_44790;Pontevedra|N-525|303.3|303.5;0;0;Convencional
IMD_44791;Pontevedra|N-525|303.5|305.8;1;1;Convencional
IMD_44792;Pontevedra|N-525|305.8|307.3;1;1;Convencional
IMD_44793;Pontevedra|N-525|307.3|309.4;1;1;Convencional
IMD_44794;Pontevedra|N-525|309.4|309.8;0;0;Convencional
IMD_44795;Pontevedra|N-525|309.8|310;0;0;Convencional
IMD_44796;Pontevedra|N-525|310|311.5;0;0;Convencional
IMD_44797;Pontevedra|N-525|311.5|312.3;0;0;Convencional
IMD_44798;Pontevedra|N-525|312.3|314.1;0;0;Convencional
IMD_44799;Pontevedra|N-525|314.1|318.8;3;1;Convencional
IMD_44800;Pontevedra|N-525|318.8|321.31;0;0;Convencional
IMD_44801;A Coruña|N-525|321.31|321.9;0;0;Convencional
IMD_44802;A Coruña|N-525|321.9|323;1;1;Convencional
IMD_44803;A Coruña|N-525|323|326.9;5;1;Convencional
IMD_44804;A Coruña|N-525|326.9|327.9;0;0;Convencional
IMD_44805;A Coruña|N-525|327.9|331.6;3;1;Convencional
IMD_44806;A Coruña|N-525|331.6|332.5;1;1;Convencional
IMD_44807;A Coruña|N-525|332.5|336;3;1;Convencional
IMD_44808;A Coruña|N-525|336|337.74;1;1;Convencional
IMD_44809;Ourense|N-532|3|3.2;0;0;Convencional
IMD_44810;Ourense|N-532|3.2|10.1;2;1;Convencional
IMD_44811;Ourense|N-532|10.1|11.9;0;0;Convencional
IMD_44812;Ourense|N-532|11.9|14.82;2;1;Convencional
IMD_44813;León|N-536|0|3.8;;;Convencional
IMD_44814;León|N-536|3.8|5.1;;;Convencional
IMD_44815;León|N-536|5.1|12.8;;;Convencional
IMD_44816;León|N-536|12.8|15;;;Convencional
IMD_44817;León|N-536|15|15.1;;;Convencional
IMD_44818;León|N-536|15.1|18.3;;;Convencional
IMD_44819;León|N-536|18.3|19.1;;;Convencional
IMD_44820;León|N-536|19.1|20.5;;;Convencional
IMD_44821;León|N-536|20.5|21;;;Convencional
IMD_44822;León|N-536|21|30.8;;;Convencional
IMD_44823;León|N-536|30.8|31.3;;;Convencional
IMD_44824;León|N-536|31.3|32.2;;;Convencional
IMD_44825;Ourense|N-536|32.2|41.5;0;0;Convencional
IMD_44826;Ourense|N-536|41.5|42.2;0;0;Convencional
IMD_44827;Ourense|N-536|42.2|45.8;0;0;Convencional
IMD_44828;Ourense|N-536|45.8|47.7;0;0;Convencional
IMD_44829;Ourense|N-536|47.7|48.7;0;0;Convencional
IMD_44830;Ourense|N-536|48.7|51.96;1;1;Convencional
IMD_44831;Lugo|N-540|0|3.18;0;0;Convencional
IMD_44832;Lugo|N-540|3.18|3.75;1;1;Multicarril
IMD_44833;Lugo|N-540|3.75|9.6;0;0;Convencional
IMD_44834;Lugo|N-540|9.6|11.6;1;1;Convencional
IMD_44835;Lugo|N-540|11.6|13.2;0;0;Convencional
IMD_44836;Lugo|N-540|13.2|13.4;0;0;Convencional
IMD_44837;Lugo|N-540|13.4|14.6;1;1;Convencional
IMD_44838;Lugo|N-540|14.6|17.5;1;1;Convencional
IMD_44839;Lugo|N-540|17.5|18.6;0;0;Convencional
IMD_44840;Lugo|N-540|18.6|19.6;0;0;Convencional
IMD_44841;Lugo|N-540|19.6|21.1;0;0;Convencional
IMD_44842;Lugo|N-540|21.1|21.5;0;0;Convencional
IMD_44843;Lugo|N-540|21.5|23.1;0;0;Convencional
IMD_44844;Lugo|N-540|23.1|24.5;1;1;Convencional
IMD_44845;Lugo|N-540|24.5|25.2;0;0;Convencional
IMD_44846;Lugo|N-540|25.2|39.9;0;0;Convencional
IMD_44847;Lugo|N-540|39.9|42.7;2;1;Convencional
IMD_44848;Lugo|N-540|42.7|46.4;0;0;Convencional
IMD_44849;Lugo|N-540|46.4|49.4;0;0;Convencional
IMD_44850;Lugo|N-540|49.4|51;1;1;Convencional
IMD_44851;Lugo|N-540|51|53.1;0;0;Convencional
IMD_44852;Lugo|N-540|53.1|59.3;1;1;Convencional
IMD_44853;Lugo|N-540|59.3|59.8;0;0;Convencional
IMD_44854;Lugo|N-540|59.8|61;0;0;Convencional
IMD_44855;Lugo|N-540|61|68.87;2;1;Convencional
IMD_44856;Ourense|N-540|68.87|69.2;0;0;Convencional
IMD_44857;Ourense|N-540|69.2|78.57;1;1;Convencional
IMD_44858;Lugo|N-540A|7.3|8.2;0;0;Convencional
IMD_44859;Ourense|N-541|12.7|13.6;0;0;Convencional
IMD_44860;Ourense|N-541|13.6|16.7;0;0;Convencional
IMD_44861;Ourense|N-541|16.7|20.4;1;1;Convencional
IMD_44862;Ourense|N-541|20.4|21.6;0;0;Convencional
IMD_44863;Ourense|N-541|21.6|24.8;0;0;Convencional
IMD_44864;Ourense|N-541|24.8|26.7;0;0;Convencional
IMD_44865;Ourense|N-541|26.7|27;0;0;Convencional
IMD_44866;Ourense|N-541|27|27.6;0;0;Convencional
IMD_44867;Ourense|N-541|27.6|29.6;0;0;Convencional
IMD_44868;Ourense|N-541|29.6|33.4;0;0;Convencional
IMD_44869;Ourense|N-541|33.4|35.6;2;1;Convencional
IMD_44870;Ourense|N-541|35.6|38;0;0;Convencional
IMD_44871;Ourense|N-541|38|50.2;4;1;Convencional
IMD_44872;Ourense|N-541|50.2|51.15;0;0;Convencional
IMD_44873;Pontevedra|N-541|51.15|54.7;1;1;Convencional
IMD_44874;Pontevedra|N-541|54.7|54.8;0;0;Convencional
IMD_44875;Pontevedra|N-541|54.8|56.3;1;1;Convencional
IMD_44876;Pontevedra|N-541|56.3|56.6;0;0;Convencional
IMD_44877;Pontevedra|N-541|56.6|59.9;0;0;Convencional
IMD_44878;Pontevedra|N-541|59.9|60.5;0;0;Convencional
IMD_44879;Pontevedra|N-541|60.5|63.7;1;1;Convencional
IMD_44880;Pontevedra|N-541|63.7|64;1;1;Convencional
IMD_44881;Pontevedra|N-541|64|66.7;1;1;Convencional
IMD_44882;Pontevedra|N-541|66.7|75.285;1;1;Convencional
IMD_44883;Pontevedra|N-541|75.285|76.2;0;0;Convencional
IMD_44884;Pontevedra|N-541|76.2|82;1;1;Convencional
IMD_44885;Pontevedra|N-541|82|84.2;1;1;Convencional
IMD_44886;Pontevedra|N-541|84.2|87;3;1;Convencional
IMD_44887;Pontevedra|N-541|87|87.3;1;1;Convencional
IMD_44888;Pontevedra|N-541|87.3|91.106;1;1;Convencional
IMD_44889;Ourense|N-542|0|0.8;0;0;Multicarril
IMD_44890;Ourense|N-544|0|1.81;0;0;Convencional
IMD_44891;Lugo|N-547|18.63|21.1;0;0;Convencional
IMD_44892;Lugo|N-547|21.1|22.8;0;0;Convencional
IMD_44893;Lugo|N-547|22.8|25;0;0;Convencional
IMD_44894;Lugo|N-547|25|26.3;0;0;Convencional
IMD_44895;Lugo|N-547|26.3|28.7;1;1;Convencional
IMD_44896;Lugo|N-547|28.7|33.1;0;0;Convencional
IMD_44897;Lugo|N-547|33.1|33.7;0;0;Convencional
IMD_44898;Lugo|N-547|33.7|34.2;0;0;Convencional
IMD_44899;Lugo|N-547|34.2|36.6;0;0;Convencional
IMD_44900;Lugo|N-547|36.6|42.6;0;0;Convencional
IMD_44901;A Coruña|N-547|42.6|46.8;0;0;Convencional
IMD_44902;A Coruña|N-547|46.8|48.8;1;1;Convencional
IMD_44903;A Coruña|N-547|48.8|49.4;1;1;Convencional
IMD_44904;A Coruña|N-547|49.4|63.3;6;1;Convencional
IMD_44905;A Coruña|N-547|63.3|63.6;2;1;Convencional
IMD_44906;A Coruña|N-547|63.6|64.4;1;1;Convencional
IMD_44907;A Coruña|N-547|64.4|67.9;3;1;Convencional
IMD_44908;A Coruña|N-547|67.9|77.9;0;0;Convencional
IMD_44909;A Coruña|N-547|77.9|79.4;1;1;Convencional
IMD_44910;A Coruña|N-547|79.4|82;0;0;Convencional
IMD_44911;A Coruña|N-547|82|86.4;2;1;Convencional
IMD_44912;A Coruña|N-547|86.4|88.42;0;0;Convencional
IMD_44913;A Coruña|N-550|3.58|4.08;1;1;Convencional
IMD_44914;A Coruña|N-550|9.55|11.45;0;0;Convencional
IMD_44915;A Coruña|N-550|11.45|15;3;1;Convencional
IMD_44916;A Coruña|N-550|15|17.2;1;1;Convencional
IMD_44917;A Coruña|N-550|17.2|17.3;0;0;Convencional
IMD_44918;A Coruña|N-550|17.3|17.5;1;1;Convencional
IMD_44919;A Coruña|N-550|17.5|20.2;0;0;Convencional
IMD_44920;A Coruña|N-550|20.2|21.8;0;0;Convencional
IMD_44921;A Coruña|N-550|21.8|23.4;0;0;Convencional
IMD_44922;A Coruña|N-550|23.4|26.7;1;1;Convencional
IMD_44923;A Coruña|N-550|26.7|27.4;0;0;Convencional
IMD_44924;A Coruña|N-550|27.4|34.5;3;1;Convencional
IMD_44925;A Coruña|N-550|34.5|36.5;3;1;Convencional
IMD_44926;A Coruña|N-550|36.5|36.9;0;0;Convencional
IMD_44927;A Coruña|N-550|36.9|43.1;3;1;Convencional
IMD_44928;A Coruña|N-550|43.1|48;0;0;Convencional
IMD_44929;A Coruña|N-550|48|49;2;1;Convencional
IMD_44930;A Coruña|N-550|49|49.7;0;0;Convencional
IMD_44931;A Coruña|N-550|49.7|52;2;1;Convencional
IMD_44932;A Coruña|N-550|52|57.84;3;1;Convencional
IMD_44933;A Coruña|N-550|67.075|68.62;2;1;Multicarril
IMD_44934;A Coruña|N-550|68.62|69;1;1;Multicarril
IMD_44935;A Coruña|N-550|69|71.5;2;1;Convencional
IMD_44936;A Coruña|N-550|71.5|72;0;0;Convencional
IMD_44937;A Coruña|N-550|72|75;2;1;Convencional
IMD_44938;A Coruña|N-550|75|77.4;1;1;Convencional
IMD_44939;A Coruña|N-550|77.4|79.2;1;1;Convencional
IMD_44940;A Coruña|N-550|79.2|80.7;1;1;Convencional
IMD_44941;A Coruña|N-550|80.7|83.6;2;1;Convencional
IMD_44942;A Coruña|N-550|83.601|84.268;1;1;Convencional
IMD_44943;Pontevedra|N-550|84.268|84.7;;;Convencional
IMD_44944;Pontevedra|N-550|84.7|85;;;Convencional
IMD_44945;Pontevedra|N-550|85|86.8;;;Convencional
IMD_44946;Pontevedra|N-550|86.8|88.2;;;Convencional
IMD_44947;Pontevedra|N-550|88.2|90.8;;;Convencional
IMD_44948;Pontevedra|N-550|90.8|91;;;Convencional
IMD_44949;Pontevedra|N-550|91|93.5;;;Convencional
IMD_44950;Pontevedra|N-550|93.5|95.4;;;Convencional
IMD_44951;Pontevedra|N-550|95.4|96.3;;;Convencional
IMD_44952;Pontevedra|N-550|96.3|97.9;;;Convencional
IMD_44953;Pontevedra|N-550|97.9|100.3;;;Convencional
IMD_44954;Pontevedra|N-550|100.3|102.7;;;Convencional
IMD_44955;Pontevedra|N-550|102.7|105.5;;;Convencional
IMD_44956;Pontevedra|N-550|105.5|106.2;;;Convencional
IMD_44957;Pontevedra|N-550|106.2|108;;;Convencional
IMD_44958;Pontevedra|N-550|108|109.5;;;Convencional
IMD_44959;Pontevedra|N-550|109.5|115.2;;;Convencional
IMD_44960;Pontevedra|N-550|115.2|117.392;;;Convencional
IMD_44961;Pontevedra|N-550|117.392|118.42;;;Convencional
IMD_44962;Pontevedra|N-550|124.202|127.5;;;Convencional
IMD_44963;Pontevedra|N-550|127.5|128.3;;;Multicarril
IMD_44964;Pontevedra|N-550|128.3|128.8;;;Convencional
IMD_44965;Pontevedra|N-550|128.8|129.7;;;Convencional
IMD_44966;Pontevedra|N-550|129.7|130.3;;;Convencional
IMD_44967;Pontevedra|N-550|130.3|132.2;;;Convencional
IMD_44968;Pontevedra|N-550|132.2|134.7;;;Convencional
IMD_44969;Pontevedra|N-550|134.7|138.9;;;Convencional
IMD_44970;Pontevedra|N-550|138.9|139.8;;;Convencional
IMD_44971;Pontevedra|N-550|139.8|141.5;;;Convencional
IMD_44972;Pontevedra|N-550|141.5|142.2;;;Convencional
IMD_44973;Pontevedra|N-550|142.2|142.7;;;Convencional
IMD_44974;Pontevedra|N-550|142.7|147;;;Convencional
IMD_44975;Pontevedra|N-550|147|147.4;;;Convencional
IMD_44976;Pontevedra|N-550|147.4|151.8;;;Convencional
IMD_44977;Pontevedra|N-550|151.8|155.9;;;Convencional
IMD_44978;A Coruña|N-550A|80.65|82.6;1;1;Convencional
IMD_44979;A Coruña|N-550A|82.6|83.66;1;1;Convencional
IMD_44980;Pontevedra|N-550A|96.35|98.2;0;0;Convencional
IMD_44981;Pontevedra|N-550A|98.2|98.4;0;0;Convencional
IMD_44982;Pontevedra|N-550A|98.4|98.7;0;0;Convencional
IMD_44983;Pontevedra|N-550A|98.7|99;0;0;Convencional
IMD_44984;Pontevedra|N-550A|99|100.836;1;1;Convencional
IMD_44985;A Coruña|N-550R|0|1.24;0;0;Convencional
IMD_44986;Pontevedra|N-551|0|1.68;0;0;Convencional
IMD_44987;Pontevedra|N-551|1.68|1.82;0;0;Convencional
IMD_44988;Pontevedra|N-551|1.82|2;0;0;Convencional
IMD_44989;Pontevedra|N-552|0|4.6;7;1;Convencional
IMD_44990;Pontevedra|N-552|4.6|5.5;1;1;Convencional
IMD_44991;Pontevedra|N-552|5.5|7.1;3;1;Convencional
IMD_44992;Pontevedra|N-552|7.1|9.791;0;0;Convencional
IMD_44993;Pontevedra|N-554|0|0.8;1;1;Convencional
IMD_44994;Pontevedra|N-554|0.8|2.3;1;1;Convencional
IMD_44995;Pontevedra|N-554|2.3|2.4;0;0;Convencional
IMD_44996;Pontevedra|N-554|2.4|10.146;3;1;Convencional
IMD_44997;Pontevedra|N-555|0|6.97;5;1;Convencional
IMD_44998;Pontevedra|N-556|6.97|8;2;1;Convencional
IMD_44999;Pontevedra|N-559|0|1.3;0;0;Convencional
IMD_45000;Pontevedra|N-559|1.3|5.14;1;1;Convencional
IMD_45001;Toledo|N-5A|81.5|83.2;1;1;Convencional
IMD_45002;Toledo|N-5A|110|111.77;2;1;Convencional
IMD_45003;Cáceres|N-5A|259.134|260.95;0;0;Convencional
IMD_45004;Madrid|N-6|42.13|43.8;0;0;Convencional
IMD_45005;Madrid|N-6|43.8|45.7;2;1;Convencional
IMD_45006;Madrid|N-6|45.7|47.33;4;1;Convencional
IMD_45007;Madrid|N-6|49.08|52.15;0;0;Convencional
IMD_45008;Madrid|N-6|52.15|56.98;4;1;Convencional
IMD_45009;Segovia|N-6|56.98|62.4;5;1;Convencional
IMD_45010;Segovia|N-6|62.4|64.7;1;1;Convencional
IMD_45011;Segovia|N-6|64.7|66.7;0;0;Convencional
IMD_45012;Segovia|N-6|66.7|75.7;3;1;Convencional
IMD_45013;Segovia|N-6|75.7|84;2;1;Convencional
IMD_45014;Segovia|N-6|84|89.82;4;1;Convencional
IMD_45015;Ávila|N-6|89.82|91;0;0;Convencional
IMD_45016;Ávila|N-6|91|93.89;0;0;Convencional
IMD_45017;Segovia|N-6|93.89|95.3;0;0;Convencional
IMD_45018;Segovia|N-6|95.3|98;0;0;Convencional
IMD_45019;Ávila|N-6|98|103.2;2;1;Convencional
IMD_45020;Ávila|N-6|103.2|103.7;0;0;Convencional
IMD_45021;Ávila|N-6|103.7|108.3;0;0;Convencional
IMD_45022;Ávila|N-6|108.3|110.536;0;0;Convencional
IMD_45023;Valladolid|N-6|196.4|197.5;0;0;Convencional
IMD_45024;Valladolid|N-6|201.58|202;0;0;Convencional
IMD_45025;Valladolid|N-6|202|203.3;0;0;Convencional
IMD_45026;Valladolid|N-6|203.3|203.5;0;0;Convencional
IMD_45027;Valladolid|N-6|203.5|204.26;0;0;Convencional
IMD_45028;Valladolid|N-6|215.346|215.7;0;0;Convencional
IMD_45029;Valladolid|N-6|215.7|217.5;0;0;Convencional
IMD_45030;Zamora|N-6|259.155|260.15;0;0;Multicarril
IMD_45031;Zamora|N-6|260.15|260.919;0;0;Convencional
IMD_45032;Zamora|N-6|265.219|268.5;1;1;Convencional
IMD_45033;Zamora|N-6|268.5|270.7;0;0;Convencional
IMD_45034;Zamora|N-6|270.7|272.2;0;0;Convencional
IMD_45035;Zamora|N-6|272.2|274.7;0;0;Convencional
IMD_45036;Zamora|N-6|274.7|276.282;1;1;Convencional
IMD_45037;León|N-6|276.282|277.5;0;0;Convencional
IMD_45038;León|N-6|277.5|278.8;0;0;Convencional
IMD_45039;León|N-6|278.8|279.6;0;0;Convencional
IMD_45040;León|N-6|279.6|281.7;0;0;Convencional
IMD_45041;León|N-6|281.7|283.6;0;0;Convencional
IMD_45042;León|N-6|283.6|290;0;0;Convencional
IMD_45043;León|N-6|290|291.6;0;0;Convencional
IMD_45044;León|N-6|291.6|291.7;0;0;Convencional
IMD_45045;León|N-6|291.7|294;1;1;Convencional
IMD_45046;León|N-6|294|295.2;0;0;Convencional
IMD_45047;León|N-6|295.2|298.4;1;1;Convencional
IMD_45048;León|N-6|298.4|299;1;1;Convencional
IMD_45049;León|N-6|305|308.8;0;0;Convencional
IMD_45050;León|N-6|308.8|312.4;0;0;Convencional
IMD_45051;León|N-6|312.4|314.3;0;0;Convencional
IMD_45052;León|N-6|314.3|316.3;0;0;Convencional
IMD_45053;León|N-6|316.3|317;0;0;Convencional
IMD_45054;León|N-6|317|317.3;0;0;Convencional
IMD_45055;León|N-6|317.3|320;0;0;Convencional
IMD_45056;León|N-6|320|321.1;0;0;Convencional
IMD_45057;León|N-6|321.1|321.9;0;0;Convencional
IMD_45058;León|N-6|326.1|327.2;0;0;Convencional
IMD_45059;León|N-6|327.2|330.9;0;0;Convencional
IMD_45060;León|N-6|330.9|331.8;0;0;Convencional
IMD_45061;León|N-6|331.8|335.7;1;1;Convencional
IMD_45062;León|N-6|335.7|336.6;0;0;Convencional
IMD_45063;León|N-6|336.6|338.4;0;0;Convencional
IMD_45064;León|N-6|338.4|344.9;0;0;Convencional
IMD_45065;León|N-6|344.9|345.6;0;0;Convencional
IMD_45066;León|N-6|345.6|346.5;0;0;Convencional
IMD_45067;León|N-6|346.5|347.9;0;0;Convencional
IMD_45068;León|N-6|347.9|348.1;0;0;Convencional
IMD_45069;León|N-6|348.1|348.5;0;0;Convencional
IMD_45070;León|N-6|348.5|349.4;0;0;Convencional
IMD_45071;León|N-6|349.4|351;0;0;Convencional
IMD_45072;León|N-6|351|352;0;0;Convencional
IMD_45073;León|N-6|352|356;0;0;Convencional
IMD_45074;León|N-6|356|363.9;1;1;Convencional
IMD_45075;León|N-6|363.9|365.4;1;1;Convencional
IMD_45076;León|N-6|365.4|368.1;0;0;Convencional
IMD_45077;León|N-6|368.1|368.4;0;0;Convencional
IMD_45078;León|N-6|368.4|369.2;0;0;Convencional
IMD_45079;León|N-6|374.8|375.2;0;0;Convencional
IMD_45080;León|N-6|375.2|375.4;0;0;Convencional
IMD_45081;León|N-6|375.4|377.3;0;0;Convencional
IMD_45082;León|N-6|377.3|381.1;1;1;Convencional
IMD_45083;León|N-6|381.1|386.6;2;1;Convencional
IMD_45084;León|N-6|386.6|389;1;1;Convencional
IMD_45085;León|N-6|389|390.4;1;1;Convencional
IMD_45086;León|N-6|390.4|397.1;1;1;Convencional
IMD_45087;León|N-6|397.1|399.7;1;1;Convencional
IMD_45088;León|N-6|399.7|400.8;1;1;Convencional
IMD_45089;León|N-6|400.8|401.4;0;0;Convencional
IMD_45090;León|N-6|401.4|402.4;0;0;Convencional
IMD_45091;León|N-6|402.4|405;0;0;Convencional
IMD_45092;León|N-6|405|405.4;0;0;Convencional
IMD_45093;León|N-6|405.4|405.6;0;0;Convencional
IMD_45094;León|N-6|405.6|406.6;0;0;Convencional
IMD_45095;León|N-6|406.6|413.4;1;1;Convencional
IMD_45096;León|N-6|413.4|414.3;0;0;Convencional
IMD_45097;León|N-6|414.3|417;0;0;Convencional
IMD_45098;León|N-6|417|418.5;0;0;Convencional
IMD_45099;León|N-6|418.5|418.8;0;0;Convencional
IMD_45100;León|N-6|418.8|418.9;0;0;Convencional
IMD_45101;León|N-6|418.9|419.3;0;0;Convencional
IMD_45102;León|N-6|419.3|422.8;0;0;Convencional
IMD_45103;León|N-6|422.8|423.4;0;0;Convencional
IMD_45104;León|N-6|429.1|430.4;0;0;Convencional
IMD_45105;León|N-6|430.4|432.09;0;0;Convencional
IMD_45106;Lugo|N-6|432.09|432.5;0;0;Convencional
IMD_45107;Lugo|N-6|432.5|432.8;0;0;Convencional
IMD_45108;Lugo|N-6|432.8|433.3;0;0;Convencional
IMD_45109;Lugo|N-6|433.3|435.2;0;0;Convencional
IMD_45110;Lugo|N-6|435.2|441.1;0;0;Convencional
IMD_45111;Lugo|N-6|441.1|441.4;0;0;Convencional
IMD_45112;Lugo|N-6|441.4|449.8;0;0;Convencional
IMD_45113;Lugo|N-6|449.8|454.2;0;0;Convencional
IMD_45114;Lugo|N-6|454.2|457;0;0;Convencional
IMD_45115;Lugo|N-6|457|458.7;0;0;Convencional
IMD_45116;Lugo|N-6|458.7|459.3;0;0;Convencional
IMD_45117;Lugo|N-6|459.3|461.3;0;0;Convencional
IMD_45118;Lugo|N-6|461.3|461.7;0;0;Convencional
IMD_45119;Lugo|N-6|461.7|462;0;0;Convencional
IMD_45120;Lugo|N-6|462|470.4;1;1;Convencional
IMD_45121;Lugo|N-6|470.4|470.7;1;1;Convencional
IMD_45122;Lugo|N-6|470.7|474.4;1;1;Convencional
IMD_45123;Lugo|N-6|474.4|479;0;0;Convencional
IMD_45124;Lugo|N-6|479|481.7;0;0;Convencional
IMD_45125;Lugo|N-6|481.7|484.6;1;1;Convencional
IMD_45126;Lugo|N-6|484.6|485.6;0;0;Convencional
IMD_45127;Lugo|N-6|485.6|488.9;1;1;Convencional
IMD_45128;Lugo|N-6|488.9|490.6;1;1;Convencional
IMD_45129;Lugo|N-6|490.6|493.7;0;0;Convencional
IMD_45130;Lugo|N-6|493.7|494.1;0;0;Convencional
IMD_45131;Lugo|N-6|494.1|494.4;0;0;Convencional
IMD_45132;Lugo|N-6|494.4|495.18;0;0;Convencional
IMD_45133;Lugo|N-6|498.17|500;0;0;Convencional
IMD_45134;Lugo|N-6|501.95|502.2;0;0;Convencional
IMD_45135;Lugo|N-6|502.2|504.4;0;0;Convencional
IMD_45136;Lugo|N-6|504.4|507.2;1;1;Multicarril
IMD_45137;Lugo|N-6|507.2|513.7;2;1;Convencional
IMD_45138;Lugo|N-6|513.7|514.5;0;0;Multicarril
IMD_45139;Lugo|N-6|514.5|515.4;0;0;Convencional
IMD_45140;Lugo|N-6|515.4|516.3;1;1;Convencional
IMD_45141;Lugo|N-6|516.3|516.5;0;0;Convencional
IMD_45142;Lugo|N-6|516.5|519.7;0;0;Convencional
IMD_45143;Lugo|N-6|519.7|523.4;0;0;Convencional
IMD_45144;Lugo|N-6|523.4|523.9;2;1;Convencional
IMD_45145;Lugo|N-6|523.9|528.8;0;0;Convencional
IMD_45146;Lugo|N-6|528.8|535.2;0;0;Convencional
IMD_45147;Lugo|N-6|535.2|536.9;1;1;Convencional
IMD_45148;Lugo|N-6|536.9|540.8;0;0;Convencional
IMD_45149;Lugo|N-6|540.8|546.45;1;1;Convencional
IMD_45150;A Coruña|N-6|546.45|552.2;1;1;Convencional
IMD_45151;A Coruña|N-6|552.2|555.5;1;1;Convencional
IMD_45152;A Coruña|N-6|555.5|562.9;2;1;Convencional
IMD_45153;A Coruña|N-6|562.9|564.2;0;0;Convencional
IMD_45154;A Coruña|N-6|564.2|566.7;1;1;Convencional
IMD_45155;A Coruña|N-6|566.7|568.3;1;1;Convencional
IMD_45156;A Coruña|N-6|568.3|568.9;0;0;Convencional
IMD_45157;A Coruña|N-6|568.9|570.3;1;1;Convencional
IMD_45158;A Coruña|N-6|570.3|573.7;0;0;Convencional
IMD_45159;A Coruña|N-6|573.7|574.9;2;1;Convencional
IMD_45160;A Coruña|N-6|574.9|575.3;0;0;Convencional
IMD_45161;A Coruña|N-6|575.3|576.2;0;0;Convencional
IMD_45162;A Coruña|N-6|576.2|576.6;0;0;Multicarril
IMD_45163;A Coruña|N-6|576.6|576.8;0;0;Multicarril
IMD_45164;A Coruña|N-6|576.8|578.2;0;0;Convencional
IMD_45165;A Coruña|N-6|578.2|579;0;0;Convencional
IMD_45166;A Coruña|N-6|579|579.4;1;1;Convencional
IMD_45167;A Coruña|N-6|579.4|579.6;0;0;Convencional
IMD_45168;A Coruña|N-6|579.6|580;1;1;Convencional
IMD_45169;A Coruña|N-6|580|581.6;0;0;Convencional
IMD_45170;A Coruña|N-6|581.6|583.3;2;1;Convencional
IMD_45171;A Coruña|N-6|583.3|584;1;1;Convencional
IMD_45172;A Coruña|N-6|584|585.7;4;1;Convencional
IMD_45173;A Coruña|N-6|585.7|586.22;2;1;Convencional
IMD_45174;Ávila|N-601|108.5|111.55;0;0;Convencional
IMD_45175;Segovia|N-601|111.55|112.7;0;0;Convencional
IMD_45176;Segovia|N-601|112.7|113.787;1;1;Convencional
IMD_45177;Segovia|N-601|113.787|114.9;0;0;Convencional
IMD_45178;Segovia|N-601|114.9|121.4;0;0;Convencional
IMD_45179;Segovia|N-601|121.4|128.3;0;0;Convencional
IMD_45180;Segovia|N-601|128.3|132.7;0;0;Convencional
IMD_45181;Segovia|N-601|132.7|135.4;0;0;Convencional
IMD_45182;Segovia|N-601|135.4|135.61;0;0;Convencional
IMD_45183;Valladolid|N-601|135.61|137.2;0;0;Convencional
IMD_45184;Valladolid|N-601|137.2|140.2;0;0;Convencional
IMD_45185;Valladolid|N-601|140.2|141.7;0;0;Convencional
IMD_45186;Valladolid|N-601|141.7|142;0;0;Convencional
IMD_45187;Valladolid|N-601|142|148.2;1;1;Convencional
IMD_45188;Valladolid|N-601|148.2|148.3;0;0;Convencional
IMD_45189;Valladolid|N-601|148.3|155.2;0;0;Convencional
IMD_45190;Valladolid|N-601|155.2|157.4;1;1;Convencional
IMD_45191;Valladolid|N-601|157.4|165;3;1;Convencional
IMD_45192;Valladolid|N-601|165|165.3;0;0;Convencional
IMD_45193;Valladolid|N-601|165.3|166.4;0;0;Convencional
IMD_45194;Valladolid|N-601|166.4|170.1;0;0;Convencional
IMD_45195;Valladolid|N-601|170.1|174.1;2;1;Convencional
IMD_45196;Valladolid|N-601|174.1|175.6;0;0;Convencional
IMD_45197;Valladolid|N-601|175.6|177;0;0;Autovía
IMD_45198;Valladolid|N-601|177|180.38;2;1;Autovía
IMD_45199;Valladolid|N-601|180.38|184.7;3;1;Autovía
IMD_45200;Valladolid|N-601|184.7|186.14;1;1;Multicarril
IMD_45201;Valladolid|N-601|193.87|195.7;1;1;Multicarril
IMD_45202;Valladolid|N-601|195.7|199.7;1;1;Convencional
IMD_45203;Valladolid|N-601|199.7|201.7;1;1;Convencional
IMD_45204;Valladolid|N-601|202.2|204.7;1;1;Convencional
IMD_45205;Valladolid|N-601|204.7|212.4;0;0;Convencional
IMD_45206;Valladolid|N-601|212.4|218.3;0;0;Convencional
IMD_45207;Valladolid|N-601|218.3|230.2;2;1;Convencional
IMD_45208;Valladolid|N-601|230.2|231.6;0;0;Convencional
IMD_45209;Valladolid|N-601|231.6|232.1;0;0;Convencional
IMD_45210;Valladolid|N-601|232.1|232.8;0;0;Convencional
IMD_45211;Valladolid|N-601|232.8|233;0;0;Convencional
IMD_45212;Valladolid|N-601|233|233.2;0;0;Convencional
IMD_45213;Valladolid|N-601|233.2|233.7;0;0;Convencional
IMD_45214;Valladolid|N-601|233.7|236.2;0;0;Convencional
IMD_45215;Valladolid|N-601|236.2|240.8;0;0;Convencional
IMD_45216;Valladolid|N-601|240.8|245;1;1;Convencional
IMD_45217;Valladolid|N-601|245|251.7;0;0;Convencional
IMD_45218;Valladolid|N-601|251.7|251.8;0;0;Convencional
IMD_45219;Valladolid|N-601|251.8|256.3;0;0;Convencional
IMD_45220;Valladolid|N-601|256.3|259.3;0;0;Convencional
IMD_45221;Valladolid|N-601|259.3|260.2;0;0;Convencional
IMD_45222;Valladolid|N-601|260.2|261.2;1;1;Convencional
IMD_45223;Valladolid|N-601|261.2|269.2;1;1;Convencional
IMD_45224;Valladolid|N-601|269.2|270.6;0;0;Convencional
IMD_45225;Valladolid|N-601|270.6|274.98;0;0;Convencional
IMD_45226;León|N-601|274.98|276.1;0;0;Convencional
IMD_45227;León|N-601|276.1|279.1;0;0;Convencional
IMD_45228;León|N-601|279.1|279.3;0;0;Convencional
IMD_45229;León|N-601|279.3|285.697;0;0;Convencional
IMD_45230;León|N-601|285.697|288.2;0;0;Convencional
IMD_45231;León|N-601|288.2|292;1;1;Convencional
IMD_45232;León|N-601|292|292.2;0;0;Convencional
IMD_45233;León|N-601|292.2|297.5;1;1;Convencional
IMD_45234;León|N-601|297.5|298.4;0;0;Convencional
IMD_45235;León|N-601|298.4|300.6;0;0;Convencional
IMD_45236;León|N-601|300.6|302.1;0;0;Convencional
IMD_45237;León|N-601|302.1|304.1;0;0;Convencional
IMD_45238;León|N-601|304.1|305;0;0;Convencional
IMD_45239;León|N-601|305|308.4;1;1;Convencional
IMD_45240;León|N-601|308.4|309;0;0;Convencional
IMD_45241;León|N-601|309|310.5;0;0;Convencional
IMD_45242;León|N-601|310.5|310.8;0;0;Convencional
IMD_45243;León|N-601|310.8|314.9;1;1;Convencional
IMD_45244;León|N-601|314.9|315.5;0;0;Convencional
IMD_45245;León|N-601|315.5|315.8;0;0;Convencional
IMD_45246;León|N-601|315.8|317;1;1;Convencional
IMD_45247;León|N-601|317|318.3;0;0;Convencional
IMD_45248;León|N-601|318.3|318.6;0;0;Convencional
IMD_45249;León|N-601|318.6|320.9;0;0;Convencional
IMD_45250;León|N-601|320.9|322.1;0;0;Convencional
IMD_45251;León|N-601|322.1|323;0;0;Multicarril
IMD_45252;León|N-601|323|325.3;0;0;Multicarril
IMD_45253;Segovia|N-603|62.42|64.1;1;1;Convencional
IMD_45254;Segovia|N-603|64.1|68.2;3;1;Convencional
IMD_45255;Segovia|N-603|68.2|72.6;2;1;Convencional
IMD_45256;Segovia|N-603|72.6|74.8;0;0;Convencional
IMD_45257;Segovia|N-603|74.8|78;0;0;Convencional
IMD_45258;Segovia|N-603|78|78.7;0;0;Convencional
IMD_45259;Segovia|N-603|78.7|81;0;0;Convencional
IMD_45260;Segovia|N-603|81|88.7;3;1;Convencional
IMD_45261;Segovia|N-603|88.7|91.5;1;1;Convencional
IMD_45262;Palencia|N-610|7.17|12.1;0;0;Convencional
IMD_45263;Palencia|N-610|12.1|16.5;0;0;Convencional
IMD_45264;Palencia|N-610|16.5|22;0;0;Convencional
IMD_45265;Palencia|N-610|22|25.5;0;0;Convencional
IMD_45266;Palencia|N-610|25.5|26.5;0;0;Convencional
IMD_45267;Palencia|N-610|26.5|32.2;0;0;Convencional
IMD_45268;Palencia|N-610|32.2|36.05;0;0;Convencional
IMD_45269;Valladolid|N-610|36.05|38.5;0;0;Convencional
IMD_45270;Valladolid|N-610|38.5|44.8;2;1;Convencional
IMD_45271;Valladolid|N-610|44.8|45.3;0;0;Convencional
IMD_45272;Valladolid|N-610|45.3|53.1;1;1;Convencional
IMD_45273;Valladolid|N-610|53.1|59.75;0;0;Convencional
IMD_45274;Valladolid|N-610|60.98|61.3;0;0;Convencional
IMD_45275;Valladolid|N-610|61.3|71.3;0;0;Convencional
IMD_45276;Valladolid|N-610|71.3|74.67;0;0;Convencional
IMD_45277;Zamora|N-610|74.67|77.1;1;1;Convencional
IMD_45278;Zamora|N-610|77.1|81.5;1;1;Convencional
IMD_45279;Zamora|N-610|81.5|83.46;0;0;Convencional
IMD_45280;Valladolid|N-610|83.46|85;0;0;Convencional
IMD_45281;Valladolid|N-610|85|87.79;0;0;Convencional
IMD_45282;Zamora|N-610|87.79|93.2;0;0;Convencional
IMD_45283;Zamora|N-610|93.2|99.09;0;0;Convencional
IMD_45284;Palencia|N-610A|1.2|6.25;1;1;Convencional
IMD_45285;Palencia|N-611|13.66|20.5;1;1;Convencional
IMD_45286;Palencia|N-611|20.5|21.3;0;0;Convencional
IMD_45287;Palencia|N-611|21.3|22.6;0;0;Convencional
IMD_45288;Palencia|N-611|22.6|24.2;0;0;Convencional
IMD_45289;Palencia|N-611|24.2|28.9;1;1;Convencional
IMD_45290;Palencia|N-611|28.9|31.3;1;1;Convencional
IMD_45291;Palencia|N-611|31.3|34.5;0;0;Convencional
IMD_45292;Palencia|N-611|34.5|39.3;0;0;Convencional
IMD_45293;Palencia|N-611|39.3|40;0;0;Convencional
IMD_45294;Palencia|N-611|40|42.2;0;0;Convencional
IMD_45295;Palencia|N-611|42.2|51.9;2;1;Convencional
IMD_45296;Palencia|N-611|51.9|56.5;0;0;Convencional
IMD_45297;Palencia|N-611|56.5|57.3;0;0;Convencional
IMD_45298;Palencia|N-611|57.3|57.7;0;0;Convencional
IMD_45299;Palencia|N-611|57.7|59.7;0;0;Convencional
IMD_45300;Palencia|N-611|59.7|59.9;0;0;Convencional
IMD_45301;Palencia|N-611|59.9|68.9;1;1;Convencional
IMD_45302;Palencia|N-611|68.9|69.2;0;0;Convencional
IMD_45303;Palencia|N-611|69.2|74.1;0;0;Convencional
IMD_45304;Palencia|N-611|74.1|81.7;0;0;Convencional
IMD_45305;Palencia|N-611|81.7|89.4;0;0;Convencional
IMD_45306;Palencia|N-611|89.4|89.7;0;0;Convencional
IMD_45307;Palencia|N-611|89.7|97.3;0;0;Convencional
IMD_45308;Palencia|N-611|97.3|101.4;0;0;Convencional
IMD_45309;Palencia|N-611|101.4|102.4;0;0;Convencional
IMD_45310;Palencia|N-611|102.4|104.4;0;0;Convencional
IMD_45311;Palencia|N-611|104.4|107.5;0;0;Convencional
IMD_45312;Palencia|N-611|107.5|108;1;1;Convencional
IMD_45313;Palencia|N-611|108|111.1;2;1;Convencional
IMD_45314;Palencia|N-611|111.1|112;0;0;Convencional
IMD_45315;Palencia|N-611|112|115.5;0;0;Convencional
IMD_45316;Palencia|N-611|115.5|120.3;0;0;Convencional
IMD_45317;Palencia|N-611|120.3|120.96;0;0;Convencional
IMD_45318;Cantabria|N-611|120.96|121.2;0;0;Convencional
IMD_45319;Cantabria|N-611|121.2|126.5;0;0;Convencional
IMD_45320;Cantabria|N-611|126.5|127.3;0;0;Convencional
IMD_45321;Cantabria|N-611|127.3|130.6;0;0;Convencional
IMD_45322;Cantabria|N-611|130.6|135.4;1;1;Convencional
IMD_45323;Cantabria|N-611|135.665|137.1;0;0;Convencional
IMD_45324;Cantabria|N-611|139.62|140.2;0;0;Convencional
IMD_45325;Cantabria|N-611|140.2|146.2;1;1;Convencional
IMD_45326;Cantabria|N-611|146.2|149;0;0;Convencional
IMD_45327;Cantabria|N-611|149|149.4;1;1;Convencional
IMD_45328;Cantabria|N-611|149.4|150;0;0;Convencional
IMD_45329;Cantabria|N-611|150|156.2;0;0;Convencional
IMD_45330;Cantabria|N-611|156.2|160;0;0;Convencional
IMD_45331;Cantabria|N-611|160|161.6;0;0;Convencional
IMD_45332;Cantabria|N-611|161.6|162.6;0;0;Convencional
IMD_45333;Cantabria|N-611|162.6|163.8;0;0;Convencional
IMD_45334;Cantabria|N-611|163.8|168.8;1;1;Convencional
IMD_45335;Cantabria|N-611|168.8|172.2;1;1;Convencional
IMD_45336;Cantabria|N-611|176.2|179;0;0;Convencional
IMD_45337;Cantabria|N-611|179|180.1;2;1;Convencional
IMD_45338;Cantabria|N-611|187.1|187.9;0;0;Convencional
IMD_45339;Cantabria|N-611|187.9|189.7;0;0;Convencional
IMD_45340;Cantabria|N-611|189.7|196.3;2;1;Convencional
IMD_45341;Cantabria|N-611|196.3|196.7;1;1;Convencional
IMD_45342;Cantabria|N-611|196.7|197.6;3;1;Convencional
IMD_45343;Cantabria|N-611|197.6|198.3;2;1;Convencional
IMD_45344;Cantabria|N-611|198.3|200.7;2;1;Convencional
IMD_45345;Cantabria|N-611|200.7|201.7;0;0;Convencional
IMD_45346;Cantabria|N-611|201.7|201.9;0;0;Convencional
IMD_45347;Cantabria|N-611|201.9|202.8;0;0;Convencional
IMD_45348;Cantabria|N-611|202.8|203;0;0;Convencional
IMD_45349;Cantabria|N-611|203|204.1;0;0;Convencional
IMD_45350;Cantabria|N-611|204.1|205.4;0;0;Convencional
IMD_45351;Cantabria|N-611|205.4|207;0;0;Convencional
IMD_45352;Cantabria|N-611|207|208.2;0;0;Convencional
IMD_45353;Cantabria|N-611|208.2|208.632;0;0;Convencional
IMD_45354;Palencia|N-611A|111.97|113.6;0;0;Convencional
IMD_45355;Palencia|N-611A|113.6|116.3;0;0;Convencional
IMD_45356;Cantabria|N-611A|129.025|129.425;0;0;Convencional
IMD_45357;Cantabria|N-611A|131.65|131.95;0;0;Convencional
IMD_45358;Palencia|N-620|42.13|43.5;0;0;Convencional
IMD_45359;Palencia|N-620|43.5|44.86;0;0;Convencional
IMD_45360;Palencia|N-620|75.7|78.1;0;0;Convencional
IMD_45361;Palencia|N-620|78.1|80.9;1;1;Convencional
IMD_45362;Palencia|N-620|80.9|85.053;0;0;Convencional
IMD_45363;Palencia|N-620|85.053|87.347;0;0;Convencional
IMD_45364;Valladolid|N-620|156.65|158.4;0;0;Convencional
IMD_45365;Valladolid|N-620|158.4|163.3;0;0;Convencional
IMD_45366;Valladolid|N-620|163.3|167.6;0;0;Convencional
IMD_45367;Valladolid|N-620|167.6|177.5;0;0;Convencional
IMD_45368;Valladolid|N-620|177.5|181;0;0;Convencional
IMD_45369;Valladolid|N-620|181|182.1;1;1;Convencional
IMD_45370;Valladolid|N-620|182.1|182.4;0;0;Convencional
IMD_45371;Valladolid|N-620|182.4|183.9;0;0;Convencional
IMD_45372;Valladolid|N-620|183.9|193;2;1;Convencional
IMD_45373;Zamora|N-620|193|195.4;0;0;Convencional
IMD_45374;Zamora|N-620|195.4|199.9;0;0;Convencional
IMD_45375;Zamora|N-620|199.9|203.3;0;0;Convencional
IMD_45376;Zamora|N-620|203.3|205.9;0;0;Convencional
IMD_45377;Zamora|N-620|205.9|206.14;0;0;Convencional
IMD_45378;Salamanca|N-620|206.14|209.1;0;0;Convencional
IMD_45379;Salamanca|N-620|209.1|215.5;1;1;Convencional
IMD_45380;Salamanca|N-620|215.5|217.6;0;0;Convencional
IMD_45381;Salamanca|N-620|217.6|222.4;0;0;Convencional
IMD_45382;Salamanca|N-620|222.4|222.8;0;0;Convencional
IMD_45383;Salamanca|N-620|222.8|228.5;0;0;Convencional
IMD_45384;Salamanca|N-620|228.5|232.6;0;0;Convencional
IMD_45385;Salamanca|N-620|244.35|244.8;1;1;Convencional
IMD_45386;Salamanca|N-620|244.8|245.4;0;0;Convencional
IMD_45387;Salamanca|N-620|245.4|249.3;0;0;Convencional
IMD_45388;Salamanca|N-620|249.3|252.8;0;0;Convencional
IMD_45389;Salamanca|N-620|252.8|255.9;0;0;Convencional
IMD_45390;Salamanca|N-620|255.9|259.8;0;0;Convencional
IMD_45391;Salamanca|N-620|259.8|266.8;0;0;Convencional
IMD_45392;Salamanca|N-620|266.8|269.2;0;0;Convencional
IMD_45393;Salamanca|N-620|269.2|273.2;0;0;Convencional
IMD_45394;Salamanca|N-620|273.2|278.3;0;0;Convencional
IMD_45395;Salamanca|N-620|278.3|279.9;0;0;Convencional
IMD_45396;Salamanca|N-620|279.9|285.7;0;0;Convencional
IMD_45397;Salamanca|N-620|285.7|291.2;0;0;Convencional
IMD_45398;Salamanca|N-620|291.2|292.5;0;0;Convencional
IMD_45399;Salamanca|N-620|292.5|300;0;0;Convencional
IMD_45400;Salamanca|N-620|300|306.36;0;0;Convencional
IMD_45401;Salamanca|N-620|308.77|312.9;0;0;Convencional
IMD_45402;Salamanca|N-620|312.9|322.35;0;0;Convencional
IMD_45403;Salamanca|N-620|328.249|335.7;0;0;Convencional
IMD_45404;Salamanca|N-620|335.7|340.7;0;0;Convencional
IMD_45405;Salamanca|N-620|340.7|348.6;0;0;Convencional
IMD_45406;Salamanca|N-620|348.6|350.53;0;0;Convencional
IMD_45407;Burgos|N-620A|6.5|12.15;0;0;Convencional
IMD_45408;Burgos|N-620A|20.7|21.5;0;0;Convencional
IMD_45409;Burgos|N-620A|21.5|21.6;0;0;Convencional
IMD_45410;Burgos|N-620A|21.6|22.56;0;0;Convencional
IMD_45411;Burgos|N-620A|24.25|25.64;0;0;Convencional
IMD_45412;Burgos|N-620A|30|32.1;0;0;Convencional
IMD_45413;Burgos|N-620A|32.1|33.16;0;0;Convencional
IMD_45414;Salamanca|N-620A|232.2|233;0;0;Multicarril
IMD_45415;Salamanca|N-620A|325.43|326.3;0;0;Convencional
IMD_45416;Salamanca|N-620A|326.3|328.2;0;0;Convencional
IMD_45417;Salamanca|N-620A|328.2|328.35;0;0;Convencional
IMD_45418;León|N-621|8.76|9;0;0;Convencional
IMD_45419;León|N-621|9|14.7;1;1;Convencional
IMD_45420;León|N-621|14.7|24.2;0;0;Convencional
IMD_45421;León|N-621|24.2|25.2;0;0;Convencional
IMD_45422;León|N-621|25.2|25.5;0;0;Convencional
IMD_45423;León|N-621|62.13|63.4;1;1;Convencional
IMD_45424;León|N-621|63.4|65;0;0;Convencional
IMD_45425;León|N-621|65|65.7;0;0;Convencional
IMD_45426;León|N-621|65.7|66.1;0;0;Convencional
IMD_45427;León|N-621|66.1|67.1;0;0;Convencional
IMD_45428;León|N-621|67.1|71;0;0;Convencional
IMD_45429;León|N-621|71|74.3;0;0;Convencional
IMD_45430;León|N-621|74.3|75.3;0;0;Convencional
IMD_45431;León|N-621|75.3|75.5;0;0;Convencional
IMD_45432;León|N-621|75.5|78.7;0;0;Convencional
IMD_45433;León|N-621|78.7|81;0;0;Convencional
IMD_45434;León|N-621|81|88.4;3;1;Convencional
IMD_45435;León|N-621|88.4|93.7;1;1;Convencional
IMD_45436;León|N-621|93.7|101;2;1;Convencional
IMD_45437;León|N-621|101|112.2;0;0;Convencional
IMD_45438;León|N-621|112.2|121.65;3;1;Convencional
IMD_45439;León|N-621|121.65|121.7;0;0;Convencional
IMD_45440;Cantabria|N-621|121.7|135.9;2;1;Convencional
IMD_45441;Cantabria|N-621|135.9|138.1;0;0;Convencional
IMD_45442;Cantabria|N-621|138.1|140.6;2;1;Convencional
IMD_45443;Cantabria|N-621|140.6|141;0;0;Convencional
IMD_45444;Cantabria|N-621|141|148.1;0;0;Convencional
IMD_45445;Cantabria|N-621|148.1|149;0;0;Convencional
IMD_45446;Cantabria|N-621|149|150.7;0;0;Convencional
IMD_45447;Cantabria|N-621|150.7|151.1;0;0;Convencional
IMD_45448;Cantabria|N-621|151.1|156.3;0;0;Convencional
IMD_45449;Cantabria|N-621|156.3|163.7;1;1;Convencional
IMD_45450;Cantabria|N-621|163.7|165.99;1;1;Convencional
IMD_45451;Asturias|N-621|165.99|176;2;1;Convencional
IMD_45452;Asturias|N-621|176|179;1;1;Convencional
IMD_45453;Asturias|N-621|179|182.55;1;1;Convencional
IMD_45454;Cantabria|N-621|182.55|183.3;0;0;Convencional
IMD_45455;Cantabria|N-621|183.3|186;0;0;Convencional
IMD_45456;Cantabria|N-621|186|186.4;0;0;Convencional
IMD_45457;Cantabria|N-621|186.4|188.9;0;0;Convencional
IMD_45458;Cantabria|N-621A|182.5|186.4;0;0;Convencional
IMD_45459;Burgos|N-622|47.85|48.5;0;0;Convencional
IMD_45460;Burgos|N-622|48.5|52;0;0;Convencional
IMD_45461;Burgos|N-622|52|57.2;2;1;Convencional
IMD_45462;Burgos|N-622|57.2|62.8;0;0;Convencional
IMD_45463;Burgos|N-622|62.8|68.8;0;0;Convencional
IMD_45464;Burgos|N-622|68.8|73.09;0;0;Convencional
IMD_45465;Palencia|N-622|73.09|73.7;0;0;Convencional
IMD_45466;Palencia|N-622|73.7|73.84;0;0;Convencional
IMD_45467;Burgos|N-622|73.84|77;0;0;Convencional
IMD_45468;Burgos|N-622|77|78.9;0;0;Convencional
IMD_45469;Burgos|N-622|78.9|79.85;0;0;Convencional
IMD_45470;Palencia|N-622|79.85|82.7;0;0;Convencional
IMD_45471;Palencia|N-622|82.7|85.5;0;0;Convencional
IMD_45472;Palencia|N-622|85.5|87.3;0;0;Convencional
IMD_45473;Palencia|N-622|87.3|88;0;0;Convencional
IMD_45474;Palencia|N-622|88|89;0;0;Convencional
IMD_45475;Palencia|N-622|89|89.23;0;0;Convencional
IMD_45476;Burgos|N-622A|77.05|78.91;0;0;Convencional
IMD_45477;Burgos|N-623|4|5.9;0;0;Convencional
IMD_45478;Burgos|N-623|5.9|8.1;0;0;Convencional
IMD_45479;Burgos|N-623|8.1|11.5;0;0;Convencional
IMD_45480;Burgos|N-623|11.5|12.4;0;0;Convencional
IMD_45481;Burgos|N-623|12.4|13.838;0;0;Convencional
IMD_45482;Burgos|N-623|14.925|16.8;0;0;Convencional
IMD_45483;Burgos|N-623|16.8|19;0;0;Convencional
IMD_45484;Burgos|N-623|19|20.3;1;1;Convencional
IMD_45485;Burgos|N-623|20.3|33.6;1;1;Convencional
IMD_45486;Burgos|N-623|33.6|36;0;0;Convencional
IMD_45487;Burgos|N-623|36|46.1;2;1;Convencional
IMD_45488;Burgos|N-623|46.1|49.2;0;0;Convencional
IMD_45489;Burgos|N-623|49.2|52.6;3;1;Convencional
IMD_45490;Burgos|N-623|52.6|56.8;0;0;Convencional
IMD_45491;Burgos|N-623|56.8|60.5;1;1;Convencional
IMD_45492;Burgos|N-623|60.5|62.9;0;0;Convencional
IMD_45493;Burgos|N-623|62.9|66.3;0;0;Convencional
IMD_45494;Burgos|N-623|66.3|70.5;0;0;Convencional
IMD_45495;Burgos|N-623|70.5|72.7;0;0;Convencional
IMD_45496;Burgos|N-623|72.7|75;0;0;Convencional
IMD_45497;Burgos|N-623|75|77.9;0;0;Convencional
IMD_45498;Burgos|N-623|77.9|79.2;0;0;Convencional
IMD_45499;Burgos|N-623|79.2|81.3;0;0;Convencional
IMD_45500;Burgos|N-623|81.3|83.2;0;0;Convencional
IMD_45501;Burgos|N-623|83.2|85.8;1;1;Convencional
IMD_45502;Burgos|N-623|85.8|89;0;0;Convencional
IMD_45503;Burgos|N-623|89|90;0;0;Convencional
IMD_45504;Burgos|N-623|90|93;0;0;Convencional
IMD_45505;Cantabria|N-623|93|96.1;1;1;Convencional
IMD_45506;Cantabria|N-623|96.1|106.6;1;1;Convencional
IMD_45507;Cantabria|N-623|106.6|109.2;0;0;Convencional
IMD_45508;Cantabria|N-623|109.2|112.9;0;0;Convencional
IMD_45509;Cantabria|N-623|112.9|115.2;2;1;Convencional
IMD_45510;Cantabria|N-623|115.2|122.6;5;1;Convencional
IMD_45511;Cantabria|N-623|122.6|124.4;1;1;Convencional
IMD_45512;Cantabria|N-623|124.4|125.7;0;0;Convencional
IMD_45513;Cantabria|N-623|125.7|128.6;3;1;Convencional
IMD_45514;Cantabria|N-623|128.6|129.9;1;1;Convencional
IMD_45515;Cantabria|N-623|129.9|133.7;2;1;Convencional
IMD_45516;Cantabria|N-623|133.7|136.9;5;1;Convencional
IMD_45517;Cantabria|N-623|136.9|139.9;0;0;Convencional
IMD_45518;Cantabria|N-623|139.9|142.2;0;0;Convencional
IMD_45519;Cantabria|N-623|142.2|143;1;1;Convencional
IMD_45520;Cantabria|N-623|143|144.9;1;1;Convencional
IMD_45521;Cantabria|N-623|144.9|145.5;1;1;Convencional
IMD_45522;Cantabria|N-623|145.5|146.3;0;0;Convencional
IMD_45523;Cantabria|N-623|146.3|146.8;0;0;Convencional
IMD_45524;Cantabria|N-623|146.8|148.2;3;1;Convencional
IMD_45525;Cantabria|N-623|148.2|148.6;0;0;Multicarril
IMD_45526;Cantabria|N-623|148.6|149.8;0;0;Multicarril
IMD_45527;Cantabria|N-623|149.8|151.03;0;0;Convencional
IMD_45528;Cantabria|N-623|151.03|151.96;0;0;Multicarril
IMD_45529;Cantabria|N-623|151.96|152.42;0;0;Multicarril
IMD_45530;León|N-625|18.3|20.2;0;0;Convencional
IMD_45531;León|N-625|20.2|29.5;2;1;Convencional
IMD_45532;León|N-625|29.5|32.7;0;0;Convencional
IMD_45533;León|N-625|32.7|34;1;1;Convencional
IMD_45534;León|N-625|34|39.7;0;0;Convencional
IMD_45535;León|N-625|39.7|40.8;0;0;Convencional
IMD_45536;León|N-625|40.8|46.7;0;0;Convencional
IMD_45537;León|N-625|46.7|57.7;0;0;Convencional
IMD_45538;León|N-625|57.7|61.5;0;0;Convencional
IMD_45539;León|N-625|61.5|62.2;0;0;Convencional
IMD_45540;León|N-625|91.7|98.6;2;1;Convencional
IMD_45541;León|N-625|98.6|102.4;0;0;Convencional
IMD_45542;León|N-625|102.4|105.3;0;0;Convencional
IMD_45543;León|N-625|105.3|109.4;0;0;Convencional
IMD_45544;León|N-625|109.4|121.1;0;0;Convencional
IMD_45545;León|N-625|121.1|122.4;0;0;Convencional
IMD_45546;León|N-625|122.4|124.8;0;0;Convencional
IMD_45547;León|N-625|124.8|130;2;1;Convencional
IMD_45548;Asturias|N-625|130|134.2;0;0;Convencional
IMD_45549;Asturias|N-625|134.2|139.5;1;1;Convencional
IMD_45550;Asturias|N-625|139.5|144.7;1;1;Convencional
IMD_45551;Asturias|N-625|144.7|155.3;0;0;Convencional
IMD_45552;Asturias|N-625|155.3|156.1;0;0;Convencional
IMD_45553;Asturias|N-625|156.1|162.3;3;1;Convencional
IMD_45554;Burgos|N-627|19|28.3;1;1;Convencional
IMD_45555;Burgos|N-627|28.3|29.9;1;1;Convencional
IMD_45556;Burgos|N-627|29.9|31.7;0;0;Convencional
IMD_45557;Burgos|N-627|31.7|32.9;0;0;Convencional
IMD_45558;Burgos|N-627|32.9|37.7;0;0;Convencional
IMD_45559;Burgos|N-627|37.7|40.5;1;1;Convencional
IMD_45560;Burgos|N-627|40.5|47.3;0;0;Convencional
IMD_45561;Burgos|N-627|47.3|52.8;0;0;Convencional
IMD_45562;Burgos|N-627|52.8|54.3;0;0;Convencional
IMD_45563;Burgos|N-627|54.3|58.7;1;1;Convencional
IMD_45564;Burgos|N-627|58.7|59.7;0;0;Convencional
IMD_45565;Burgos|N-627|59.7|63;0;0;Convencional
IMD_45566;Burgos|N-627|63|63.8;0;0;Convencional
IMD_45567;Burgos|N-627|63.8|65.3;0;0;Convencional
IMD_45568;Burgos|N-627|65.3|66.9;0;0;Convencional
IMD_45569;Burgos|N-627|66.9|68;0;0;Convencional
IMD_45570;Burgos|N-627|68|68.1;0;0;Convencional
IMD_45571;Palencia|N-627|68.1|68.7;0;0;Convencional
IMD_45572;Palencia|N-627|68.7|70;0;0;Convencional
IMD_45573;Palencia|N-627|70|70.7;0;0;Convencional
IMD_45574;Palencia|N-627|70.7|72.1;0;0;Convencional
IMD_45575;Palencia|N-627|72.1|72.3;0;0;Convencional
IMD_45576;Palencia|N-627|72.3|74.4;1;1;Convencional
IMD_45577;Palencia|N-627|74.4|76.2;0;0;Convencional
IMD_45578;Palencia|N-627|76.2|78.161;0;0;Convencional
IMD_45579;Burgos|N-629|0|5.8;1;1;Convencional
IMD_45580;Burgos|N-629|5.8|7.1;1;1;Convencional
IMD_45581;Burgos|N-629|7.1|12.3;1;1;Convencional
IMD_45582;Burgos|N-629|12.3|13.9;0;0;Convencional
IMD_45583;Burgos|N-629|13.9|18.2;0;0;Convencional
IMD_45584;Burgos|N-629|18.2|18.9;0;0;Convencional
IMD_45585;Burgos|N-629|18.9|20.5;0;0;Convencional
IMD_45586;Burgos|N-629|20.5|23.8;3;1;Convencional
IMD_45587;Burgos|N-629|23.8|30.7;3;1;Convencional
IMD_45588;Burgos|N-629|30.7|32.2;1;1;Convencional
IMD_45589;Burgos|N-629|32.2|36;0;0;Convencional
IMD_45590;Burgos|N-629|36|37.2;0;0;Convencional
IMD_45591;Burgos|N-629|37.2|41.4;1;1;Convencional
IMD_45592;Burgos|N-629|41.4|42.2;0;0;Convencional
IMD_45593;Burgos|N-629|42.2|43.7;1;1;Convencional
IMD_45594;Burgos|N-629|43.7|48;0;0;Convencional
IMD_45595;Cantabria|N-629|48|53.3;2;1;Convencional
IMD_45596;Cantabria|N-629|53.3|57.9;0;0;Convencional
IMD_45597;Cantabria|N-629|57.9|60.85;0;0;Convencional
IMD_45598;Cantabria|N-629|64.54|67.1;0;0;Convencional
IMD_45599;Cantabria|N-629|67.1|69;1;1;Convencional
IMD_45600;Cantabria|N-629|69|72;3;1;Convencional
IMD_45601;Cantabria|N-629|72|72.5;0;0;Convencional
IMD_45602;Cantabria|N-629|72.5|74.2;0;0;Convencional
IMD_45603;Cantabria|N-629|74.2|76.3;0;0;Convencional
IMD_45604;Cantabria|N-629|76.3|80.6;1;1;Convencional
IMD_45605;Cantabria|N-629|80.6|84.1;0;0;Convencional
IMD_45606;Cantabria|N-629|84.1|86.6;1;1;Convencional
IMD_45607;Cantabria|N-629|86.6|86.9;1;1;Convencional
IMD_45608;Cantabria|N-629A|72.74|73.525;0;0;Convencional
IMD_45609;Asturias|N-630|29.45|30.2;0;0;Convencional
IMD_45610;Asturias|N-630|30.2|30.9;0;0;Convencional
IMD_45611;Asturias|N-630|30.9|31.3;0;0;Convencional
IMD_45612;Asturias|N-630|33.664|34;0;0;Convencional
IMD_45613;Asturias|N-630|34|34.8;0;0;Convencional
IMD_45614;Asturias|N-630|34.8|35.5;0;0;Convencional
IMD_45615;Asturias|N-630|35.5|35.7;1;1;Convencional
IMD_45616;Asturias|N-630|35.7|36.6;0;0;Convencional
IMD_45617;Asturias|N-630|36.6|38.7;1;1;Convencional
IMD_45618;Asturias|N-630|38.7|40.6;1;1;Convencional
IMD_45619;Asturias|N-630|40.6|43.4;2;1;Convencional
IMD_45620;Asturias|N-630|43.4|45.8;1;1;Convencional
IMD_45621;Asturias|N-630|45.8|48.09;1;1;Convencional
IMD_45622;Asturias|N-630|67.2|73;1;1;Convencional
IMD_45623;Asturias|N-630|73|74.2;0;0;Convencional
IMD_45624;Asturias|N-630|74.2|82.7;4;1;Convencional
IMD_45625;Asturias|N-630|82.7|87.11;1;1;Convencional
IMD_45626;León|N-630|87.11|87.6;0;0;Convencional
IMD_45627;León|N-630|87.6|93.6;0;0;Convencional
IMD_45628;León|N-630|93.6|95.9;0;0;Convencional
IMD_45629;León|N-630|95.9|98.3;0;0;Convencional
IMD_45630;León|N-630|98.3|99.1;0;0;Convencional
IMD_45631;León|N-630|99.1|105.4;0;0;Convencional
IMD_45632;León|N-630|105.4|110.6;3;1;Convencional
IMD_45633;León|N-630|110.6|112.7;1;1;Convencional
IMD_45634;León|N-630|112.7|114;1;1;Convencional
IMD_45635;León|N-630|114|115.2;0;0;Convencional
IMD_45636;León|N-630|115.2|119.6;1;1;Convencional
IMD_45637;León|N-630|119.6|122.034;3;1;Convencional
IMD_45638;León|N-630|122.034|130.155;0;0;Convencional
IMD_45639;León|N-630|130.155|143;5;1;Convencional
IMD_45640;León|N-630|152.971|155.189;1;1;Convencional
IMD_45641;León|N-630|155.189|157.5;0;0;Convencional
IMD_45642;León|N-630|157.5|157.7;0;0;Convencional
IMD_45643;León|N-630|157.7|159.1;0;0;Convencional
IMD_45644;León|N-630|159.1|163.9;0;0;Convencional
IMD_45645;León|N-630|163.9|167.8;0;0;Convencional
IMD_45646;León|N-630|167.8|168.8;0;0;Convencional
IMD_45647;León|N-630|168.8|177.4;0;0;Convencional
IMD_45648;León|N-630|177.4|181;0;0;Convencional
IMD_45649;León|N-630|181|185.8;0;0;Convencional
IMD_45650;León|N-630|185.8|186.9;0;0;Convencional
IMD_45651;León|N-630|186.9|197.5;0;0;Convencional
IMD_45652;León|N-630|197.5|200.5;0;0;Convencional
IMD_45653;León|N-630|200.5|202.5;0;0;Convencional
IMD_45654;León|N-630|202.5|204.1;0;0;Convencional
IMD_45655;Zamora|N-630|204.1|204.2;0;0;Convencional
IMD_45656;Zamora|N-630|204.2|205.3;0;0;Convencional
IMD_45657;Zamora|N-630|205.3|211.004;0;0;Convencional
IMD_45658;Zamora|N-630|211.004|213.6;1;1;Convencional
IMD_45659;Zamora|N-630|218.5|220.3;0;0;Convencional
IMD_45660;Zamora|N-630|220.3|228.8;0;0;Convencional
IMD_45661;Zamora|N-630|228.8|232.6;0;0;Convencional
IMD_45662;Zamora|N-630|232.6|233.3;0;0;Convencional
IMD_45663;Zamora|N-630|233.3|238.2;0;0;Convencional
IMD_45664;Zamora|N-630|238.2|241.1;0;0;Convencional
IMD_45665;Zamora|N-630|241.1|246.3;0;0;Convencional
IMD_45666;Zamora|N-630|246.3|247;0;0;Convencional
IMD_45667;Zamora|N-630|247|251.3;0;0;Convencional
IMD_45668;Zamora|N-630|251.3|251.4;0;0;Convencional
IMD_45669;Zamora|N-630|251.4|255.2;0;0;Convencional
IMD_45670;Zamora|N-630|255.2|255.6;0;0;Convencional
IMD_45671;Zamora|N-630|255.6|262.1;0;0;Convencional
IMD_45672;Zamora|N-630|262.1|268.5;0;0;Convencional
IMD_45673;Zamora|N-630|268.5|272.1;0;0;Convencional
IMD_45674;Zamora|N-630|272.1|272.471;0;0;Convencional
IMD_45675;Zamora|N-630|283.34|285.3;0;0;Convencional
IMD_45676;Zamora|N-630|285.3|288.3;0;0;Convencional
IMD_45677;Zamora|N-630|288.3|290;0;0;Convencional
IMD_45678;Zamora|N-630|290|294.8;0;0;Convencional
IMD_45679;Zamora|N-630|294.8|294.9;0;0;Convencional
IMD_45680;Zamora|N-630|294.9|295.2;0;0;Convencional
IMD_45681;Zamora|N-630|295.2|295.8;0;0;Convencional
IMD_45682;Zamora|N-630|295.8|306;0;0;Convencional
IMD_45683;Zamora|N-630|306|306.1;0;0;Convencional
IMD_45684;Zamora|N-630|306.1|307.9;0;0;Convencional
IMD_45685;Zamora|N-630|307.9|309.4;0;0;Convencional
IMD_45686;Salamanca|N-630|309.4|320.1;0;0;Convencional
IMD_45687;Salamanca|N-630|320.1|321;0;0;Convencional
IMD_45688;Salamanca|N-630|321|321.8;0;0;Convencional
IMD_45689;Salamanca|N-630|321.8|321.9;0;0;Convencional
IMD_45690;Salamanca|N-630|321.9|326.5;0;0;Convencional
IMD_45691;Salamanca|N-630|326.5|330.7;0;0;Convencional
IMD_45692;Salamanca|N-630|330.7|332;0;0;Convencional
IMD_45693;Salamanca|N-630|332|336;0;0;Convencional
IMD_45694;Salamanca|N-630|336|336.02;0;0;Convencional
IMD_45695;Salamanca|N-630|337.9|339.3;1;1;Convencional
IMD_45696;Salamanca|N-630|339.3|339.75;0;0;Multicarril
IMD_45697;Salamanca|N-630|339.75|340.55;0;0;Convencional
IMD_45698;Salamanca|N-630|340.55|341.7;0;0;Multicarril
IMD_45699;Salamanca|N-630|341.7|342.31;0;0;Multicarril
IMD_45700;Salamanca|N-630|342.31|343;0;0;Convencional
IMD_45701;Salamanca|N-630|343|346;2;1;Convencional
IMD_45702;Salamanca|N-630|346|346.8;0;0;Convencional
IMD_45703;Salamanca|N-630|346.8|348.2;1;1;Convencional
IMD_45704;Salamanca|N-630|348.2|351.7;0;0;Convencional
IMD_45705;Salamanca|N-630|351.7|355.1;0;0;Convencional
IMD_45706;Salamanca|N-630|355.1|358.7;1;1;Convencional
IMD_45707;Salamanca|N-630|358.7|359.9;0;0;Convencional
IMD_45708;Salamanca|N-630|359.9|363.2;0;0;Convencional
IMD_45709;Salamanca|N-630|363.2|371.4;0;0;Convencional
IMD_45710;Salamanca|N-630|371.4|373.1;0;0;Convencional
IMD_45711;Salamanca|N-630|373.1|374.1;1;1;Convencional
IMD_45712;Salamanca|N-630|374.1|375.5;0;0;Convencional
IMD_45713;Salamanca|N-630|375.5|379.9;0;0;Convencional
IMD_45714;Salamanca|N-630|379.9|382.1;0;0;Convencional
IMD_45715;Salamanca|N-630|382.1|386.3;0;0;Convencional
IMD_45716;Salamanca|N-630|386.3|387.9;0;0;Convencional
IMD_45717;Salamanca|N-630|423.49|423.6;0;0;Convencional
IMD_45718;Salamanca|N-630|423.6|425.08;0;0;Convencional
IMD_45719;Cáceres|N-630|425.08|426.1;0;0;Convencional
IMD_45720;Cáceres|N-630|426.1|427.5;0;0;Convencional
IMD_45721;Cáceres|N-630|427.5|432.6;1;1;Convencional
IMD_45722;Cáceres|N-630|432.6|435.8;0;0;Convencional
IMD_45723;Cáceres|N-630|435.8|436.9;0;0;Convencional
IMD_45724;Cáceres|N-630|438.775|442.5;0;0;Convencional
IMD_45725;Cáceres|N-630|442.5|443.5;0;0;Convencional
IMD_45726;Cáceres|N-630|443.5|445.2;0;0;Convencional
IMD_45727;Cáceres|N-630|445.2|448.4;3;1;Convencional
IMD_45728;Cáceres|N-630|448.4|454;0;0;Convencional
IMD_45729;Cáceres|N-630|454|454.4;0;0;Convencional
IMD_45730;Cáceres|N-630|454.4|461.6;0;0;Convencional
IMD_45731;Cáceres|N-630|461.6|461.9;0;0;Convencional
IMD_45732;Cáceres|N-630|461.9|468.5;2;1;Convencional
IMD_45733;Cáceres|N-630|468.5|470.6;0;0;Convencional
IMD_45734;Cáceres|N-630|470.6|474.5;1;1;Convencional
IMD_45735;Cáceres|N-630|474.5|475.768;0;0;Multicarril
IMD_45736;Cáceres|N-630|475.768|478.2;0;0;Convencional
IMD_45737;Cáceres|N-630|478.2|479.17;1;1;Convencional
IMD_45738;Cáceres|N-630|479.25|487.8;0;0;Convencional
IMD_45739;Cáceres|N-630|487.8|488.1;0;0;Convencional
IMD_45740;Cáceres|N-630|488.1|489.5;0;0;Convencional
IMD_45741;Cáceres|N-630|489.5|494.6;0;0;Convencional
IMD_45742;Cáceres|N-630|494.6|499.7;0;0;Convencional
IMD_45743;Cáceres|N-630|499.7|503.2;0;0;Convencional
IMD_45744;Cáceres|N-630|503.2|505.1;1;1;Convencional
IMD_45745;Cáceres|N-630|505.1|508.2;0;0;Convencional
IMD_45746;Cáceres|N-630|508.2|509.7;0;0;Convencional
IMD_45747;Cáceres|N-630|509.7|515.4;1;1;Convencional
IMD_45748;Cáceres|N-630|515.4|523;0;0;Convencional
IMD_45749;Cáceres|N-630|523|528.3;0;0;Convencional
IMD_45750;Cáceres|N-630|528.3|539.2;0;0;Convencional
IMD_45751;Cáceres|N-630|539.2|546.4;2;1;Convencional
IMD_45752;Cáceres|N-630|546.4|553;0;0;Multicarril
IMD_45753;Cáceres|N-630|553|554.6;0;0;Multicarril
IMD_45754;Cáceres|N-630|554.6|556.5;0;0;Multicarril
IMD_45755;Cáceres|N-630|556.5|563.6;0;0;Convencional
IMD_45756;Cáceres|N-630|563.6|564.1;0;0;Convencional
IMD_45757;Cáceres|N-630|564.1|565.3;1;1;Convencional
IMD_45758;Cáceres|N-630|565.3|575.6;1;1;Convencional
IMD_45759;Cáceres|N-630|575.6|576.3;0;0;Convencional
IMD_45760;Cáceres|N-630|576.3|582;0;0;Convencional
IMD_45761;Cáceres|N-630|582|590.6;0;0;Convencional
IMD_45762;Cáceres|N-630|590.6|592.7;0;0;Convencional
IMD_45763;Cáceres|N-630|592.7|598.145;0;0;Convencional
IMD_45764;Badajoz|N-630|598.145|604.6;0;0;Convencional
IMD_45765;Badajoz|N-630|604.6|606.1;0;0;Convencional
IMD_45766;Badajoz|N-630|606.1|608.9;0;0;Convencional
IMD_45767;Badajoz|N-630|608.9|613.5;0;0;Convencional
IMD_45768;Badajoz|N-630|613.5|617.4;0;0;Convencional
IMD_45769;Badajoz|N-630|617.4|618.46;0;0;Convencional
IMD_45770;Badajoz|N-630|618.46|618.88;0;0;Multicarril
IMD_45771;Badajoz|N-630|618.88|619.57;0;0;Convencional
IMD_45772;Badajoz|N-630|619.57|620.66;0;0;Multicarril
IMD_45773;Badajoz|N-630|625.2|626.4;0;0;Convencional
IMD_45774;Badajoz|N-630|626.4|629.7;0;0;Convencional
IMD_45775;Badajoz|N-630|629.7|635.4;3;1;Convencional
IMD_45776;Badajoz|N-630|635.4|640;2;1;Convencional
IMD_45777;Badajoz|N-630|640|640.1;0;0;Convencional
IMD_45778;Badajoz|N-630|640.1|647.4;1;1;Convencional
IMD_45779;Badajoz|N-630|652.89|653.2;0;0;Convencional
IMD_45780;Badajoz|N-630|653.2|657.2;4;1;Convencional
IMD_45781;Badajoz|N-630|657.2|659.5;0;0;Convencional
IMD_45782;Badajoz|N-630|659.5|664;0;0;Convencional
IMD_45783;Badajoz|N-630|664|665.3;1;1;Convencional
IMD_45784;Badajoz|N-630|665.3|666.2;0;0;Convencional
IMD_45785;Badajoz|N-630|666.2|670;0;0;Convencional
IMD_45786;Badajoz|N-630|670|675.4;1;1;Convencional
IMD_45787;Badajoz|N-630|675.4|677;0;0;Convencional
IMD_45788;Badajoz|N-630|677|677.5;0;0;Convencional
IMD_45789;Badajoz|N-630|677.5|681.5;0;0;Convencional
IMD_45790;Badajoz|N-630|681.5|684.2;0;0;Convencional
IMD_45791;Badajoz|N-630|684.2|685.6;0;0;Convencional
IMD_45792;Badajoz|N-630|685.6|687.925;1;1;Convencional
IMD_45793;Badajoz|N-630|687.925|689.5;0;0;Convencional
IMD_45794;Badajoz|N-630|698.72|701.6;0;0;Convencional
IMD_45795;Badajoz|N-630|701.6|702.1;0;0;Convencional
IMD_45796;Badajoz|N-630|702.1|702.5;0;0;Convencional
IMD_45797;Badajoz|N-630|702.5|702.7;0;0;Convencional
IMD_45798;Badajoz|N-630|702.7|715.9;3;1;Convencional
IMD_45799;Badajoz|N-630|715.9|719.1;1;1;Convencional
IMD_45800;Badajoz|N-630|719.1|722.8;0;0;Convencional
IMD_45801;Badajoz|N-630|722.8|729.7;0;0;Convencional
IMD_45802;Badajoz|N-630|729.7|730.1;0;0;Convencional
IMD_45803;Badajoz|N-630|730.1|730.4;0;0;Convencional
IMD_45804;Badajoz|N-630|730.4|738.4;0;0;Convencional
IMD_45805;Huelva|N-630|738.4|739.1;0;0;Convencional
IMD_45806;Huelva|N-630|739.1|739.8;0;0;Convencional
IMD_45807;Huelva|N-630|739.8|742.2;0;0;Convencional
IMD_45808;Huelva|N-630|742.2|744.31;0;0;Convencional
IMD_45809;Huelva|N-630|745.8|748.2;0;0;Convencional
IMD_45810;Huelva|N-630|748.2|757.85;0;0;Convencional
IMD_45811;Sevilla|N-630|757.85|763.7;0;0;Convencional
IMD_45812;Sevilla|N-630|763.7|768.075;0;0;Convencional
IMD_45813;Sevilla|N-630|769.615|774.398;0;0;Convencional
IMD_45814;Sevilla|N-630|774.398|780.5;3;1;Convencional
IMD_45815;Sevilla|N-630|780.5|782;1;1;Convencional
IMD_45816;Sevilla|N-630|782|788.65;3;1;Convencional
IMD_45817;Sevilla|N-630|790.56|794.8;0;0;Convencional
IMD_45818;Sevilla|N-630|794.8|798.764;2;1;Convencional
IMD_45819;Sevilla|N-630|798.764|798.8;0;0;Convencional
IMD_45820;Sevilla|N-630|798.8|801.35;4;1;Convencional
IMD_45821;Sevilla|N-630|801.35|805.2;3;1;Convencional
IMD_45822;Sevilla|N-630|805.2|805.73;1;1;Convencional
IMD_45823;Sevilla|N-630|808.6|809.25;1;1;Convencional
IMD_45824;Sevilla|N-630|809.25|810.875;1;1;Multicarril
IMD_45825;León|N-630A|142.51|142.9;0;0;Convencional
IMD_45826;Zamora|N-630A|306.1|306.7;0;0;Convencional
IMD_45827;Zamora|N-630A|306.7|308.2;0;0;Convencional
IMD_45828;Salamanca|N-630A|392|393.032;0;0;Convencional
IMD_45829;Salamanca|N-630A|397.976|398.5;0;0;Convencional
IMD_45830;Salamanca|N-630A|398.5|399.817;0;0;Convencional
IMD_45831;Salamanca|N-630A|403.577|408.2;0;0;Convencional
IMD_45832;Salamanca|N-630A|408.2|409;0;0;Convencional
IMD_45833;Salamanca|N-630A|409|410.5;2;1;Convencional
IMD_45834;Salamanca|N-630A|410.5|412.2;2;1;Convencional
IMD_45835;Salamanca|N-630A|412.2|413;0;0;Convencional
IMD_45836;Salamanca|N-630A|413|413.4;0;0;Convencional
IMD_45837;Salamanca|N-630A|413.4|414;0;0;Convencional
IMD_45838;Salamanca|N-630A|415|416.3;0;0;Convencional
IMD_45839;Salamanca|N-630A|416.3|423.49;0;0;Convencional
IMD_45840;Cáceres|N-630A|471.35|472.1;0;0;Convencional
IMD_45841;Cáceres|N-630A|472.1|472.395;0;0;Convencional
IMD_45842;Zamora|N-631|0|5;1;1;Convencional
IMD_45843;Zamora|N-631|5|6.9;0;0;Convencional
IMD_45844;Zamora|N-631|6.9|10.6;1;1;Convencional
IMD_45845;Zamora|N-631|10.6|15.1;0;0;Convencional
IMD_45846;Zamora|N-631|15.1|22.1;0;0;Convencional
IMD_45847;Zamora|N-631|22.1|22.6;0;0;Convencional
IMD_45848;Zamora|N-631|22.6|32.1;1;1;Convencional
IMD_45849;Zamora|N-631|32.1|34.2;0;0;Convencional
IMD_45850;Zamora|N-631|34.2|36.3;0;0;Convencional
IMD_45851;Zamora|N-631|36.3|47.5;0;0;Convencional
IMD_45852;Zamora|N-631|47.5|49.9;0;0;Convencional
IMD_45853;Zamora|N-631|49.9|51.6;0;0;Convencional
IMD_45854;Zamora|N-631|51.6|55.3;0;0;Convencional
IMD_45855;Zamora|N-631|55.3|56.68;1;1;Convencional
IMD_45856;Asturias|N-632|0|2.5;0;0;Convencional
IMD_45857;Asturias|N-632|2.5|4;3;1;Convencional
IMD_45858;Asturias|N-632|4|8.9;0;0;Convencional
IMD_45859;Asturias|N-632|8.9|9.3;0;0;Convencional
IMD_45860;Asturias|N-632|9.3|13.615;1;1;Convencional
IMD_45861;Asturias|N-632|31.208|36.5;1;1;Convencional
IMD_45862;Asturias|N-632|36.5|39.4;2;1;Convencional
IMD_45863;Asturias|N-632|39.4|42;0;0;Convencional
IMD_45864;Asturias|N-632|42|42.8;1;1;Convencional
IMD_45865;Asturias|N-632|42.8|43.2;0;0;Convencional
IMD_45866;Asturias|N-632|43.2|48.2;1;1;Convencional
IMD_45867;Asturias|N-632|48.2|53.7;0;0;Convencional
IMD_45868;Asturias|N-632|53.7|56.7;3;1;Convencional
IMD_45869;Asturias|N-632|56.7|59;2;1;Convencional
IMD_45870;Asturias|N-632|59|59.6;3;1;Convencional
IMD_45871;Asturias|N-632|59.6|63.3;1;1;Convencional
IMD_45872;Asturias|N-632|63.3|65;0;0;Convencional
IMD_45873;Asturias|N-632|95.61|99;3;1;Convencional
IMD_45874;Asturias|N-632|99|102.2;2;1;Convencional
IMD_45875;Asturias|N-632|102.2|106.8;2;1;Convencional
IMD_45876;Asturias|N-632|106.8|107.6;2;1;Convencional
IMD_45877;Asturias|N-632|107.6|109.6;0;0;Convencional
IMD_45878;Asturias|N-632|109.6|112.2;3;1;Convencional
IMD_45879;Asturias|N-632|112.2|114.1;1;1;Convencional
IMD_45880;Asturias|N-632|114.1|115.8;0;0;Convencional
IMD_45881;Asturias|N-632|115.8|117.3;0;0;Convencional
IMD_45882;Asturias|N-632|117.3|118.2;0;0;Convencional
IMD_45883;Asturias|N-632|118.2|123.8;2;1;Convencional
IMD_45884;Asturias|N-632|123.8|124;0;0;Convencional
IMD_45885;Asturias|N-632|124|124.8;1;1;Convencional
IMD_45886;Asturias|N-632|144.83|149.082;1;1;Convencional
IMD_45887;Asturias|N-632A|96.75|97;0;0;Multicarril
IMD_45888;Asturias|N-632A|97|97.25;0;0;Multicarril
IMD_45889;Asturias|N-632A|97.25|100.7;0;0;Convencional
IMD_45890;Asturias|N-632A|124.812|126.6;0;0;Convencional
IMD_45891;Asturias|N-632A|126.6|127.4;1;1;Convencional
IMD_45892;Asturias|N-632A|127.4|129.2;0;0;Convencional
IMD_45893;Asturias|N-632A|129.2|131;0;0;Convencional
IMD_45894;Asturias|N-632A|135.05|146.909;3;1;Convencional
IMD_45895;Asturias|N-632A|146.909|155.2;0;0;Convencional
IMD_45896;Asturias|N-632A|155.2|156.2;0;0;Convencional
IMD_45897;Asturias|N-632A|159.29|161.33;0;0;Convencional
IMD_45898;Asturias|N-633|0|1.3;3;1;Convencional
IMD_45899;Asturias|N-633|1.3|2;1;1;Convencional
IMD_45900;Asturias|N-633|2|2.14;0;0;Convencional
IMD_45901;Cantabria|N-634|136.1|136.4;;;Convencional
IMD_45902;Cantabria|N-634|136.4|138;;;Convencional
IMD_45903;Cantabria|N-634|138|138.7;;;Convencional
IMD_45904;Cantabria|N-634|138.7|139.2;;;Convencional
IMD_45905;Cantabria|N-634|139.2|140.83;;;Convencional
IMD_45906;Cantabria|N-634|140.83|142.3;;;Convencional
IMD_45907;Cantabria|N-634|148.9|151.1;;;Convencional
IMD_45908;Cantabria|N-634|151.1|154.1;;;Convencional
IMD_45909;Cantabria|N-634|154.1|157.5;;;Convencional
IMD_45910;Cantabria|N-634|157.5|158.7;;;Convencional
IMD_45911;Cantabria|N-634|158.7|159.8;;;Convencional
IMD_45912;Cantabria|N-634|159.8|162.3;;;Convencional
IMD_45913;Cantabria|N-634|162.3|162.63;;;Convencional
IMD_45914;Cantabria|N-634|167.27|168.2;;;Convencional
IMD_45915;Cantabria|N-634|168.2|169.1;;;Convencional
IMD_45916;Cantabria|N-634|169.1|169.5;;;Convencional
IMD_45917;Cantabria|N-634|171.1|171.3;;;Convencional
IMD_45918;Cantabria|N-634|173.635|174.4;;;Convencional
IMD_45919;Cantabria|N-634|174.4|175.4;;;Convencional
IMD_45920;Cantabria|N-634|175.4|177.5;;;Convencional
IMD_45921;Cantabria|N-634|177.5|179.7;;;Convencional
IMD_45922;Cantabria|N-634|179.7|180.1;;;Convencional
IMD_45923;Cantabria|N-634|180.1|182.2;;;Convencional
IMD_45924;Cantabria|N-634|182.2|184.8;;;Convencional
IMD_45925;Cantabria|N-634|184.8|185.2;;;Convencional
IMD_45926;Cantabria|N-634|185.2|188.3;;;Convencional
IMD_45927;Cantabria|N-634|188.3|191;;;Convencional
IMD_45928;Cantabria|N-634|191|191.6;;;Convencional
IMD_45929;Cantabria|N-634|191.6|191.9;;;Convencional
IMD_45930;Cantabria|N-634|191.9|193.1;;;Convencional
IMD_45931;Cantabria|N-634|193.1|193.7;;;Convencional
IMD_45932;Cantabria|N-634|193.7|194;;;Convencional
IMD_45933;Cantabria|N-634|194|194.8;;;Convencional
IMD_45934;Cantabria|N-634|194.8|195.6;;;Convencional
IMD_45935;Cantabria|N-634|195.6|196;;;Convencional
IMD_45936;Cantabria|N-634|196|196.6;;;Convencional
IMD_45937;Cantabria|N-634|196.6|198.8;;;Convencional
IMD_45938;Cantabria|N-634|202.19|202.893;;;Convencional
IMD_45939;Cantabria|N-634|233.1|234;;;Convencional
IMD_45940;Cantabria|N-634|234|234.6;;;Convencional
IMD_45941;Cantabria|N-634|234.6|240.6;;;Convencional
IMD_45942;Cantabria|N-634|240.6|242.1;;;Convencional
IMD_45943;Cantabria|N-634|242.1|242.7;;;Convencional
IMD_45944;Cantabria|N-634|242.7|244.2;;;Convencional
IMD_45945;Cantabria|N-634|244.2|245;;;Convencional
IMD_45946;Cantabria|N-634|245|247.15;;;Convencional
IMD_45947;Cantabria|N-634|247.15|249;;;Convencional
IMD_45948;Cantabria|N-634|249|249.2;;;Convencional
IMD_45949;Cantabria|N-634|249.2|249.9;;;Convencional
IMD_45950;Cantabria|N-634|249.9|254.5;;;Convencional
IMD_45951;Cantabria|N-634|254.5|256.5;;;Convencional
IMD_45952;Cantabria|N-634|256.5|259;;;Convencional
IMD_45953;Cantabria|N-634|259|260.6;;;Convencional
IMD_45954;Cantabria|N-634|260.6|265.2;;;Convencional
IMD_45955;Cantabria|N-634|265.2|267.6;;;Convencional
IMD_45956;Cantabria|N-634|267.6|268.1;;;Convencional
IMD_45957;Cantabria|N-634|268.1|275.4;;;Convencional
IMD_45958;Cantabria|N-634|275.4|276.8;;;Convencional
IMD_45959;Cantabria|N-634|276.8|277.1;;;Convencional
IMD_45960;Cantabria|N-634|277.1|279.15;;;Convencional
IMD_45961;Asturias|N-634|280.57|283.3;0;0;Convencional
IMD_45962;Asturias|N-634|283.3|283.5;2;1;Convencional
IMD_45963;Asturias|N-634|283.5|283.8;0;0;Convencional
IMD_45964;Asturias|N-634|283.8|284.4;0;0;Convencional
IMD_45965;Asturias|N-634|284.4|285;1;1;Convencional
IMD_45966;Asturias|N-634|285|289.1;0;0;Convencional
IMD_45967;Asturias|N-634|289.1|292.1;1;1;Convencional
IMD_45968;Asturias|N-634|292.1|295.2;1;1;Convencional
IMD_45969;Asturias|N-634|295.2|296.5;0;0;Convencional
IMD_45970;Asturias|N-634|296.5|297.4;0;0;Convencional
IMD_45971;Asturias|N-634|297.4|299.7;0;0;Convencional
IMD_45972;Asturias|N-634|299.7|301.25;0;0;Convencional
IMD_45973;Asturias|N-634|325.51|326.91;0;0;Convencional
IMD_45974;Asturias|N-634|326.91|341.4;8;1;Multicarril
IMD_45975;Asturias|N-634|341.4|344.7;0;0;Convencional
IMD_45976;Asturias|N-634|344.7|349.4;1;1;Convencional
IMD_45977;Asturias|N-634|349.4|351.8;3;1;Convencional
IMD_45978;Asturias|N-634|351.8|354.5;1;1;Convencional
IMD_45979;Asturias|N-634|354.5|355.1;0;0;Convencional
IMD_45980;Asturias|N-634|355.1|355.9;0;0;Convencional
IMD_45981;Asturias|N-634|355.9|360.3;1;1;Convencional
IMD_45982;Asturias|N-634|360.3|361.3;1;1;Convencional
IMD_45983;Asturias|N-634|361.3|365.1;0;0;Convencional
IMD_45984;Asturias|N-634|365.1|369.2;4;1;Convencional
IMD_45985;Asturias|N-634|369.2|370.8;0;0;Convencional
IMD_45986;Asturias|N-634|370.8|373.2;3;1;Convencional
IMD_45987;Asturias|N-634|373.2|373.3;1;1;Convencional
IMD_45988;Asturias|N-634|373.3|378;2;1;Convencional
IMD_45989;Asturias|N-634|378|378.4;0;0;Convencional
IMD_45990;Asturias|N-634|378.4|379.9;2;1;Convencional
IMD_45991;Asturias|N-634|379.9|382.2;2;1;Convencional
IMD_45992;Asturias|N-634|382.2|384;1;1;Convencional
IMD_45993;Asturias|N-634|384|384.7;0;0;Convencional
IMD_45994;Asturias|N-634|384.7|385.3;1;1;Convencional
IMD_45995;Asturias|N-634|385.3|388;0;0;Convencional
IMD_45996;Asturias|N-634|390.22|390.4;0;0;Convencional
IMD_45997;Asturias|N-634|390.4|393.2;6;1;Convencional
IMD_45998;Asturias|N-634|393.2|394;0;0;Convencional
IMD_45999;Asturias|N-634|394|397.8;7;1;Convencional
IMD_46000;Asturias|N-634|397.8|400;2;1;Convencional
IMD_46001;Asturias|N-634|400|400.758;0;0;Convencional
IMD_46002;Asturias|N-634|410.5|411.7;0;0;Convencional
IMD_46003;Asturias|N-634|411.7|418.4;0;0;Convencional
IMD_46004;Asturias|N-634|418.4|418.6;1;1;Convencional
IMD_46005;Asturias|N-634|418.6|418.7;0;0;Convencional
IMD_46006;Asturias|N-634|418.7|421.6;1;1;Convencional
IMD_46007;Asturias|N-634|421.6|423.8;0;0;Convencional
IMD_46008;Asturias|N-634|423.8|425.6;0;0;Convencional
IMD_46009;Asturias|N-634|425.6|429;0;0;Convencional
IMD_46010;Asturias|N-634|429|430;0;0;Convencional
IMD_46011;Asturias|N-634|430|431.5;1;1;Convencional
IMD_46012;Asturias|N-634|431.5|432.5;1;1;Convencional
IMD_46013;Asturias|N-634|432.5|433.6;0;0;Convencional
IMD_46014;Asturias|N-634|433.6|439.2;2;1;Convencional
IMD_46015;Asturias|N-634|439.2|442;0;0;Convencional
IMD_46016;Asturias|N-634|442|442.8;1;1;Convencional
IMD_46017;Asturias|N-634|442.8|443.6;1;1;Convencional
IMD_46018;Asturias|N-634|443.6|444.5;0;0;Convencional
IMD_46019;Asturias|N-634|444.5|448.2;0;0;Convencional
IMD_46020;Asturias|N-634|448.2|450.5;2;1;Convencional
IMD_46021;Asturias|N-634|450.5|451;0;0;Convencional
IMD_46022;Asturias|N-634|456.6|461.5;2;1;Convencional
IMD_46023;Asturias|N-634|461.5|464.3;1;1;Convencional
IMD_46024;Asturias|N-634|464.67|474.8;0;0;Convencional
IMD_46025;Asturias|N-634|474.8|481.3;0;0;Convencional
IMD_46026;Asturias|N-634|481.3|484.6;0;0;Convencional
IMD_46027;Asturias|N-634|484.6|484.7;0;0;Convencional
IMD_46028;Asturias|N-634|484.7|489.4;1;1;Convencional
IMD_46029;Asturias|N-634|489.4|495.1;0;0;Convencional
IMD_46030;Asturias|N-634|495.1|501.2;0;0;Convencional
IMD_46031;Asturias|N-634|501.2|503.1;2;1;Convencional
IMD_46032;Asturias|N-634|503.1|505.3;0;0;Convencional
IMD_46033;Asturias|N-634|505.3|507.4;0;0;Convencional
IMD_46034;Asturias|N-634|507.4|508.7;0;0;Convencional
IMD_46035;Asturias|N-634|508.7|512.4;1;1;Convencional
IMD_46036;Asturias|N-634|512.4|515.4;1;1;Convencional
IMD_46037;Asturias|N-634|515.4|517.3;0;0;Convencional
IMD_46038;Asturias|N-634|524.895|527.3;1;1;Convencional
IMD_46039;Asturias|N-634|527.3|528.6;0;0;Convencional
IMD_46040;Asturias|N-634|528.6|530.4;0;0;Convencional
IMD_46041;Asturias|N-634|530.4|532;0;0;Convencional
IMD_46042;Asturias|N-634|532|535.9;0;0;Convencional
IMD_46043;Asturias|N-634|535.9|540.8;1;1;Convencional
IMD_46044;Asturias|N-634|540.8|543.1;0;0;Convencional
IMD_46045;Asturias|N-634|543.1|546.8;0;0;Convencional
IMD_46046;Asturias|N-634|546.8|547.5;1;1;Convencional
IMD_46047;Asturias|N-634|547.5|548.5;0;0;Convencional
IMD_46048;Lugo|N-634|555.43|556.1;0;0;Convencional
IMD_46049;Lugo|N-634|556.1|558.4;0;0;Convencional
IMD_46050;Lugo|N-634|558.4|560.2;0;0;Convencional
IMD_46051;Lugo|N-634|560.2|560.8;0;0;Convencional
IMD_46052;Lugo|N-634|560.8|561.8;0;0;Convencional
IMD_46053;Lugo|N-634|561.8|562.4;0;0;Convencional
IMD_46054;Lugo|N-634|562.4|564.2;0;0;Convencional
IMD_46055;Lugo|N-634|564.2|565.95;0;0;Convencional
IMD_46056;Lugo|N-634|565.95|566.7;0;0;Convencional
IMD_46057;Lugo|N-634|566.7|567.4;0;0;Convencional
IMD_46058;Lugo|N-634|567.4|567.9;0;0;Convencional
IMD_46059;Lugo|N-634|567.9|569.1;0;0;Convencional
IMD_46060;Lugo|N-634|569.1|570.8;0;0;Convencional
IMD_46061;Lugo|N-634|570.8|571.6;0;0;Convencional
IMD_46062;Lugo|N-634|571.6|576.9;0;0;Convencional
IMD_46063;Lugo|N-634|576.9|581.2;1;1;Convencional
IMD_46064;Lugo|N-634|581.2|581.7;0;0;Convencional
IMD_46065;Lugo|N-634|581.7|583.1;0;0;Convencional
IMD_46066;Lugo|N-634|583.1|585.6;0;0;Convencional
IMD_46067;Lugo|N-634|585.6|586.1;0;0;Convencional
IMD_46068;Lugo|N-634|586.1|586.7;0;0;Convencional
IMD_46069;Lugo|N-634|586.7|588.8;0;0;Convencional
IMD_46070;Lugo|N-634|588.8|591.5;0;0;Convencional
IMD_46071;Lugo|N-634|591.5|600.6;1;1;Convencional
IMD_46072;Lugo|N-634|600.6|605.95;0;0;Convencional
IMD_46073;Lugo|N-634|605.95|607.7;0;0;Convencional
IMD_46074;Lugo|N-634|607.7|609.3;0;0;Convencional
IMD_46075;Lugo|N-634|609.3|610;0;0;Convencional
IMD_46076;Lugo|N-634|610|611.5;0;0;Convencional
IMD_46077;Lugo|N-634|611.5|611.9;0;0;Convencional
IMD_46078;Lugo|N-634|611.9|612.2;0;0;Convencional
IMD_46079;Lugo|N-634|612.2|613.2;1;1;Convencional
IMD_46080;Lugo|N-634|613.2|613.6;0;0;Convencional
IMD_46081;Lugo|N-634|613.6|615.1;0;0;Convencional
IMD_46082;Lugo|N-634|615.1|615.4;0;0;Convencional
IMD_46083;Lugo|N-634|615.4|618.8;0;0;Convencional
IMD_46084;Lugo|N-634|618.8|623.1;0;0;Convencional
IMD_46085;Lugo|N-634|623.1|625.1;1;1;Convencional
IMD_46086;Lugo|N-634|625.1|632.9;0;0;Convencional
IMD_46087;Lugo|N-634|632.9|634.8;0;0;Convencional
IMD_46088;Lugo|N-634|634.8|639.5;0;0;Convencional
IMD_46089;Lugo|N-634|639.5|640.42;0;0;Convencional
IMD_46090;Lugo|N-634|656.4|657.98;0;0;Convencional
IMD_46091;A Coruña|N-634|657.98|666.4;2;1;Convencional
IMD_46092;A Coruña|N-634|666.4|670.5;3;1;Convencional
IMD_46093;A Coruña|N-634|670.5|675.8;0;0;Convencional
IMD_46094;A Coruña|N-634|675.8|676.7;0;0;Convencional
IMD_46095;A Coruña|N-634|676.7|677.9;1;1;Convencional
IMD_46096;A Coruña|N-634|677.9|682.2;1;1;Convencional
IMD_46097;A Coruña|N-634|682.2|682.7;0;0;Convencional
IMD_46098;A Coruña|N-634|682.7|688.8;1;1;Convencional
IMD_46099;A Coruña|N-634|688.8|692.9;0;0;Convencional
IMD_46100;A Coruña|N-634|692.9|696.3;0;0;Convencional
IMD_46101;A Coruña|N-634|696.3|701.9;1;1;Convencional
IMD_46102;A Coruña|N-634|701.9|709.11;3;1;Convencional
IMD_46103;Asturias|N-634A|450.5|459.6;1;1;Convencional
IMD_46104;Asturias|N-634A|459.6|463;0;0;Convencional
IMD_46105;Asturias|N-634A|463|464.67;0;0;Convencional
IMD_46106;A Coruña|N-634A|688.755|690.76;0;0;Convencional
IMD_46107;Asturias|N-634R|382.21|384.5;0;0;Convencional
IMD_46108;Cantabria|N-635|7.19|7.7;1;1;Convencional
IMD_46109;Cantabria|N-635|7.7|8.1;0;0;Convencional
IMD_46110;Cantabria|N-635|8.1|10.7;0;0;Convencional
IMD_46111;Cantabria|N-635|10.7|12.04;0;0;Convencional
IMD_46112;Cantabria|N-636|0|0.418;1;1;Convencional
IMD_46113;Asturias|N-640|0.17|0.68;0;0;Convencional
IMD_46114;Asturias|N-640|0.68|11.8;2;1;Convencional
IMD_46115;Asturias|N-640|11.8|11.9;0;0;Convencional
IMD_46116;Asturias|N-640|11.9|12;0;0;Convencional
IMD_46117;Asturias|N-640|12|13.3;0;0;Convencional
IMD_46118;Lugo|N-640|13.3|13.4;0;0;Convencional
IMD_46119;Lugo|N-640|13.4|15.1;0;0;Convencional
IMD_46120;Lugo|N-640|15.1|16.6;0;0;Convencional
IMD_46121;Lugo|N-640|16.6|19.4;1;1;Convencional
IMD_46122;Lugo|N-640|19.4|23.06;0;0;Convencional
IMD_46123;Asturias|N-640|23.06|25.1;0;0;Convencional
IMD_46124;Asturias|N-640|25.1|30.36;0;0;Convencional
IMD_46125;Lugo|N-640|30.36|30.9;0;0;Convencional
IMD_46126;Lugo|N-640|30.9|36.2;0;0;Convencional
IMD_46127;Lugo|N-640|36.2|38.6;0;0;Convencional
IMD_46128;Lugo|N-640|38.6|40.2;0;0;Convencional
IMD_46129;Lugo|N-640|40.2|42.7;0;0;Convencional
IMD_46130;Lugo|N-640|42.7|47.5;0;0;Convencional
IMD_46131;Lugo|N-640|47.5|52.1;3;1;Convencional
IMD_46132;Lugo|N-640|52.1|55;0;0;Convencional
IMD_46133;Lugo|N-640|55|56.5;0;0;Convencional
IMD_46134;Lugo|N-640|56.5|58.5;0;0;Convencional
IMD_46135;Lugo|N-640|58.5|59.9;0;0;Convencional
IMD_46136;Lugo|N-640|59.9|60.6;0;0;Convencional
IMD_46137;Lugo|N-640|60.6|65.6;1;1;Convencional
IMD_46138;Lugo|N-640|65.6|68;0;0;Convencional
IMD_46139;Lugo|N-640|68|69.7;1;1;Convencional
IMD_46140;Lugo|N-640|69.7|72.9;1;1;Convencional
IMD_46141;Lugo|N-640|72.9|77.1;0;0;Convencional
IMD_46142;Lugo|N-640|77.1|80;0;0;Convencional
IMD_46143;Lugo|N-640|80|84.43;1;1;Convencional
IMD_46144;Lugo|N-640|84.43|88.1;2;1;Convencional
IMD_46145;Lugo|N-640|88.1|89.5;0;0;Multicarril
IMD_46146;Lugo|N-640|89.5|91.1;0;0;Convencional
IMD_46147;Lugo|N-640|91.1|92.12;0;0;Convencional
IMD_46148;Lugo|N-640|92.12|92.54;0;0;Multicarril
IMD_46149;Lugo|N-640|92.54|93.03;0;0;Convencional
IMD_46150;Lugo|N-640|121.92|131.8;1;1;Convencional
IMD_46151;Lugo|N-640|131.8|144.35;2;1;Convencional
IMD_46152;Pontevedra|N-640|144.35|148.6;2;1;Convencional
IMD_46153;Pontevedra|N-640|148.6|148.8;0;0;Convencional
IMD_46154;Pontevedra|N-640|148.8|157.9;3;1;Convencional
IMD_46155;Pontevedra|N-640|157.9|163.6;0;0;Convencional
IMD_46156;Pontevedra|N-640|163.6|164.7;0;0;Convencional
IMD_46157;Pontevedra|N-640|182.915|184.5;0;0;Convencional
IMD_46158;Pontevedra|N-640|184.5|186;0;0;Convencional
IMD_46159;Pontevedra|N-640|186|186.8;0;0;Convencional
IMD_46160;Pontevedra|N-640|186.8|187;0;0;Convencional
IMD_46161;Pontevedra|N-640|187|193.6;0;0;Convencional
IMD_46162;Pontevedra|N-640|193.6|195;0;0;Convencional
IMD_46163;Pontevedra|N-640|195|195.5;0;0;Convencional
IMD_46164;Pontevedra|N-640|195.5|196;0;0;Convencional
IMD_46165;Pontevedra|N-640|196|197;0;0;Convencional
IMD_46166;Pontevedra|N-640|197|198;1;1;Convencional
IMD_46167;Pontevedra|N-640|198|200.8;1;1;Convencional
IMD_46168;Pontevedra|N-640|200.8|203.1;1;1;Convencional
IMD_46169;Pontevedra|N-640|203.1|204.6;4;1;Convencional
IMD_46170;Pontevedra|N-640|204.6|207.9;4;1;Convencional
IMD_46171;Pontevedra|N-640|207.9|208.5;0;0;Convencional
IMD_46172;Pontevedra|N-640|208.5|210.9;2;1;Convencional
IMD_46173;Pontevedra|N-640|210.9|211.1;0;0;Convencional
IMD_46174;Pontevedra|N-640|211.1|213.2;1;1;Convencional
IMD_46175;Pontevedra|N-640|213.2|214.6;0;0;Convencional
IMD_46176;Pontevedra|N-640|214.6|216.3;0;0;Convencional
IMD_46177;Pontevedra|N-640|216.3|217.1;0;0;Convencional
IMD_46178;Pontevedra|N-640|217.1|222.5;1;1;Convencional
IMD_46179;Pontevedra|N-640|222.5|223.1;2;1;Convencional
IMD_46180;Pontevedra|N-640|223.1|224.88;1;1;Convencional
IMD_46181;Pontevedra|N-640|225.35|229.2;4;1;Convencional
IMD_46182;Pontevedra|N-640|229.2|229.5;0;0;Convencional
IMD_46183;Pontevedra|N-640|229.5|233;1;1;Convencional
IMD_46184;Pontevedra|N-640|233|237.4;2;1;Convencional
IMD_46185;Pontevedra|N-640|237.4|238.5;0;0;Convencional
IMD_46186;Pontevedra|N-640|238.5|239.55;1;1;Convencional
IMD_46187;Pontevedra|N-640A|233.4|237.2;6;1;Convencional
IMD_46188;Pontevedra|N-640A|237.2|238.7;9;1;Convencional
IMD_46189;Asturias|N-641|0|2.51;0;0;Multicarril
IMD_46190;Lugo|N-642|0|0.2;0;0;Convencional
IMD_46191;Lugo|N-642|0.2|2.8;1;1;Convencional
IMD_46192;Lugo|N-642|2.8|10.3;0;0;Convencional
IMD_46193;Lugo|N-642|10.3|10.87;1;1;Convencional
IMD_46194;Lugo|N-642|26.95|30.4;1;1;Convencional
IMD_46195;Lugo|N-642|30.4|35.9;2;1;Convencional
IMD_46196;Lugo|N-642|35.9|37.7;0;0;Convencional
IMD_46197;Lugo|N-642|37.7|39.3;0;0;Convencional
IMD_46198;Lugo|N-642|39.3|48.3;5;1;Convencional
IMD_46199;Lugo|N-642|48.3|52;1;1;Convencional
IMD_46200;Lugo|N-642|52|54.4;1;1;Convencional
IMD_46201;Lugo|N-642|54.4|55;1;1;Convencional
IMD_46202;Asturias|N-643|0|0.8;0;0;Convencional
IMD_46203;Asturias|N-643|0.8|1.4;0;0;Convencional
IMD_46204;Asturias|N-643|1.4|2.14;1;1;Convencional
IMD_46205;A Coruña|N-651|0|0.6;0;0;Convencional
IMD_46206;A Coruña|N-651|0.6|1;0;0;Convencional
IMD_46207;A Coruña|N-651|1|6.9;1;1;Convencional
IMD_46208;A Coruña|N-651|6.9|7.5;0;0;Convencional
IMD_46209;A Coruña|N-651|7.5|8.6;2;1;Convencional
IMD_46210;A Coruña|N-651|8.6|10.6;0;0;Convencional
IMD_46211;A Coruña|N-651|10.6|16.8;2;1;Convencional
IMD_46212;A Coruña|N-651|16.8|17.3;0;0;Convencional
IMD_46213;A Coruña|N-651|17.3|17.9;0;0;Convencional
IMD_46214;A Coruña|N-651|17.9|20.1;0;0;Convencional
IMD_46215;A Coruña|N-651|20.1|20.8;0;0;Convencional
IMD_46216;A Coruña|N-651|20.8|21.1;1;1;Convencional
IMD_46217;A Coruña|N-651|21.1|22;1;1;Convencional
IMD_46218;A Coruña|N-651|22|26;1;1;Convencional
IMD_46219;A Coruña|N-651|26|27;0;0;Convencional
IMD_46220;A Coruña|N-651|27|27.6;0;0;Convencional
IMD_46221;A Coruña|N-651|27.6|27.85;1;1;Convencional
IMD_46222;A Coruña|N-651|27.85|28.46;0;0;Multicarril
IMD_46223;A Coruña|N-651|28.46|30;2;1;Convencional
IMD_46224;A Coruña|N-651|30|30.64;1;1;Convencional
IMD_46225;A Coruña|N-655|0|4.7;1;1;Convencional
IMD_46226;A Coruña|N-655|4.7|10.371;0;0;Convencional
IMD_46227;A Coruña|N-655|10.371|14.89;0;0;Convencional
IMD_46228;Lugo|N-6A|459.6|462.7;0;0;Convencional
IMD_46229;Lugo|N-6A|462.7|467;0;0;Convencional
IMD_46230;A Coruña|N-6A|579.245|580.115;0;0;Convencional
IMD_46231;A Coruña|N-6A|583.06|583.1;0;0;Convencional
IMD_46232;A Coruña|N-6A|583.1|584.2;0;0;Convencional
IMD_46233;A Coruña|N-6A|584.2|585.625;1;1;Convencional
IMD_46234;Asturias|O-11|0|1.41;0;0;Autovía
IMD_46235;Asturias|O-12|0|1.36;0;0;Autovía
IMD_46236;Asturias|O-14|25.5|25.98;0;0;Autovía
IMD_46237;Ourense|OU-11|0|2;1;1;Multicarril
IMD_46238;Palencia|P-11|0|0.4;0;0;Autovía
IMD_46239;Palencia|P-11|0.4|4.8;0;0;Autovía
IMD_46240;Palencia|P-12|0|2.1;0;0;Convencional
IMD_46241;Palencia|P-12|2.1|3.4;0;0;Convencional
IMD_46242;Palencia|P-12|3.4|5.24;1;1;Convencional
IMD_46243;Pontevedra|PO-10|0|1;3;1;Autovía
IMD_46244;Pontevedra|PO-10|1|1.667;0;0;Convencional
IMD_46245;Pontevedra|PO-11|0|0.1;0;0;Autovía
IMD_46246;Pontevedra|PO-11|0.1|1.26;0;0;Autovía
IMD_46247;Pontevedra|PO-11|1.26|3.63;2;1;Multicarril
IMD_46248;Pontevedra|PO-11|4.251|5.574;0;0;Convencional
IMD_46249;Pontevedra|PO-12|0|0.82;0;0;Multicarril
IMD_46250;Ciudad Real|PT-10|0|0.9;0;0;Autovía
IMD_46251;Ciudad Real|PT-10|0.9|2.85;0;0;Autovía
IMD_46252;Madrid|R-2|0|3.8;1;1;Autopista de peaje
IMD_46253;Madrid|R-2|3.8|6.1;0;0;Autopista de peaje
IMD_46254;Madrid|R-2|6.1|8.6;0;0;Autopista de peaje
IMD_46255;Madrid|R-2|8.6|10.52;0;0;Autopista de peaje
IMD_46256;Madrid|R-2|15.57|24.4;0;0;Autopista de peaje
IMD_46257;Madrid|R-2|24.4|33.3;2;1;Autopista de peaje
IMD_46258;Madrid|R-2|33.3|38.1;1;1;Autopista de peaje
IMD_46259;Guadalajara|R-2|38.1|43.9;3;1;Autopista de peaje
IMD_46260;Guadalajara|R-2|43.9|54.1;0;0;Autopista de peaje
IMD_46261;Guadalajara|R-2|54.1|59.7;2;1;Autopista de peaje
IMD_46262;Guadalajara|R-2|59.7|61.7;0;0;Autopista de peaje
IMD_46263;Madrid|R-3|0|3.4;0;0;Autopista de peaje
IMD_46264;Madrid|R-3|3.4|7.3;3;1;Autopista de peaje
IMD_46265;Madrid|R-3|7.3|11.8;2;1;Autopista de peaje
IMD_46266;Madrid|R-3|11.8|20.2;1;1;Autopista de peaje
IMD_46267;Madrid|R-3|20.2|29.49;1;1;Autopista de peaje
IMD_46268;Madrid|R-4|0|1.8;0;0;Autopista de peaje
IMD_46269;Madrid|R-4|1.8|3.6;0;0;Autopista de peaje
IMD_46270;Madrid|R-4|3.6|11.8;5;1;Autopista de peaje
IMD_46271;Madrid|R-4|11.8|18;1;1;Autopista de peaje
IMD_46272;Toledo|R-4|18|21.8;0;0;Autopista de peaje
IMD_46273;Toledo|R-4|21.8|29;1;1;Autopista de peaje
IMD_46274;Toledo|R-4|29|30.45;0;0;Autopista de peaje
IMD_46275;Madrid|R-4|30.45|31.8;0;0;Autopista de peaje
IMD_46276;Madrid|R-4|31.8|37.28;2;1;Autopista de peaje
IMD_46277;Toledo|R-4|37.28|38.4;0;0;Autopista de peaje
IMD_46278;Toledo|R-4|38.4|45.6;1;1;Autopista de peaje
IMD_46279;Toledo|R-4|45.6|52.73;0;0;Autopista de peaje
IMD_46280;Madrid|R-5|0|0.333;0;0;Autopista de peaje
IMD_46281;Madrid|R-5|0.333|1.9;0;0;Autopista de peaje
IMD_46282;Madrid|R-5|1.9|7.9;1;1;Autopista de peaje
IMD_46283;Madrid|R-5|7.9|10.2;0;0;Autopista de peaje
IMD_46284;Madrid|R-5|10.2|15.9;0;0;Autopista de peaje
IMD_46285;Madrid|R-5|15.9|19.4;1;1;Autopista de peaje
IMD_46286;Madrid|R-5|19.4|25.026;1;1;Autopista de peaje
IMD_46287;Madrid|R-5|25.026|27.9;1;1;Autopista de peaje
IMD_46288;Madrid|R-5|27.9|31.63;1;1;Autopista de peaje
IMD_46289;Cantabria|S-10|0|1.1;0;0;Autovía
IMD_46290;Cantabria|S-10|1.1|2.8;16;1;Autovía
IMD_46291;Cantabria|S-10|2.8|7;8;1;Autovía
IMD_46292;Cantabria|S-10|7|9.007;3;1;Autovía
IMD_46293;Cantabria|S-10|9.007|11.7;3;1;Autovía
IMD_46294;Cantabria|S-10|11.7|13.4;3;1;Autovía
IMD_46295;Cantabria|S-10|13.4|14.17;3;1;Autovía
IMD_46296;Cantabria|S-20|0|3.5;3;1;Autovía
IMD_46297;Cantabria|S-20|3.5|5.4;2;1;Autovía
IMD_46298;Cantabria|S-21|0|0.39;0;0;Autovía
IMD_46299;Cantabria|S-30|0|1.2;0;0;Autovía
IMD_46300;Cantabria|S-30|1.2|2.4;0;0;Autovía
IMD_46301;Cantabria|S-30|2.4|4;1;1;Autovía
IMD_46302;Cantabria|S-30|4|5.8;1;1;Autovía
IMD_46303;Cantabria|S-30|5.8|8.4;0;0;Autovía
IMD_46304;Cantabria|S-30|8.4|10.8;0;0;Autovía
IMD_46305;Cantabria|S-30|10.8|13.2;0;0;Autovía
IMD_46306;Salamanca|SA-11|336.1|336.83;0;0;Multicarril
IMD_46307;Salamanca|SA-11|336.83|338.64;0;0;Convencional
IMD_46308;Salamanca|SA-20|91.83|94.2;;;Multicarril
IMD_46309;Salamanca|SA-20|94.2|95.4;;;Multicarril
IMD_46310;Salamanca|SA-20|95.4|96.14;;;Multicarril
IMD_46311;A Coruña|SC-11|0|1.2;0;0;Multicarril
IMD_46312;A Coruña|SC-11|1.2|2.27;0;0;Multicarril
IMD_46313;A Coruña|SC-20|0|1;0;0;Multicarril
IMD_46314;A Coruña|SC-20|1|2;0;0;Multicarril
IMD_46315;A Coruña|SC-20|2|2.5;0;0;Multicarril
IMD_46316;A Coruña|SC-20|2.5|4.152;0;0;Multicarril
IMD_46317;A Coruña|SC-20|4.152|6.9;0;0;Multicarril
IMD_46318;A Coruña|SC-20|6.9|8.2;0;0;Multicarril
IMD_46319;A Coruña|SC-20|8.2|9.7;1;1;Multicarril
IMD_46320;A Coruña|SC-20|9.7|10.35;5;1;Multicarril
IMD_46321;A Coruña|SC-21|0|1.195;0;0;Autovía
IMD_46322;A Coruña|SC-30|400.55|402.25;0;0;Autovía
IMD_46323;Sevilla|SE-30|0|2;15;1;Autovía
IMD_46324;Sevilla|SE-30|2|6.1;26;1;Autovía
IMD_46325;Sevilla|SE-30|6.1|8.2;4;1;Autovía
IMD_46326;Sevilla|SE-30|8.2|9.1;4;1;Autovía
IMD_46327;Sevilla|SE-30|9.1|14;29;1;Autovía
IMD_46328;Sevilla|SE-30|14|15.3;27;1;Autovía
IMD_46329;Sevilla|SE-30|15.3|15.5;2;1;Autovía
IMD_46330;Sevilla|SE-30|15.5|16.6;7;1;Autovía
IMD_46331;Sevilla|SE-30|16.6|17.1;3;1;Autovía
IMD_46332;Sevilla|SE-30|17.1|19.3;5;1;Autovía
IMD_46333;Sevilla|SE-30|19.3|19.9;3;1;Autovía
IMD_46334;Sevilla|SE-30|19.9|22.2;13;1;Autovía
IMD_46335;Sevilla|SE-30|22.2|22.45;0;0;Autovía
IMD_46336;Sevilla|SE-31|0|7.473;4;1;Multicarril
IMD_46337;Sevilla|SE-40|0|7.2;0;0;Autovía
IMD_46338;Sevilla|SE-40|7.2|13.3;3;1;Autovía
IMD_46339;Sevilla|SE-40|13.3|18.6;1;1;Autovía
IMD_46340;Sevilla|SE-40|18.6|21.6;2;1;Autovía
IMD_46341;Sevilla|SE-40|21.6|23.2;1;1;Autovía
IMD_46342;Sevilla|SE-40|28.21|34.2;1;1;Autovía
IMD_46343;Sevilla|SE-40|34.2|34.882;0;0;Autovía
IMD_46344;Sevilla|SE-40|34.882|40.9;1;1;Autovía
IMD_46345;Sevilla|SE-40|40.9|42.823;2;1;Autovía
IMD_46346;Segovia|SG-20|0|3.1;1;1;Autovía
IMD_46347;Segovia|SG-20|3.1|5.4;0;0;Autovía
IMD_46348;Segovia|SG-20|5.4|8.2;1;1;Autovía
IMD_46349;Segovia|SG-20|8.2|9.8;2;1;Autovía
IMD_46350;Segovia|SG-20|9.8|13.95;2;1;Autovía
IMD_46351;Segovia|SG-20|13.95|15.53;1;1;Autovía
IMD_46352;Soria|SO-20|0|4.5;0;0;Autovía
IMD_46353;Soria|SO-20|4.5|7.8;0;0;Autovía
IMD_46354;Soria|SO-20|7.8|8.9;0;0;Autovía
IMD_46355;Soria|SO-20|8.9|11.7;3;1;Convencional
IMD_46356;Soria|SO-20|11.7|14.12;0;0;Multicarril
IMD_46357;Soria|SO-20|14.12|18.5;0;0;Convencional
IMD_46358;Soria|SO-20|18.5|21.2;0;0;Convencional
IMD_46359;Soria|SO-20|21.2|22;1;1;Convencional
IMD_46360;Soria|SO-20|22|22.54;0;0;Convencional
IMD_46361;Tarragona|T-11|0|2.7;3;1;Autovía
IMD_46362;Tarragona|T-11|2.7|4.7;6;1;Autovía
IMD_46363;Tarragona|T-11|4.7|7.2;7;1;Autovía
IMD_46364;Tarragona|T-11|7.2|9.3;3;1;Autovía
IMD_46365;Tarragona|T-11|9.3|9.8;0;0;Autovía
IMD_46366;Tarragona|T-11|9.8|12.2;5;1;Autovía
IMD_46367;Tarragona|T-11|12.2|13.2;6;1;Autovía
IMD_46368;Tarragona|T-11|13.2|14.7;3;1;Autovía
IMD_46369;Tarragona|T-11|14.7|17.4;33;1;Multicarril
IMD_46370;Tarragona|T-11|17.4|17.918;10;1;Multicarril
IMD_46371;Toledo|TO-20|0|0.653;1;1;Multicarril
IMD_46372;Toledo|TO-21|0|4;0;0;Autovía
IMD_46373;Toledo|TO-21|4|5.75;2;1;Autovía
IMD_46374;Toledo|TO-22|0|1.1;0;0;Autovía
IMD_46375;Toledo|TO-22|1.1|8.3;0;0;Autovía
IMD_46376;Toledo|TO-22|8.3|10.9;1;1;Autovía
IMD_46377;Toledo|TO-23|-0.37|0;0;0;Multicarril
IMD_46378;Toledo|TO-23|0|7.055;12;1;Multicarril
IMD_46379;Valencia|V-11|0|1.65;1;1;Autovía
IMD_46380;Valencia|V-21|0|8.5;8;1;Autovía
IMD_46381;Valencia|V-21|8.5|14.1;14;1;Autovía
IMD_46382;Valencia|V-21|14.1|18.8;12;1;Autovía
IMD_46383;Valencia|V-23|0|0.3;0;0;Autovía
IMD_46384;Valencia|V-23|0.3|1.539;2;1;Autovía
IMD_46385;Valencia|V-23|1.539|4.8;3;1;Autovía
IMD_46386;Valencia|V-23|4.8|8.7;6;1;Autovía
IMD_46387;Valencia|V-23|8.7|9.79;0;0;Multicarril
IMD_46388;Valencia|V-23|9.79|10.54;2;1;Convencional
IMD_46389;Valencia|V-30|0|2.7;12;1;Autovía
IMD_46390;Valencia|V-30|2.7|4.7;5;1;Autovía
IMD_46391;Valencia|V-30|4.7|6.8;16;1;Autovía
IMD_46392;Valencia|V-30|6.8|8.9;17;1;Autovía
IMD_46393;Valencia|V-30|8.9|9.7;9;1;Autovía
IMD_46394;Valencia|V-30|9.7|10.5;12;1;Autovía
IMD_46395;Valencia|V-30|10.5|12.3;7;1;Autovía
IMD_46396;Valencia|V-30|12.3|14.2;4;1;Autovía
IMD_46397;Valencia|V-30|14.2|16.3;4;1;Autovía
IMD_46398;Valencia|V-30|16.3|17.4;1;1;Autovía
IMD_46399;Valencia|V-31|0|1.292;2;1;Autovía
IMD_46400;Valencia|V-31|1.292|2.1;2;1;Autovía
IMD_46401;Valencia|V-31|2.1|6.4;13;1;Autovía
IMD_46402;Valencia|V-31|6.4|9.4;17;1;Autovía
IMD_46403;Valencia|V-31|9.4|10.4;12;1;Autovía
IMD_46404;Valencia|V-31|10.4|12;28;1;Autovía
IMD_46405;Valencia|V-31|12|13;14;1;Autovía
IMD_46406;Valencia|V-31R|0|2;7;1;Multicarril
IMD_46407;Valencia|V-31R|2|3.33;5;1;Multicarril
IMD_46408;Valladolid|VA-20|0|1;1;1;Multicarril
IMD_46409;Valladolid|VA-20|1|2.6;1;1;Multicarril
IMD_46410;Valladolid|VA-20|2.6|4.2;0;0;Multicarril
IMD_46411;Valladolid|VA-20|4.2|5.7;0;0;Multicarril
IMD_46412;Valladolid|VA-20|5.7|7.6;0;0;Multicarril
IMD_46413;Valladolid|VA-20|7.6|10.7;0;0;Multicarril
IMD_46414;Valladolid|VA-30|0|2.6;0;0;Autovía
IMD_46415;Valladolid|VA-30|2.6|7.6;1;1;Autovía
IMD_46416;Valladolid|VA-30|7.6|12.2;1;1;Autovía
IMD_46417;Valladolid|VA-30|12.2|13.4;1;1;Autovía
IMD_46418;Valladolid|VA-30|13.4|14.888;4;1;Autovía
IMD_46419;Valladolid|VA-30|14.888|15.2;1;1;Autovía
IMD_46420;Valladolid|VA-30|15.2|17.5;4;1;Autovía
IMD_46421;Valladolid|VA-30|17.5|21.85;7;1;Autovía
IMD_46422;Pontevedra|VG-20|0|2.08;7;1;Multicarril
IMD_46423;Pontevedra|VG-20|2.08|5;6;1;Autovía
IMD_46424;Pontevedra|VG-20|5|10;3;1;Autovía
IMD_46425;Pontevedra|VG-20|10|13.4;5;1;Autovía
IMD_46426;Zaragoza|Z-40|13.56|14.4;1;1;Autovía
IMD_46427;Zaragoza|Z-40|14.4|19.8;4;1;Autovía
IMD_46428;Zaragoza|Z-40|19.8|27.6;13;1;Autovía
IMD_46429;Zaragoza|Z-40|27.6|30.2;5;1;Autovía
IMD_46430;Zaragoza|Z-40|30.2|32.5;3;1;Autovía
IMD_46431;Zaragoza|Z-40|32.5|33.1;0;0;Autovía
IMD_46432;Zaragoza|Z-40|33.1|34.17;2;1;Autovía
IMD_46433;Zamora|ZA-11|0|2.535;0;0;Multicarril
IMD_46434;Zamora|ZA-12|0|1.985;0;0;Multicarril
IMD_46435;Zamora|ZA-12|1.985|3;0;0;Autovía
IMD_46436;Zamora|ZA-12|3|3.785;0;0;Autovía
IMD_46437;Zamora|ZA-13|0|1;0;0;Multicarril
IMD_46438;Zamora|ZA-13|1|2.6;0;0;Multicarril
IMD_46439;Zamora|ZA-13|2.6|3.97;0;0;Multicarril
IMD_46440;Zamora|ZA-20|0|0.9;0;0;Multicarril
IMD_46441;Zamora|ZA-20|0.9|1.9;0;0;Multicarril
IMD_46442;Zamora|ZA-20|1.9|4;0;0;Multicarril
IMD_46443;Zamora|ZA-20|4|5.25;0;0;Multicarril
